========================================
 DMFT job started
 Host      : SS-SERVER2
 Job ID    : 339
 Tasks     : 16
 Start     : Tuesday 03 February 2026 06:26:04 PM IST
========================================

╔╦╗╦═╗╦╔═╗ ╔═╗  ┌─┐┌┬┐┬ ┬┬ ┬┌┐ 
 ║ ╠╦╝║║═╬╗╚═╗  │   │ ├─┤└┬┘├┴┐
 ╩ ╩╚═╩╚═╝╚╚═╝  └─┘ ┴ ┴ ┴ ┴ └─┘

!-------------------------------------------------------------------------------------------!
! WARNING: S.G0_iw violates fundamental Green Function property G0(iw)[i,j] = G0(-iw)*[j,i] !
! Symmetrizing S.G0_iw ...                                                                  !
!-------------------------------------------------------------------------------------------!


╔╦╗╦═╗╦╔═╗ ╔═╗  ┌─┐┌┬┐┬ ┬┬ ┬┌┐ 
 ║ ╠╦╝║║═╬╗╚═╗  │   │ ├─┤└┬┘├┴┐
 ╩ ╩╚═╩╚═╝╚╚═╝  └─┘ ┴ ┴ ┴ ┴ └─┘

!-------------------------------------------------------------------------------------------!
! WARNING: S.G0_iw violates fundamental Green Function property G0(iw)[i,j] = G0(-iw)*[j,i] !
! Symmetrizing S.G0_iw ...                                                                  !
!-------------------------------------------------------------------------------------------!

Warning! Delta_tau diagonal term has max imaginary part: 1.13249e-06Disregarding imaginary part 
Warning! Delta_tau diagonal term has max imaginary part: 1.19209e-06Disregarding imaginary part 
Warning! Delta_tau diagonal term has max imaginary part: 1.07288e-06Disregarding imaginary part 
Warning! Delta_tau diagonal term has max imaginary part: 1.07288e-06Disregarding imaginary part 
Warning! Delta_tau diagonal term has max imaginary part: 1.19209e-06Disregarding imaginary part 
Warning! Delta_tau diagonal term has max imaginary part: 1.2517e-06Disregarding imaginary part 
Warning! Delta_tau diagonal term has max imaginary part: 9.53674e-07Disregarding imaginary part 
Warning! Delta_tau diagonal term has max imaginary part: 1.19209e-06Disregarding imaginary part 
Warning! Delta_tau diagonal term has max imaginary part: 1.13249e-06Disregarding imaginary part 
Warning! Delta_tau diagonal term has max imaginary part: 1.01328e-06Disregarding imaginary part 
Warning! Delta_tau diagonal term has max imaginary part: 1.13249e-06Disregarding imaginary part 
Warning! Delta_tau diagonal term has max imaginary part: 1.05798e-06Disregarding imaginary part 
The local Hamiltonian of the problem:
3.34269*c_dag('down',0)*c('down',5) + -9.08878*c_dag('down',0)*c('down',4) + -32.2345*c_dag('down',0)*c('down',3) + 16.7775*c_dag('down',0)*c('down',2) + 8.47353*c_dag('down',0)*c('down',1) + -13489.7*c_dag('down',0)*c('down',0) + 6.24428*c_dag('down',1)*c('down',5) + -2.63636*c_dag('down',1)*c('down',4) + 6.99653*c_dag('down',1)*c('down',3) + -4.61176*c_dag('down',1)*c('down',2) + -22036.9*c_dag('down',1)*c('down',1) + 8.47353*c_dag('down',1)*c('down',0) + -8.9367*c_dag('down',2)*c('down',5) + -8.02361*c_dag('down',2)*c('down',4) + -0.496478*c_dag('down',2)*c('down',3) + -22167.4*c_dag('down',2)*c('down',2) + -4.61176*c_dag('down',2)*c('down',1) + 16.7775*c_dag('down',2)*c('down',0) + 3.51577*c_dag('down',3)*c('down',5) + -9.39206*c_dag('down',3)*c('down',4) + -22163.1*c_dag('down',3)*c('down',3) + -0.496478*c_dag('down',3)*c('down',2) + 6.99653*c_dag('down',3)*c('down',1) + -32.2345*c_dag('down',3)*c('down',0) + -0.489128*c_dag('down',4)*c('down',5) + -22030.4*c_dag('down',4)*c('down',4) + -9.39206*c_dag('down',4)*c('down',3) + -8.02361*c_dag('down',4)*c('down',2) + -2.63636*c_dag('down',4)*c('down',1) + -9.08878*c_dag('down',4)*c('down',0) + -22169.1*c_dag('down',5)*c('down',5) + -0.489128*c_dag('down',5)*c('down',4) + 3.51577*c_dag('down',5)*c('down',3) + -8.9367*c_dag('down',5)*c('down',2) + 6.24428*c_dag('down',5)*c('down',1) + 3.34269*c_dag('down',5)*c('down',0) + 19.1934*c_dag('up',0)*c('up',5) + -10.6934*c_dag('up',0)*c('up',4) + -36.8335*c_dag('up',0)*c('up',3) + 26.4368*c_dag('up',0)*c('up',2) + 15.0614*c_dag('up',0)*c('up',1) + -13586.1*c_dag('up',0)*c('up',0) + 7.50881*c_dag('up',1)*c('up',5) + -2.654*c_dag('up',1)*c('up',4) + 4.71606*c_dag('up',1)*c('up',3) + -3.39894*c_dag('up',1)*c('up',2) + -22036.1*c_dag('up',1)*c('up',1) + 15.0614*c_dag('up',1)*c('up',0) + -6.14581*c_dag('up',2)*c('up',5) + -8.33949*c_dag('up',2)*c('up',4) + -3.69645*c_dag('up',2)*c('up',3) + -22164.8*c_dag('up',2)*c('up',2) + -3.39894*c_dag('up',2)*c('up',1) + 26.4368*c_dag('up',2)*c('up',0) + -0.392026*c_dag('up',3)*c('up',5) + -9.15928*c_dag('up',3)*c('up',4) + -22160.6*c_dag('up',3)*c('up',3) + -3.69645*c_dag('up',3)*c('up',2) + 4.71606*c_dag('up',3)*c('up',1) + -36.8335*c_dag('up',3)*c('up',0) + -0.773789*c_dag('up',4)*c('up',5) + -22029.9*c_dag('up',4)*c('up',4) + -9.15928*c_dag('up',4)*c('up',3) + -8.33949*c_dag('up',4)*c('up',2) + -2.654*c_dag('up',4)*c('up',1) + -10.6934*c_dag('up',4)*c('up',0) + -22166.2*c_dag('up',5)*c('up',5) + -0.773789*c_dag('up',5)*c('up',4) + -0.392026*c_dag('up',5)*c('up',3) + -6.14581*c_dag('up',5)*c('up',2) + 7.50881*c_dag('up',5)*c('up',1) + 19.1934*c_dag('up',5)*c('up',0) + 4*c_dag('down',0)*c_dag('up',0)*c('up',0)*c('down',0) + 4*c_dag('down',1)*c_dag('up',1)*c('up',1)*c('down',1) + 4*c_dag('down',2)*c_dag('up',2)*c('up',2)*c('down',2) + 4*c_dag('down',3)*c_dag('up',3)*c('up',3)*c('down',3) + 4*c_dag('down',4)*c_dag('up',4)*c('up',4)*c('down',4) + 4*c_dag('down',5)*c_dag('up',5)*c('up',5)*c('down',5)
Using autopartition algorithm to partition the local Hilbert space
Warning! Delta_tau diagonal term has max imaginary part: 1.13249e-06Disregarding imaginary part 
Warning! Delta_tau diagonal term has max imaginary part: 1.19209e-06Disregarding imaginary part 
Warning! Delta_tau diagonal term has max imaginary part: 1.07288e-06Disregarding imaginary part 
Warning! Delta_tau diagonal term has max imaginary part: 1.07288e-06Disregarding imaginary part 
Warning! Delta_tau diagonal term has max imaginary part: 1.19209e-06Disregarding imaginary part 
Warning! Delta_tau diagonal term has max imaginary part: 1.2517e-06Disregarding imaginary part 
Warning! Delta_tau diagonal term has max imaginary part: 9.53674e-07Disregarding imaginary part 
Warning! Delta_tau diagonal term has max imaginary part: 1.19209e-06Disregarding imaginary part 
Warning! Delta_tau diagonal term has max imaginary part: 1.13249e-06Disregarding imaginary part 
Warning! Delta_tau diagonal term has max imaginary part: 1.01328e-06Disregarding imaginary part 
Warning! Delta_tau diagonal term has max imaginary part: 1.13249e-06Disregarding imaginary part 
Warning! Delta_tau diagonal term has max imaginary part: 1.05798e-06Disregarding imaginary part 
The local Hamiltonian of the problem:
3.34269*c_dag('down',0)*c('down',5) + -9.08878*c_dag('down',0)*c('down',4) + -32.2345*c_dag('down',0)*c('down',3) + 16.7775*c_dag('down',0)*c('down',2) + 8.47353*c_dag('down',0)*c('down',1) + -13489.7*c_dag('down',0)*c('down',0) + 6.24428*c_dag('down',1)*c('down',5) + -2.63636*c_dag('down',1)*c('down',4) + 6.99653*c_dag('down',1)*c('down',3) + -4.61176*c_dag('down',1)*c('down',2) + -22036.9*c_dag('down',1)*c('down',1) + 8.47353*c_dag('down',1)*c('down',0) + -8.9367*c_dag('down',2)*c('down',5) + -8.02361*c_dag('down',2)*c('down',4) + -0.496478*c_dag('down',2)*c('down',3) + -22167.4*c_dag('down',2)*c('down',2) + -4.61176*c_dag('down',2)*c('down',1) + 16.7775*c_dag('down',2)*c('down',0) + 3.51577*c_dag('down',3)*c('down',5) + -9.39206*c_dag('down',3)*c('down',4) + -22163.1*c_dag('down',3)*c('down',3) + -0.496478*c_dag('down',3)*c('down',2) + 6.99653*c_dag('down',3)*c('down',1) + -32.2345*c_dag('down',3)*c('down',0) + -0.489128*c_dag('down',4)*c('down',5) + -22030.4*c_dag('down',4)*c('down',4) + -9.39206*c_dag('down',4)*c('down',3) + -8.02361*c_dag('down',4)*c('down',2) + -2.63636*c_dag('down',4)*c('down',1) + -9.08878*c_dag('down',4)*c('down',0) + -22169.1*c_dag('down',5)*c('down',5) + -0.489128*c_dag('down',5)*c('down',4) + 3.51577*c_dag('down',5)*c('down',3) + -8.9367*c_dag('down',5)*c('down',2) + 6.24428*c_dag('down',5)*c('down',1) + 3.34269*c_dag('down',5)*c('down',0) + 19.1934*c_dag('up',0)*c('up',5) + -10.6934*c_dag('up',0)*c('up',4) + -36.8335*c_dag('up',0)*c('up',3) + 26.4368*c_dag('up',0)*c('up',2) + 15.0614*c_dag('up',0)*c('up',1) + -13586.1*c_dag('up',0)*c('up',0) + 7.50881*c_dag('up',1)*c('up',5) + -2.654*c_dag('up',1)*c('up',4) + 4.71606*c_dag('up',1)*c('up',3) + -3.39894*c_dag('up',1)*c('up',2) + -22036.1*c_dag('up',1)*c('up',1) + 15.0614*c_dag('up',1)*c('up',0) + -6.14581*c_dag('up',2)*c('up',5) + -8.33949*c_dag('up',2)*c('up',4) + -3.69645*c_dag('up',2)*c('up',3) + -22164.8*c_dag('up',2)*c('up',2) + -3.39894*c_dag('up',2)*c('up',1) + 26.4368*c_dag('up',2)*c('up',0) + -0.392026*c_dag('up',3)*c('up',5) + -9.15928*c_dag('up',3)*c('up',4) + -22160.6*c_dag('up',3)*c('up',3) + -3.69645*c_dag('up',3)*c('up',2) + 4.71606*c_dag('up',3)*c('up',1) + -36.8335*c_dag('up',3)*c('up',0) + -0.773789*c_dag('up',4)*c('up',5) + -22029.9*c_dag('up',4)*c('up',4) + -9.15928*c_dag('up',4)*c('up',3) + -8.33949*c_dag('up',4)*c('up',2) + -2.654*c_dag('up',4)*c('up',1) + -10.6934*c_dag('up',4)*c('up',0) + -22166.2*c_dag('up',5)*c('up',5) + -0.773789*c_dag('up',5)*c('up',4) + -0.392026*c_dag('up',5)*c('up',3) + -6.14581*c_dag('up',5)*c('up',2) + 7.50881*c_dag('up',5)*c('up',1) + 19.1934*c_dag('up',5)*c('up',0) + 4*c_dag('down',0)*c_dag('up',0)*c('up',0)*c('down',0) + 4*c_dag('down',1)*c_dag('up',1)*c('up',1)*c('down',1) + 4*c_dag('down',2)*c_dag('up',2)*c('up',2)*c('down',2) + 4*c_dag('down',3)*c_dag('up',3)*c('up',3)*c('down',3) + 4*c_dag('down',4)*c_dag('up',4)*c('up',4)*c('down',4) + 4*c_dag('down',5)*c_dag('up',5)*c('up',5)*c('down',5)
Using autopartition algorithm to partition the local Hilbert space

╔╦╗╦═╗╦╔═╗ ╔═╗  ┌─┐┌┬┐┬ ┬┬ ┬┌┐ 
 ║ ╠╦╝║║═╬╗╚═╗  │   │ ├─┤└┬┘├┴┐
 ╩ ╩╚═╩╚═╝╚╚═╝  └─┘ ┴ ┴ ┴ ┴ └─┘

!-------------------------------------------------------------------------------------------!
! WARNING: S.G0_iw violates fundamental Green Function property G0(iw)[i,j] = G0(-iw)*[j,i] !
! Symmetrizing S.G0_iw ...                                                                  !
!-------------------------------------------------------------------------------------------!


╔╦╗╦═╗╦╔═╗ ╔═╗  ┌─┐┌┬┐┬ ┬┬ ┬┌┐ 
 ║ ╠╦╝║║═╬╗╚═╗  │   │ ├─┤└┬┘├┴┐
 ╩ ╩╚═╩╚═╝╚╚═╝  └─┘ ┴ ┴ ┴ ┴ └─┘

!-------------------------------------------------------------------------------------------!
! WARNING: S.G0_iw violates fundamental Green Function property G0(iw)[i,j] = G0(-iw)*[j,i] !
! Symmetrizing S.G0_iw ...                                                                  !
!-------------------------------------------------------------------------------------------!

Warning! Delta_tau diagonal term has max imaginary part: 1.13249e-06Disregarding imaginary part 
Warning! Delta_tau diagonal term has max imaginary part: 1.19209e-06Disregarding imaginary part 
Warning! Delta_tau diagonal term has max imaginary part: 1.07288e-06Disregarding imaginary part 
Warning! Delta_tau diagonal term has max imaginary part: 1.07288e-06Disregarding imaginary part 
Warning! Delta_tau diagonal term has max imaginary part: 1.19209e-06Disregarding imaginary part 
Warning! Delta_tau diagonal term has max imaginary part: 1.2517e-06Disregarding imaginary part 
Warning! Delta_tau diagonal term has max imaginary part: 9.53674e-07Disregarding imaginary part 
Warning! Delta_tau diagonal term has max imaginary part: 1.19209e-06Disregarding imaginary part 
Warning! Delta_tau diagonal term has max imaginary part: 1.13249e-06Disregarding imaginary part 
Warning! Delta_tau diagonal term has max imaginary part: 1.01328e-06Disregarding imaginary part 
Warning! Delta_tau diagonal term has max imaginary part: 1.13249e-06Disregarding imaginary part 
Warning! Delta_tau diagonal term has max imaginary part: 1.05798e-06Disregarding imaginary part 
The local Hamiltonian of the problem:
3.34269*c_dag('down',0)*c('down',5) + -9.08878*c_dag('down',0)*c('down',4) + -32.2345*c_dag('down',0)*c('down',3) + 16.7775*c_dag('down',0)*c('down',2) + 8.47353*c_dag('down',0)*c('down',1) + -13489.7*c_dag('down',0)*c('down',0) + 6.24428*c_dag('down',1)*c('down',5) + -2.63636*c_dag('down',1)*c('down',4) + 6.99653*c_dag('down',1)*c('down',3) + -4.61176*c_dag('down',1)*c('down',2) + -22036.9*c_dag('down',1)*c('down',1) + 8.47353*c_dag('down',1)*c('down',0) + -8.9367*c_dag('down',2)*c('down',5) + -8.02361*c_dag('down',2)*c('down',4) + -0.496478*c_dag('down',2)*c('down',3) + -22167.4*c_dag('down',2)*c('down',2) + -4.61176*c_dag('down',2)*c('down',1) + 16.7775*c_dag('down',2)*c('down',0) + 3.51577*c_dag('down',3)*c('down',5) + -9.39206*c_dag('down',3)*c('down',4) + -22163.1*c_dag('down',3)*c('down',3) + -0.496478*c_dag('down',3)*c('down',2) + 6.99653*c_dag('down',3)*c('down',1) + -32.2345*c_dag('down',3)*c('down',0) + -0.489128*c_dag('down',4)*c('down',5) + -22030.4*c_dag('down',4)*c('down',4) + -9.39206*c_dag('down',4)*c('down',3) + -8.02361*c_dag('down',4)*c('down',2) + -2.63636*c_dag('down',4)*c('down',1) + -9.08878*c_dag('down',4)*c('down',0) + -22169.1*c_dag('down',5)*c('down',5) + -0.489128*c_dag('down',5)*c('down',4) + 3.51577*c_dag('down',5)*c('down',3) + -8.9367*c_dag('down',5)*c('down',2) + 6.24428*c_dag('down',5)*c('down',1) + 3.34269*c_dag('down',5)*c('down',0) + 19.1934*c_dag('up',0)*c('up',5) + -10.6934*c_dag('up',0)*c('up',4) + -36.8335*c_dag('up',0)*c('up',3) + 26.4368*c_dag('up',0)*c('up',2) + 15.0614*c_dag('up',0)*c('up',1) + -13586.1*c_dag('up',0)*c('up',0) + 7.50881*c_dag('up',1)*c('up',5) + -2.654*c_dag('up',1)*c('up',4) + 4.71606*c_dag('up',1)*c('up',3) + -3.39894*c_dag('up',1)*c('up',2) + -22036.1*c_dag('up',1)*c('up',1) + 15.0614*c_dag('up',1)*c('up',0) + -6.14581*c_dag('up',2)*c('up',5) + -8.33949*c_dag('up',2)*c('up',4) + -3.69645*c_dag('up',2)*c('up',3) + -22164.8*c_dag('up',2)*c('up',2) + -3.39894*c_dag('up',2)*c('up',1) + 26.4368*c_dag('up',2)*c('up',0) + -0.392026*c_dag('up',3)*c('up',5) + -9.15928*c_dag('up',3)*c('up',4) + -22160.6*c_dag('up',3)*c('up',3) + -3.69645*c_dag('up',3)*c('up',2) + 4.71606*c_dag('up',3)*c('up',1) + -36.8335*c_dag('up',3)*c('up',0) + -0.773789*c_dag('up',4)*c('up',5) + -22029.9*c_dag('up',4)*c('up',4) + -9.15928*c_dag('up',4)*c('up',3) + -8.33949*c_dag('up',4)*c('up',2) + -2.654*c_dag('up',4)*c('up',1) + -10.6934*c_dag('up',4)*c('up',0) + -22166.2*c_dag('up',5)*c('up',5) + -0.773789*c_dag('up',5)*c('up',4) + -0.392026*c_dag('up',5)*c('up',3) + -6.14581*c_dag('up',5)*c('up',2) + 7.50881*c_dag('up',5)*c('up',1) + 19.1934*c_dag('up',5)*c('up',0) + 4*c_dag('down',0)*c_dag('up',0)*c('up',0)*c('down',0) + 4*c_dag('down',1)*c_dag('up',1)*c('up',1)*c('down',1) + 4*c_dag('down',2)*c_dag('up',2)*c('up',2)*c('down',2) + 4*c_dag('down',3)*c_dag('up',3)*c('up',3)*c('down',3) + 4*c_dag('down',4)*c_dag('up',4)*c('up',4)*c('down',4) + 4*c_dag('down',5)*c_dag('up',5)*c('up',5)*c('down',5)
Using autopartition algorithm to partition the local Hilbert space

╔╦╗╦═╗╦╔═╗ ╔═╗  ┌─┐┌┬┐┬ ┬┬ ┬┌┐ 
 ║ ╠╦╝║║═╬╗╚═╗  │   │ ├─┤└┬┘├┴┐
 ╩ ╩╚═╩╚═╝╚╚═╝  └─┘ ┴ ┴ ┴ ┴ └─┘

!-------------------------------------------------------------------------------------------!
! WARNING: S.G0_iw violates fundamental Green Function property G0(iw)[i,j] = G0(-iw)*[j,i] !
! Symmetrizing S.G0_iw ...                                                                  !
!-------------------------------------------------------------------------------------------!

Warning! Delta_tau diagonal term has max imaginary part: 1.13249e-06Disregarding imaginary part 
Warning! Delta_tau diagonal term has max imaginary part: 1.19209e-06Disregarding imaginary part 
Warning! Delta_tau diagonal term has max imaginary part: 1.07288e-06Disregarding imaginary part 
Warning! Delta_tau diagonal term has max imaginary part: 1.07288e-06Disregarding imaginary part 
Warning! Delta_tau diagonal term has max imaginary part: 1.19209e-06Disregarding imaginary part 
Warning! Delta_tau diagonal term has max imaginary part: 1.2517e-06Disregarding imaginary part 
Warning! Delta_tau diagonal term has max imaginary part: 9.53674e-07Disregarding imaginary part 
Warning! Delta_tau diagonal term has max imaginary part: 1.19209e-06Disregarding imaginary part 
Warning! Delta_tau diagonal term has max imaginary part: 1.13249e-06Disregarding imaginary part 
Warning! Delta_tau diagonal term has max imaginary part: 1.01328e-06Disregarding imaginary part 
Warning! Delta_tau diagonal term has max imaginary part: 1.13249e-06Disregarding imaginary part 
Warning! Delta_tau diagonal term has max imaginary part: 1.05798e-06Disregarding imaginary part 
The local Hamiltonian of the problem:
3.34269*c_dag('down',0)*c('down',5) + -9.08878*c_dag('down',0)*c('down',4) + -32.2345*c_dag('down',0)*c('down',3) + 16.7775*c_dag('down',0)*c('down',2) + 8.47353*c_dag('down',0)*c('down',1) + -13489.7*c_dag('down',0)*c('down',0) + 6.24428*c_dag('down',1)*c('down',5) + -2.63636*c_dag('down',1)*c('down',4) + 6.99653*c_dag('down',1)*c('down',3) + -4.61176*c_dag('down',1)*c('down',2) + -22036.9*c_dag('down',1)*c('down',1) + 8.47353*c_dag('down',1)*c('down',0) + -8.9367*c_dag('down',2)*c('down',5) + -8.02361*c_dag('down',2)*c('down',4) + -0.496478*c_dag('down',2)*c('down',3) + -22167.4*c_dag('down',2)*c('down',2) + -4.61176*c_dag('down',2)*c('down',1) + 16.7775*c_dag('down',2)*c('down',0) + 3.51577*c_dag('down',3)*c('down',5) + -9.39206*c_dag('down',3)*c('down',4) + -22163.1*c_dag('down',3)*c('down',3) + -0.496478*c_dag('down',3)*c('down',2) + 6.99653*c_dag('down',3)*c('down',1) + -32.2345*c_dag('down',3)*c('down',0) + -0.489128*c_dag('down',4)*c('down',5) + -22030.4*c_dag('down',4)*c('down',4) + -9.39206*c_dag('down',4)*c('down',3) + -8.02361*c_dag('down',4)*c('down',2) + -2.63636*c_dag('down',4)*c('down',1) + -9.08878*c_dag('down',4)*c('down',0) + -22169.1*c_dag('down',5)*c('down',5) + -0.489128*c_dag('down',5)*c('down',4) + 3.51577*c_dag('down',5)*c('down',3) + -8.9367*c_dag('down',5)*c('down',2) + 6.24428*c_dag('down',5)*c('down',1) + 3.34269*c_dag('down',5)*c('down',0) + 19.1934*c_dag('up',0)*c('up',5) + -10.6934*c_dag('up',0)*c('up',4) + -36.8335*c_dag('up',0)*c('up',3) + 26.4368*c_dag('up',0)*c('up',2) + 15.0614*c_dag('up',0)*c('up',1) + -13586.1*c_dag('up',0)*c('up',0) + 7.50881*c_dag('up',1)*c('up',5) + -2.654*c_dag('up',1)*c('up',4) + 4.71606*c_dag('up',1)*c('up',3) + -3.39894*c_dag('up',1)*c('up',2) + -22036.1*c_dag('up',1)*c('up',1) + 15.0614*c_dag('up',1)*c('up',0) + -6.14581*c_dag('up',2)*c('up',5) + -8.33949*c_dag('up',2)*c('up',4) + -3.69645*c_dag('up',2)*c('up',3) + -22164.8*c_dag('up',2)*c('up',2) + -3.39894*c_dag('up',2)*c('up',1) + 26.4368*c_dag('up',2)*c('up',0) + -0.392026*c_dag('up',3)*c('up',5) + -9.15928*c_dag('up',3)*c('up',4) + -22160.6*c_dag('up',3)*c('up',3) + -3.69645*c_dag('up',3)*c('up',2) + 4.71606*c_dag('up',3)*c('up',1) + -36.8335*c_dag('up',3)*c('up',0) + -0.773789*c_dag('up',4)*c('up',5) + -22029.9*c_dag('up',4)*c('up',4) + -9.15928*c_dag('up',4)*c('up',3) + -8.33949*c_dag('up',4)*c('up',2) + -2.654*c_dag('up',4)*c('up',1) + -10.6934*c_dag('up',4)*c('up',0) + -22166.2*c_dag('up',5)*c('up',5) + -0.773789*c_dag('up',5)*c('up',4) + -0.392026*c_dag('up',5)*c('up',3) + -6.14581*c_dag('up',5)*c('up',2) + 7.50881*c_dag('up',5)*c('up',1) + 19.1934*c_dag('up',5)*c('up',0) + 4*c_dag('down',0)*c_dag('up',0)*c('up',0)*c('down',0) + 4*c_dag('down',1)*c_dag('up',1)*c('up',1)*c('down',1) + 4*c_dag('down',2)*c_dag('up',2)*c('up',2)*c('down',2) + 4*c_dag('down',3)*c_dag('up',3)*c('up',3)*c('down',3) + 4*c_dag('down',4)*c_dag('up',4)*c('up',4)*c('down',4) + 4*c_dag('down',5)*c_dag('up',5)*c('up',5)*c('down',5)
Using autopartition algorithm to partition the local Hilbert space
Warning! Delta_tau diagonal term has max imaginary part: 1.13249e-06Disregarding imaginary part 
Warning! Delta_tau diagonal term has max imaginary part: 1.19209e-06Disregarding imaginary part 
Warning! Delta_tau diagonal term has max imaginary part: 1.07288e-06Disregarding imaginary part 
Warning! Delta_tau diagonal term has max imaginary part: 1.07288e-06Disregarding imaginary part 
Warning! Delta_tau diagonal term has max imaginary part: 1.19209e-06Disregarding imaginary part 
Warning! Delta_tau diagonal term has max imaginary part: 1.2517e-06Disregarding imaginary part 
Warning! Delta_tau diagonal term has max imaginary part: 9.53674e-07Disregarding imaginary part 
Warning! Delta_tau diagonal term has max imaginary part: 1.19209e-06Disregarding imaginary part 
Warning! Delta_tau diagonal term has max imaginary part: 1.13249e-06Disregarding imaginary part 
Warning! Delta_tau diagonal term has max imaginary part: 1.01328e-06Disregarding imaginary part 
Warning! Delta_tau diagonal term has max imaginary part: 1.13249e-06Disregarding imaginary part 
Warning! Delta_tau diagonal term has max imaginary part: 1.05798e-06Disregarding imaginary part 
The local Hamiltonian of the problem:
3.34269*c_dag('down',0)*c('down',5) + -9.08878*c_dag('down',0)*c('down',4) + -32.2345*c_dag('down',0)*c('down',3) + 16.7775*c_dag('down',0)*c('down',2) + 8.47353*c_dag('down',0)*c('down',1) + -13489.7*c_dag('down',0)*c('down',0) + 6.24428*c_dag('down',1)*c('down',5) + -2.63636*c_dag('down',1)*c('down',4) + 6.99653*c_dag('down',1)*c('down',3) + -4.61176*c_dag('down',1)*c('down',2) + -22036.9*c_dag('down',1)*c('down',1) + 8.47353*c_dag('down',1)*c('down',0) + -8.9367*c_dag('down',2)*c('down',5) + -8.02361*c_dag('down',2)*c('down',4) + -0.496478*c_dag('down',2)*c('down',3) + -22167.4*c_dag('down',2)*c('down',2) + -4.61176*c_dag('down',2)*c('down',1) + 16.7775*c_dag('down',2)*c('down',0) + 3.51577*c_dag('down',3)*c('down',5) + -9.39206*c_dag('down',3)*c('down',4) + -22163.1*c_dag('down',3)*c('down',3) + -0.496478*c_dag('down',3)*c('down',2) + 6.99653*c_dag('down',3)*c('down',1) + -32.2345*c_dag('down',3)*c('down',0) + -0.489128*c_dag('down',4)*c('down',5) + -22030.4*c_dag('down',4)*c('down',4) + -9.39206*c_dag('down',4)*c('down',3) + -8.02361*c_dag('down',4)*c('down',2) + -2.63636*c_dag('down',4)*c('down',1) + -9.08878*c_dag('down',4)*c('down',0) + -22169.1*c_dag('down',5)*c('down',5) + -0.489128*c_dag('down',5)*c('down',4) + 3.51577*c_dag('down',5)*c('down',3) + -8.9367*c_dag('down',5)*c('down',2) + 6.24428*c_dag('down',5)*c('down',1) + 3.34269*c_dag('down',5)*c('down',0) + 19.1934*c_dag('up',0)*c('up',5) + -10.6934*c_dag('up',0)*c('up',4) + -36.8335*c_dag('up',0)*c('up',3) + 26.4368*c_dag('up',0)*c('up',2) + 15.0614*c_dag('up',0)*c('up',1) + -13586.1*c_dag('up',0)*c('up',0) + 7.50881*c_dag('up',1)*c('up',5) + -2.654*c_dag('up',1)*c('up',4) + 4.71606*c_dag('up',1)*c('up',3) + -3.39894*c_dag('up',1)*c('up',2) + -22036.1*c_dag('up',1)*c('up',1) + 15.0614*c_dag('up',1)*c('up',0) + -6.14581*c_dag('up',2)*c('up',5) + -8.33949*c_dag('up',2)*c('up',4) + -3.69645*c_dag('up',2)*c('up',3) + -22164.8*c_dag('up',2)*c('up',2) + -3.39894*c_dag('up',2)*c('up',1) + 26.4368*c_dag('up',2)*c('up',0) + -0.392026*c_dag('up',3)*c('up',5) + -9.15928*c_dag('up',3)*c('up',4) + -22160.6*c_dag('up',3)*c('up',3) + -3.69645*c_dag('up',3)*c('up',2) + 4.71606*c_dag('up',3)*c('up',1) + -36.8335*c_dag('up',3)*c('up',0) + -0.773789*c_dag('up',4)*c('up',5) + -22029.9*c_dag('up',4)*c('up',4) + -9.15928*c_dag('up',4)*c('up',3) + -8.33949*c_dag('up',4)*c('up',2) + -2.654*c_dag('up',4)*c('up',1) + -10.6934*c_dag('up',4)*c('up',0) + -22166.2*c_dag('up',5)*c('up',5) + -0.773789*c_dag('up',5)*c('up',4) + -0.392026*c_dag('up',5)*c('up',3) + -6.14581*c_dag('up',5)*c('up',2) + 7.50881*c_dag('up',5)*c('up',1) + 19.1934*c_dag('up',5)*c('up',0) + 4*c_dag('down',0)*c_dag('up',0)*c('up',0)*c('down',0) + 4*c_dag('down',1)*c_dag('up',1)*c('up',1)*c('down',1) + 4*c_dag('down',2)*c_dag('up',2)*c('up',2)*c('down',2) + 4*c_dag('down',3)*c_dag('up',3)*c('up',3)*c('down',3) + 4*c_dag('down',4)*c_dag('up',4)*c('up',4)*c('down',4) + 4*c_dag('down',5)*c_dag('up',5)*c('up',5)*c('down',5)
Using autopartition algorithm to partition the local Hilbert space

╔╦╗╦═╗╦╔═╗ ╔═╗  ┌─┐┌┬┐┬ ┬┬ ┬┌┐ 
 ║ ╠╦╝║║═╬╗╚═╗  │   │ ├─┤└┬┘├┴┐
 ╩ ╩╚═╩╚═╝╚╚═╝  └─┘ ┴ ┴ ┴ ┴ └─┘

!-------------------------------------------------------------------------------------------!
! WARNING: S.G0_iw violates fundamental Green Function property G0(iw)[i,j] = G0(-iw)*[j,i] !
! Symmetrizing S.G0_iw ...                                                                  !
!-------------------------------------------------------------------------------------------!

Warning! Delta_tau diagonal term has max imaginary part: 1.13249e-06Disregarding imaginary part 
Warning! Delta_tau diagonal term has max imaginary part: 1.19209e-06Disregarding imaginary part 
Warning! Delta_tau diagonal term has max imaginary part: 1.07288e-06Disregarding imaginary part 
Warning! Delta_tau diagonal term has max imaginary part: 1.07288e-06Disregarding imaginary part 
Warning! Delta_tau diagonal term has max imaginary part: 1.19209e-06Disregarding imaginary part 
Warning! Delta_tau diagonal term has max imaginary part: 1.2517e-06Disregarding imaginary part 
Warning! Delta_tau diagonal term has max imaginary part: 9.53674e-07Disregarding imaginary part 
Warning! Delta_tau diagonal term has max imaginary part: 1.19209e-06Disregarding imaginary part 
Warning! Delta_tau diagonal term has max imaginary part: 1.13249e-06Disregarding imaginary part 
Warning! Delta_tau diagonal term has max imaginary part: 1.01328e-06Disregarding imaginary part 
Warning! Delta_tau diagonal term has max imaginary part: 1.13249e-06Disregarding imaginary part 
Warning! Delta_tau diagonal term has max imaginary part: 1.05798e-06Disregarding imaginary part 
The local Hamiltonian of the problem:
3.34269*c_dag('down',0)*c('down',5) + -9.08878*c_dag('down',0)*c('down',4) + -32.2345*c_dag('down',0)*c('down',3) + 16.7775*c_dag('down',0)*c('down',2) + 8.47353*c_dag('down',0)*c('down',1) + -13489.7*c_dag('down',0)*c('down',0) + 6.24428*c_dag('down',1)*c('down',5) + -2.63636*c_dag('down',1)*c('down',4) + 6.99653*c_dag('down',1)*c('down',3) + -4.61176*c_dag('down',1)*c('down',2) + -22036.9*c_dag('down',1)*c('down',1) + 8.47353*c_dag('down',1)*c('down',0) + -8.9367*c_dag('down',2)*c('down',5) + -8.02361*c_dag('down',2)*c('down',4) + -0.496478*c_dag('down',2)*c('down',3) + -22167.4*c_dag('down',2)*c('down',2) + -4.61176*c_dag('down',2)*c('down',1) + 16.7775*c_dag('down',2)*c('down',0) + 3.51577*c_dag('down',3)*c('down',5) + -9.39206*c_dag('down',3)*c('down',4) + -22163.1*c_dag('down',3)*c('down',3) + -0.496478*c_dag('down',3)*c('down',2) + 6.99653*c_dag('down',3)*c('down',1) + -32.2345*c_dag('down',3)*c('down',0) + -0.489128*c_dag('down',4)*c('down',5) + -22030.4*c_dag('down',4)*c('down',4) + -9.39206*c_dag('down',4)*c('down',3) + -8.02361*c_dag('down',4)*c('down',2) + -2.63636*c_dag('down',4)*c('down',1) + -9.08878*c_dag('down',4)*c('down',0) + -22169.1*c_dag('down',5)*c('down',5) + -0.489128*c_dag('down',5)*c('down',4) + 3.51577*c_dag('down',5)*c('down',3) + -8.9367*c_dag('down',5)*c('down',2) + 6.24428*c_dag('down',5)*c('down',1) + 3.34269*c_dag('down',5)*c('down',0) + 19.1934*c_dag('up',0)*c('up',5) + -10.6934*c_dag('up',0)*c('up',4) + -36.8335*c_dag('up',0)*c('up',3) + 26.4368*c_dag('up',0)*c('up',2) + 15.0614*c_dag('up',0)*c('up',1) + -13586.1*c_dag('up',0)*c('up',0) + 7.50881*c_dag('up',1)*c('up',5) + -2.654*c_dag('up',1)*c('up',4) + 4.71606*c_dag('up',1)*c('up',3) + -3.39894*c_dag('up',1)*c('up',2) + -22036.1*c_dag('up',1)*c('up',1) + 15.0614*c_dag('up',1)*c('up',0) + -6.14581*c_dag('up',2)*c('up',5) + -8.33949*c_dag('up',2)*c('up',4) + -3.69645*c_dag('up',2)*c('up',3) + -22164.8*c_dag('up',2)*c('up',2) + -3.39894*c_dag('up',2)*c('up',1) + 26.4368*c_dag('up',2)*c('up',0) + -0.392026*c_dag('up',3)*c('up',5) + -9.15928*c_dag('up',3)*c('up',4) + -22160.6*c_dag('up',3)*c('up',3) + -3.69645*c_dag('up',3)*c('up',2) + 4.71606*c_dag('up',3)*c('up',1) + -36.8335*c_dag('up',3)*c('up',0) + -0.773789*c_dag('up',4)*c('up',5) + -22029.9*c_dag('up',4)*c('up',4) + -9.15928*c_dag('up',4)*c('up',3) + -8.33949*c_dag('up',4)*c('up',2) + -2.654*c_dag('up',4)*c('up',1) + -10.6934*c_dag('up',4)*c('up',0) + -22166.2*c_dag('up',5)*c('up',5) + -0.773789*c_dag('up',5)*c('up',4) + -0.392026*c_dag('up',5)*c('up',3) + -6.14581*c_dag('up',5)*c('up',2) + 7.50881*c_dag('up',5)*c('up',1) + 19.1934*c_dag('up',5)*c('up',0) + 4*c_dag('down',0)*c_dag('up',0)*c('up',0)*c('down',0) + 4*c_dag('down',1)*c_dag('up',1)*c('up',1)*c('down',1) + 4*c_dag('down',2)*c_dag('up',2)*c('up',2)*c('down',2) + 4*c_dag('down',3)*c_dag('up',3)*c('up',3)*c('down',3) + 4*c_dag('down',4)*c_dag('up',4)*c('up',4)*c('down',4) + 4*c_dag('down',5)*c_dag('up',5)*c('up',5)*c('down',5)
Using autopartition algorithm to partition the local Hilbert space

╔╦╗╦═╗╦╔═╗ ╔═╗  ┌─┐┌┬┐┬ ┬┬ ┬┌┐ 
 ║ ╠╦╝║║═╬╗╚═╗  │   │ ├─┤└┬┘├┴┐
 ╩ ╩╚═╩╚═╝╚╚═╝  └─┘ ┴ ┴ ┴ ┴ └─┘

!-------------------------------------------------------------------------------------------!
! WARNING: S.G0_iw violates fundamental Green Function property G0(iw)[i,j] = G0(-iw)*[j,i] !
! Symmetrizing S.G0_iw ...                                                                  !
!-------------------------------------------------------------------------------------------!


╔╦╗╦═╗╦╔═╗ ╔═╗  ┌─┐┌┬┐┬ ┬┬ ┬┌┐ 
 ║ ╠╦╝║║═╬╗╚═╗  │   │ ├─┤└┬┘├┴┐
 ╩ ╩╚═╩╚═╝╚╚═╝  └─┘ ┴ ┴ ┴ ┴ └─┘

!-------------------------------------------------------------------------------------------!
! WARNING: S.G0_iw violates fundamental Green Function property G0(iw)[i,j] = G0(-iw)*[j,i] !
! Symmetrizing S.G0_iw ...                                                                  !
!-------------------------------------------------------------------------------------------!

Warning! Delta_tau diagonal term has max imaginary part: 1.13249e-06Disregarding imaginary part 
Warning! Delta_tau diagonal term has max imaginary part: 1.19209e-06Disregarding imaginary part 
Warning! Delta_tau diagonal term has max imaginary part: 1.07288e-06Disregarding imaginary part 
Warning! Delta_tau diagonal term has max imaginary part: 1.07288e-06Disregarding imaginary part 
Warning! Delta_tau diagonal term has max imaginary part: 1.19209e-06Disregarding imaginary part 
Warning! Delta_tau diagonal term has max imaginary part: 1.2517e-06Disregarding imaginary part 
Warning! Delta_tau diagonal term has max imaginary part: 9.53674e-07Disregarding imaginary part 
Warning! Delta_tau diagonal term has max imaginary part: 1.19209e-06Disregarding imaginary part 
Warning! Delta_tau diagonal term has max imaginary part: 1.13249e-06Disregarding imaginary part 
Warning! Delta_tau diagonal term has max imaginary part: 1.01328e-06Disregarding imaginary part 
Warning! Delta_tau diagonal term has max imaginary part: 1.13249e-06Disregarding imaginary part 
Warning! Delta_tau diagonal term has max imaginary part: 1.05798e-06Disregarding imaginary part 
The local Hamiltonian of the problem:
3.34269*c_dag('down',0)*c('down',5) + -9.08878*c_dag('down',0)*c('down',4) + -32.2345*c_dag('down',0)*c('down',3) + 16.7775*c_dag('down',0)*c('down',2) + 8.47353*c_dag('down',0)*c('down',1) + -13489.7*c_dag('down',0)*c('down',0) + 6.24428*c_dag('down',1)*c('down',5) + -2.63636*c_dag('down',1)*c('down',4) + 6.99653*c_dag('down',1)*c('down',3) + -4.61176*c_dag('down',1)*c('down',2) + -22036.9*c_dag('down',1)*c('down',1) + 8.47353*c_dag('down',1)*c('down',0) + -8.9367*c_dag('down',2)*c('down',5) + -8.02361*c_dag('down',2)*c('down',4) + -0.496478*c_dag('down',2)*c('down',3) + -22167.4*c_dag('down',2)*c('down',2) + -4.61176*c_dag('down',2)*c('down',1) + 16.7775*c_dag('down',2)*c('down',0) + 3.51577*c_dag('down',3)*c('down',5) + -9.39206*c_dag('down',3)*c('down',4) + -22163.1*c_dag('down',3)*c('down',3) + -0.496478*c_dag('down',3)*c('down',2) + 6.99653*c_dag('down',3)*c('down',1) + -32.2345*c_dag('down',3)*c('down',0) + -0.489128*c_dag('down',4)*c('down',5) + -22030.4*c_dag('down',4)*c('down',4) + -9.39206*c_dag('down',4)*c('down',3) + -8.02361*c_dag('down',4)*c('down',2) + -2.63636*c_dag('down',4)*c('down',1) + -9.08878*c_dag('down',4)*c('down',0) + -22169.1*c_dag('down',5)*c('down',5) + -0.489128*c_dag('down',5)*c('down',4) + 3.51577*c_dag('down',5)*c('down',3) + -8.9367*c_dag('down',5)*c('down',2) + 6.24428*c_dag('down',5)*c('down',1) + 3.34269*c_dag('down',5)*c('down',0) + 19.1934*c_dag('up',0)*c('up',5) + -10.6934*c_dag('up',0)*c('up',4) + -36.8335*c_dag('up',0)*c('up',3) + 26.4368*c_dag('up',0)*c('up',2) + 15.0614*c_dag('up',0)*c('up',1) + -13586.1*c_dag('up',0)*c('up',0) + 7.50881*c_dag('up',1)*c('up',5) + -2.654*c_dag('up',1)*c('up',4) + 4.71606*c_dag('up',1)*c('up',3) + -3.39894*c_dag('up',1)*c('up',2) + -22036.1*c_dag('up',1)*c('up',1) + 15.0614*c_dag('up',1)*c('up',0) + -6.14581*c_dag('up',2)*c('up',5) + -8.33949*c_dag('up',2)*c('up',4) + -3.69645*c_dag('up',2)*c('up',3) + -22164.8*c_dag('up',2)*c('up',2) + -3.39894*c_dag('up',2)*c('up',1) + 26.4368*c_dag('up',2)*c('up',0) + -0.392026*c_dag('up',3)*c('up',5) + -9.15928*c_dag('up',3)*c('up',4) + -22160.6*c_dag('up',3)*c('up',3) + -3.69645*c_dag('up',3)*c('up',2) + 4.71606*c_dag('up',3)*c('up',1) + -36.8335*c_dag('up',3)*c('up',0) + -0.773789*c_dag('up',4)*c('up',5) + -22029.9*c_dag('up',4)*c('up',4) + -9.15928*c_dag('up',4)*c('up',3) + -8.33949*c_dag('up',4)*c('up',2) + -2.654*c_dag('up',4)*c('up',1) + -10.6934*c_dag('up',4)*c('up',0) + -22166.2*c_dag('up',5)*c('up',5) + -0.773789*c_dag('up',5)*c('up',4) + -0.392026*c_dag('up',5)*c('up',3) + -6.14581*c_dag('up',5)*c('up',2) + 7.50881*c_dag('up',5)*c('up',1) + 19.1934*c_dag('up',5)*c('up',0) + 4*c_dag('down',0)*c_dag('up',0)*c('up',0)*c('down',0) + 4*c_dag('down',1)*c_dag('up',1)*c('up',1)*c('down',1) + 4*c_dag('down',2)*c_dag('up',2)*c('up',2)*c('down',2) + 4*c_dag('down',3)*c_dag('up',3)*c('up',3)*c('down',3) + 4*c_dag('down',4)*c_dag('up',4)*c('up',4)*c('down',4) + 4*c_dag('down',5)*c_dag('up',5)*c('up',5)*c('down',5)
Using autopartition algorithm to partition the local Hilbert space

╔╦╗╦═╗╦╔═╗ ╔═╗  ┌─┐┌┬┐┬ ┬┬ ┬┌┐ 
 ║ ╠╦╝║║═╬╗╚═╗  │   │ ├─┤└┬┘├┴┐
 ╩ ╩╚═╩╚═╝╚╚═╝  └─┘ ┴ ┴ ┴ ┴ └─┘

!-------------------------------------------------------------------------------------------!
! WARNING: S.G0_iw violates fundamental Green Function property G0(iw)[i,j] = G0(-iw)*[j,i] !
! Symmetrizing S.G0_iw ...                                                                  !
!-------------------------------------------------------------------------------------------!


╔╦╗╦═╗╦╔═╗ ╔═╗  ┌─┐┌┬┐┬ ┬┬ ┬┌┐ 
 ║ ╠╦╝║║═╬╗╚═╗  │   │ ├─┤└┬┘├┴┐
 ╩ ╩╚═╩╚═╝╚╚═╝  └─┘ ┴ ┴ ┴ ┴ └─┘

!-------------------------------------------------------------------------------------------!
! WARNING: S.G0_iw violates fundamental Green Function property G0(iw)[i,j] = G0(-iw)*[j,i] !
! Symmetrizing S.G0_iw ...                                                                  !
!-------------------------------------------------------------------------------------------!


╔╦╗╦═╗╦╔═╗ ╔═╗  ┌─┐┌┬┐┬ ┬┬ ┬┌┐ 
 ║ ╠╦╝║║═╬╗╚═╗  │   │ ├─┤└┬┘├┴┐
 ╩ ╩╚═╩╚═╝╚╚═╝  └─┘ ┴ ┴ ┴ ┴ └─┘

!-------------------------------------------------------------------------------------------!
! WARNING: S.G0_iw violates fundamental Green Function property G0(iw)[i,j] = G0(-iw)*[j,i] !
! Symmetrizing S.G0_iw ...                                                                  !
!-------------------------------------------------------------------------------------------!


╔╦╗╦═╗╦╔═╗ ╔═╗  ┌─┐┌┬┐┬ ┬┬ ┬┌┐ 
 ║ ╠╦╝║║═╬╗╚═╗  │   │ ├─┤└┬┘├┴┐
 ╩ ╩╚═╩╚═╝╚╚═╝  └─┘ ┴ ┴ ┴ ┴ └─┘

!-------------------------------------------------------------------------------------------!
! WARNING: S.G0_iw violates fundamental Green Function property G0(iw)[i,j] = G0(-iw)*[j,i] !
! Symmetrizing S.G0_iw ...                                                                  !
!-------------------------------------------------------------------------------------------!


╔╦╗╦═╗╦╔═╗ ╔═╗  ┌─┐┌┬┐┬ ┬┬ ┬┌┐ 
 ║ ╠╦╝║║═╬╗╚═╗  │   │ ├─┤└┬┘├┴┐
 ╩ ╩╚═╩╚═╝╚╚═╝  └─┘ ┴ ┴ ┴ ┴ └─┘

!-------------------------------------------------------------------------------------------!
! WARNING: S.G0_iw violates fundamental Green Function property G0(iw)[i,j] = G0(-iw)*[j,i] !
! Symmetrizing S.G0_iw ...                                                                  !
!-------------------------------------------------------------------------------------------!

Warning! Delta_tau diagonal term has max imaginary part: 1.13249e-06Disregarding imaginary part 
Warning! Delta_tau diagonal term has max imaginary part: 1.19209e-06Disregarding imaginary part 
Warning! Delta_tau diagonal term has max imaginary part: 1.07288e-06Disregarding imaginary part 
Warning! Delta_tau diagonal term has max imaginary part: 1.07288e-06Disregarding imaginary part 
Warning! Delta_tau diagonal term has max imaginary part: 1.19209e-06Disregarding imaginary part 
Warning! Delta_tau diagonal term has max imaginary part: 1.2517e-06Disregarding imaginary part 
Warning! Delta_tau diagonal term has max imaginary part: 9.53674e-07Disregarding imaginary part 
Warning! Delta_tau diagonal term has max imaginary part: 1.19209e-06Disregarding imaginary part 
Warning! Delta_tau diagonal term has max imaginary part: 1.13249e-06Disregarding imaginary part 
Warning! Delta_tau diagonal term has max imaginary part: 1.01328e-06Disregarding imaginary part 
Warning! Delta_tau diagonal term has max imaginary part: 1.13249e-06Disregarding imaginary part 
Warning! Delta_tau diagonal term has max imaginary part: 1.05798e-06Disregarding imaginary part 
The local Hamiltonian of the problem:

╔╦╗╦═╗╦╔═╗ ╔═╗  ┌─┐┌┬┐┬ ┬┬ ┬┌┐ 
 ║ ╠╦╝║║═╬╗╚═╗  │   │ ├─┤└┬┘├┴┐
 ╩ ╩╚═╩╚═╝╚╚═╝  └─┘ ┴ ┴ ┴ ┴ └─┘

!-------------------------------------------------------------------------------------------!
! WARNING: S.G0_iw violates fundamental Green Function property G0(iw)[i,j] = G0(-iw)*[j,i] !
! Symmetrizing S.G0_iw ...                                                                  !
!-------------------------------------------------------------------------------------------!

3.34269*c_dag('down',0)*c('down',5) + -9.08878*c_dag('down',0)*c('down',4) + -32.2345*c_dag('down',0)*c('down',3) + 16.7775*c_dag('down',0)*c('down',2) + 8.47353*c_dag('down',0)*c('down',1) + -13489.7*c_dag('down',0)*c('down',0) + 6.24428*c_dag('down',1)*c('down',5) + -2.63636*c_dag('down',1)*c('down',4) + 6.99653*c_dag('down',1)*c('down',3) + -4.61176*c_dag('down',1)*c('down',2) + -22036.9*c_dag('down',1)*c('down',1) + 8.47353*c_dag('down',1)*c('down',0) + -8.9367*c_dag('down',2)*c('down',5) + -8.02361*c_dag('down',2)*c('down',4) + -0.496478*c_dag('down',2)*c('down',3) + -22167.4*c_dag('down',2)*c('down',2) + -4.61176*c_dag('down',2)*c('down',1) + 16.7775*c_dag('down',2)*c('down',0) + 3.51577*c_dag('down',3)*c('down',5) + -9.39206*c_dag('down',3)*c('down',4) + -22163.1*c_dag('down',3)*c('down',3) + -0.496478*c_dag('down',3)*c('down',2) + 6.99653*c_dag('down',3)*c('down',1) + -32.2345*c_dag('down',3)*c('down',0) + -0.489128*c_dag('down',4)*c('down',5) + -22030.4*c_dag('down',4)*c('down',4) + -9.39206*c_dag('down',4)*c('down',3) + -8.02361*c_dag('down',4)*c('down',2) + -2.63636*c_dag('down',4)*c('down',1) + -9.08878*c_dag('down',4)*c('down',0) + -22169.1*c_dag('down',5)*c('down',5) + -0.489128*c_dag('down',5)*c('down',4) + 3.51577*c_dag('down',5)*c('down',3) + -8.9367*c_dag('down',5)*c('down',2) + 6.24428*c_dag('down',5)*c('down',1) + 3.34269*c_dag('down',5)*c('down',0) + 19.1934*c_dag('up',0)*c('up',5) + -10.6934*c_dag('up',0)*c('up',4) + -36.8335*c_dag('up',0)*c('up',3) + 26.4368*c_dag('up',0)*c('up',2) + 15.0614*c_dag('up',0)*c('up',1) + -13586.1*c_dag('up',0)*c('up',0) + 7.50881*c_dag('up',1)*c('up',5) + -2.654*c_dag('up',1)*c('up',4) + 4.71606*c_dag('up',1)*c('up',3) + -3.39894*c_dag('up',1)*c('up',2) + -22036.1*c_dag('up',1)*c('up',1) + 15.0614*c_dag('up',1)*c('up',0) + -6.14581*c_dag('up',2)*c('up',5) + -8.33949*c_dag('up',2)*c('up',4) + -3.69645*c_dag('up',2)*c('up',3) + -22164.8*c_dag('up',2)*c('up',2) + -3.39894*c_dag('up',2)*c('up',1) + 26.4368*c_dag('up',2)*c('up',0) + -0.392026*c_dag('up',3)*c('up',5) + -9.15928*c_dag('up',3)*c('up',4) + -22160.6*c_dag('up',3)*c('up',3) + -3.69645*c_dag('up',3)*c('up',2) + 4.71606*c_dag('up',3)*c('up',1) + -36.8335*c_dag('up',3)*c('up',0) + -0.773789*c_dag('up',4)*c('up',5) + -22029.9*c_dag('up',4)*c('up',4) + -9.15928*c_dag('up',4)*c('up',3) + -8.33949*c_dag('up',4)*c('up',2) + -2.654*c_dag('up',4)*c('up',1) + -10.6934*c_dag('up',4)*c('up',0) + -22166.2*c_dag('up',5)*c('up',5) + -0.773789*c_dag('up',5)*c('up',4) + -0.392026*c_dag('up',5)*c('up',3) + -6.14581*c_dag('up',5)*c('up',2) + 7.50881*c_dag('up',5)*c('up',1) + 19.1934*c_dag('up',5)*c('up',0) + 4*c_dag('down',0)*c_dag('up',0)*c('up',0)*c('down',0) + 4*c_dag('down',1)*c_dag('up',1)*c('up',1)*c('down',1) + 4*c_dag('down',2)*c_dag('up',2)*c('up',2)*c('down',2) + 4*c_dag('down',3)*c_dag('up',3)*c('up',3)*c('down',3) + 4*c_dag('down',4)*c_dag('up',4)*c('up',4)*c('down',4) + 4*c_dag('down',5)*c_dag('up',5)*c('up',5)*c('down',5)
Using autopartition algorithm to partition the local Hilbert space

╔╦╗╦═╗╦╔═╗ ╔═╗  ┌─┐┌┬┐┬ ┬┬ ┬┌┐ 
 ║ ╠╦╝║║═╬╗╚═╗  │   │ ├─┤└┬┘├┴┐
 ╩ ╩╚═╩╚═╝╚╚═╝  └─┘ ┴ ┴ ┴ ┴ └─┘

!-------------------------------------------------------------------------------------------!
! WARNING: S.G0_iw violates fundamental Green Function property G0(iw)[i,j] = G0(-iw)*[j,i] !
! Symmetrizing S.G0_iw ...                                                                  !
!-------------------------------------------------------------------------------------------!

Warning! Delta_tau diagonal term has max imaginary part: 1.13249e-06Disregarding imaginary part 
Warning! Delta_tau diagonal term has max imaginary part: 1.19209e-06Disregarding imaginary part 
Warning! Delta_tau diagonal term has max imaginary part: 1.07288e-06Disregarding imaginary part 
Warning! Delta_tau diagonal term has max imaginary part: 1.07288e-06Disregarding imaginary part 
Warning! Delta_tau diagonal term has max imaginary part: 1.19209e-06Disregarding imaginary part 
Warning! Delta_tau diagonal term has max imaginary part: 1.2517e-06Disregarding imaginary part 
Warning! Delta_tau diagonal term has max imaginary part: 9.53674e-07Disregarding imaginary part 
Warning! Delta_tau diagonal term has max imaginary part: 1.19209e-06Disregarding imaginary part 
Warning! Delta_tau diagonal term has max imaginary part: 1.13249e-06Disregarding imaginary part 
Warning! Delta_tau diagonal term has max imaginary part: 1.01328e-06Disregarding imaginary part 
Warning! Delta_tau diagonal term has max imaginary part: 1.13249e-06Disregarding imaginary part 
Warning! Delta_tau diagonal term has max imaginary part: 1.05798e-06Disregarding imaginary part 
The local Hamiltonian of the problem:
3.34269*c_dag('down',0)*c('down',5) + -9.08878*c_dag('down',0)*c('down',4) + -32.2345*c_dag('down',0)*c('down',3) + 16.7775*c_dag('down',0)*c('down',2) + 8.47353*c_dag('down',0)*c('down',1) + -13489.7*c_dag('down',0)*c('down',0) + 6.24428*c_dag('down',1)*c('down',5) + -2.63636*c_dag('down',1)*c('down',4) + 6.99653*c_dag('down',1)*c('down',3) + -4.61176*c_dag('down',1)*c('down',2) + -22036.9*c_dag('down',1)*c('down',1) + 8.47353*c_dag('down',1)*c('down',0) + -8.9367*c_dag('down',2)*c('down',5) + -8.02361*c_dag('down',2)*c('down',4) + -0.496478*c_dag('down',2)*c('down',3) + -22167.4*c_dag('down',2)*c('down',2) + -4.61176*c_dag('down',2)*c('down',1) + 16.7775*c_dag('down',2)*c('down',0) + 3.51577*c_dag('down',3)*c('down',5) + -9.39206*c_dag('down',3)*c('down',4) + -22163.1*c_dag('down',3)*c('down',3) + -0.496478*c_dag('down',3)*c('down',2) + 6.99653*c_dag('down',3)*c('down',1) + -32.2345*c_dag('down',3)*c('down',0) + -0.489128*c_dag('down',4)*c('down',5) + -22030.4*c_dag('down',4)*c('down',4) + -9.39206*c_dag('down',4)*c('down',3) + -8.02361*c_dag('down',4)*c('down',2) + -2.63636*c_dag('down',4)*c('down',1) + -9.08878*c_dag('down',4)*c('down',0) + -22169.1*c_dag('down',5)*c('down',5) + -0.489128*c_dag('down',5)*c('down',4) + 3.51577*c_dag('down',5)*c('down',3) + -8.9367*c_dag('down',5)*c('down',2) + 6.24428*c_dag('down',5)*c('down',1) + 3.34269*c_dag('down',5)*c('down',0) + 19.1934*c_dag('up',0)*c('up',5) + -10.6934*c_dag('up',0)*c('up',4) + -36.8335*c_dag('up',0)*c('up',3) + 26.4368*c_dag('up',0)*c('up',2) + 15.0614*c_dag('up',0)*c('up',1) + -13586.1*c_dag('up',0)*c('up',0) + 7.50881*c_dag('up',1)*c('up',5) + -2.654*c_dag('up',1)*c('up',4) + 4.71606*c_dag('up',1)*c('up',3) + -3.39894*c_dag('up',1)*c('up',2) + -22036.1*c_dag('up',1)*c('up',1) + 15.0614*c_dag('up',1)*c('up',0) + -6.14581*c_dag('up',2)*c('up',5) + -8.33949*c_dag('up',2)*c('up',4) + -3.69645*c_dag('up',2)*c('up',3) + -22164.8*c_dag('up',2)*c('up',2) + -3.39894*c_dag('up',2)*c('up',1) + 26.4368*c_dag('up',2)*c('up',0) + -0.392026*c_dag('up',3)*c('up',5) + -9.15928*c_dag('up',3)*c('up',4) + -22160.6*c_dag('up',3)*c('up',3) + -3.69645*c_dag('up',3)*c('up',2) + 4.71606*c_dag('up',3)*c('up',1) + -36.8335*c_dag('up',3)*c('up',0) + -0.773789*c_dag('up',4)*c('up',5) + -22029.9*c_dag('up',4)*c('up',4) + -9.15928*c_dag('up',4)*c('up',3) + -8.33949*c_dag('up',4)*c('up',2) + -2.654*c_dag('up',4)*c('up',1) + -10.6934*c_dag('up',4)*c('up',0) + -22166.2*c_dag('up',5)*c('up',5) + -0.773789*c_dag('up',5)*c('up',4) + -0.392026*c_dag('up',5)*c('up',3) + -6.14581*c_dag('up',5)*c('up',2) + 7.50881*c_dag('up',5)*c('up',1) + 19.1934*c_dag('up',5)*c('up',0) + 4*c_dag('down',0)*c_dag('up',0)*c('up',0)*c('down',0) + 4*c_dag('down',1)*c_dag('up',1)*c('up',1)*c('down',1) + 4*c_dag('down',2)*c_dag('up',2)*c('up',2)*c('down',2) + 4*c_dag('down',3)*c_dag('up',3)*c('up',3)*c('down',3) + 4*c_dag('down',4)*c_dag('up',4)*c('up',4)*c('down',4) + 4*c_dag('down',5)*c_dag('up',5)*c('up',5)*c('down',5)
Using autopartition algorithm to partition the local Hilbert space
Warning! Delta_tau diagonal term has max imaginary part: 1.13249e-06Disregarding imaginary part 
Warning! Delta_tau diagonal term has max imaginary part: 1.19209e-06Disregarding imaginary part 
Warning! Delta_tau diagonal term has max imaginary part: 1.07288e-06Disregarding imaginary part 
Warning! Delta_tau diagonal term has max imaginary part: 1.07288e-06Disregarding imaginary part 
Warning! Delta_tau diagonal term has max imaginary part: 1.19209e-06Disregarding imaginary part 
Warning! Delta_tau diagonal term has max imaginary part: 1.2517e-06Disregarding imaginary part 
Warning! Delta_tau diagonal term has max imaginary part: 9.53674e-07Disregarding imaginary part 
Warning! Delta_tau diagonal term has max imaginary part: 1.19209e-06Disregarding imaginary part 
Warning! Delta_tau diagonal term has max imaginary part: 1.13249e-06Disregarding imaginary part 
Warning! Delta_tau diagonal term has max imaginary part: 1.01328e-06Disregarding imaginary part 
Warning! Delta_tau diagonal term has max imaginary part: 1.13249e-06Disregarding imaginary part 
Warning! Delta_tau diagonal term has max imaginary part: 1.05798e-06Disregarding imaginary part 
The local Hamiltonian of the problem:
3.34269*c_dag('down',0)*c('down',5) + -9.08878*c_dag('down',0)*c('down',4) + -32.2345*c_dag('down',0)*c('down',3) + 16.7775*c_dag('down',0)*c('down',2) + 8.47353*c_dag('down',0)*c('down',1) + -13489.7*c_dag('down',0)*c('down',0) + 6.24428*c_dag('down',1)*c('down',5) + -2.63636*c_dag('down',1)*c('down',4) + 6.99653*c_dag('down',1)*c('down',3) + -4.61176*c_dag('down',1)*c('down',2) + -22036.9*c_dag('down',1)*c('down',1) + 8.47353*c_dag('down',1)*c('down',0) + -8.9367*c_dag('down',2)*c('down',5) + -8.02361*c_dag('down',2)*c('down',4) + -0.496478*c_dag('down',2)*c('down',3) + -22167.4*c_dag('down',2)*c('down',2) + -4.61176*c_dag('down',2)*c('down',1) + 16.7775*c_dag('down',2)*c('down',0) + 3.51577*c_dag('down',3)*c('down',5) + -9.39206*c_dag('down',3)*c('down',4) + -22163.1*c_dag('down',3)*c('down',3) + -0.496478*c_dag('down',3)*c('down',2) + 6.99653*c_dag('down',3)*c('down',1) + -32.2345*c_dag('down',3)*c('down',0) + -0.489128*c_dag('down',4)*c('down',5) + -22030.4*c_dag('down',4)*c('down',4) + -9.39206*c_dag('down',4)*c('down',3) + -8.02361*c_dag('down',4)*c('down',2) + -2.63636*c_dag('down',4)*c('down',1) + -9.08878*c_dag('down',4)*c('down',0) + -22169.1*c_dag('down',5)*c('down',5) + -0.489128*c_dag('down',5)*c('down',4) + 3.51577*c_dag('down',5)*c('down',3) + -8.9367*c_dag('down',5)*c('down',2) + 6.24428*c_dag('down',5)*c('down',1) + 3.34269*c_dag('down',5)*c('down',0) + 19.1934*c_dag('up',0)*c('up',5) + -10.6934*c_dag('up',0)*c('up',4) + -36.8335*c_dag('up',0)*c('up',3) + 26.4368*c_dag('up',0)*c('up',2) + 15.0614*c_dag('up',0)*c('up',1) + -13586.1*c_dag('up',0)*c('up',0) + 7.50881*c_dag('up',1)*c('up',5) + -2.654*c_dag('up',1)*c('up',4) + 4.71606*c_dag('up',1)*c('up',3) + -3.39894*c_dag('up',1)*c('up',2) + -22036.1*c_dag('up',1)*c('up',1) + 15.0614*c_dag('up',1)*c('up',0) + -6.14581*c_dag('up',2)*c('up',5) + -8.33949*c_dag('up',2)*c('up',4) + -3.69645*c_dag('up',2)*c('up',3) + -22164.8*c_dag('up',2)*c('up',2) + -3.39894*c_dag('up',2)*c('up',1) + 26.4368*c_dag('up',2)*c('up',0) + -0.392026*c_dag('up',3)*c('up',5) + -9.15928*c_dag('up',3)*c('up',4) + -22160.6*c_dag('up',3)*c('up',3) + -3.69645*c_dag('up',3)*c('up',2) + 4.71606*c_dag('up',3)*c('up',1) + -36.8335*c_dag('up',3)*c('up',0) + -0.773789*c_dag('up',4)*c('up',5) + -22029.9*c_dag('up',4)*c('up',4) + -9.15928*c_dag('up',4)*c('up',3) + -8.33949*c_dag('up',4)*c('up',2) + -2.654*c_dag('up',4)*c('up',1) + -10.6934*c_dag('up',4)*c('up',0) + -22166.2*c_dag('up',5)*c('up',5) + -0.773789*c_dag('up',5)*c('up',4) + -0.392026*c_dag('up',5)*c('up',3) + -6.14581*c_dag('up',5)*c('up',2) + 7.50881*c_dag('up',5)*c('up',1) + 19.1934*c_dag('up',5)*c('up',0) + 4*c_dag('down',0)*c_dag('up',0)*c('up',0)*c('down',0) + 4*c_dag('down',1)*c_dag('up',1)*c('up',1)*c('down',1) + 4*c_dag('down',2)*c_dag('up',2)*c('up',2)*c('down',2) + 4*c_dag('down',3)*c_dag('up',3)*c('up',3)*c('down',3) + 4*c_dag('down',4)*c_dag('up',4)*c('up',4)*c('down',4) + 4*c_dag('down',5)*c_dag('up',5)*c('up',5)*c('down',5)
Using autopartition algorithm to partition the local Hilbert space
Warning! Delta_tau diagonal term has max imaginary part: 1.13249e-06Disregarding imaginary part 
Warning! Delta_tau diagonal term has max imaginary part: 1.19209e-06Disregarding imaginary part 
Warning! Delta_tau diagonal term has max imaginary part: 1.07288e-06Disregarding imaginary part 
Warning! Delta_tau diagonal term has max imaginary part: 1.07288e-06Disregarding imaginary part 
Warning! Delta_tau diagonal term has max imaginary part: 1.19209e-06Disregarding imaginary part 
Warning! Delta_tau diagonal term has max imaginary part: 1.2517e-06Disregarding imaginary part 
Warning! Delta_tau diagonal term has max imaginary part: 9.53674e-07Disregarding imaginary part 
Warning! Delta_tau diagonal term has max imaginary part: 1.19209e-06Disregarding imaginary part 
Warning! Delta_tau diagonal term has max imaginary part: 1.13249e-06Disregarding imaginary part 
Warning! Delta_tau diagonal term has max imaginary part: 1.01328e-06Disregarding imaginary part 
Warning! Delta_tau diagonal term has max imaginary part: 1.13249e-06Disregarding imaginary part 
Warning! Delta_tau diagonal term has max imaginary part: 1.05798e-06Disregarding imaginary part 
The local Hamiltonian of the problem:
3.34269*c_dag('down',0)*c('down',5) + -9.08878*c_dag('down',0)*c('down',4) + -32.2345*c_dag('down',0)*c('down',3) + 16.7775*c_dag('down',0)*c('down',2) + 8.47353*c_dag('down',0)*c('down',1) + -13489.7*c_dag('down',0)*c('down',0) + 6.24428*c_dag('down',1)*c('down',5) + -2.63636*c_dag('down',1)*c('down',4) + 6.99653*c_dag('down',1)*c('down',3) + -4.61176*c_dag('down',1)*c('down',2) + -22036.9*c_dag('down',1)*c('down',1) + 8.47353*c_dag('down',1)*c('down',0) + -8.9367*c_dag('down',2)*c('down',5) + -8.02361*c_dag('down',2)*c('down',4) + -0.496478*c_dag('down',2)*c('down',3) + -22167.4*c_dag('down',2)*c('down',2) + -4.61176*c_dag('down',2)*c('down',1) + 16.7775*c_dag('down',2)*c('down',0) + 3.51577*c_dag('down',3)*c('down',5) + -9.39206*c_dag('down',3)*c('down',4) + -22163.1*c_dag('down',3)*c('down',3) + -0.496478*c_dag('down',3)*c('down',2) + 6.99653*c_dag('down',3)*c('down',1) + -32.2345*c_dag('down',3)*c('down',0) + -0.489128*c_dag('down',4)*c('down',5) + -22030.4*c_dag('down',4)*c('down',4) + -9.39206*c_dag('down',4)*c('down',3) + -8.02361*c_dag('down',4)*c('down',2) + -2.63636*c_dag('down',4)*c('down',1) + -9.08878*c_dag('down',4)*c('down',0) + -22169.1*c_dag('down',5)*c('down',5) + -0.489128*c_dag('down',5)*c('down',4) + 3.51577*c_dag('down',5)*c('down',3) + -8.9367*c_dag('down',5)*c('down',2) + 6.24428*c_dag('down',5)*c('down',1) + 3.34269*c_dag('down',5)*c('down',0) + 19.1934*c_dag('up',0)*c('up',5) + -10.6934*c_dag('up',0)*c('up',4) + -36.8335*c_dag('up',0)*c('up',3) + 26.4368*c_dag('up',0)*c('up',2) + 15.0614*c_dag('up',0)*c('up',1) + -13586.1*c_dag('up',0)*c('up',0) + 7.50881*c_dag('up',1)*c('up',5) + -2.654*c_dag('up',1)*c('up',4) + 4.71606*c_dag('up',1)*c('up',3) + -3.39894*c_dag('up',1)*c('up',2) + -22036.1*c_dag('up',1)*c('up',1) + 15.0614*c_dag('up',1)*c('up',0) + -6.14581*c_dag('up',2)*c('up',5) + -8.33949*c_dag('up',2)*c('up',4) + -3.69645*c_dag('up',2)*c('up',3) + -22164.8*c_dag('up',2)*c('up',2) + -3.39894*c_dag('up',2)*c('up',1) + 26.4368*c_dag('up',2)*c('up',0) + -0.392026*c_dag('up',3)*c('up',5) + -9.15928*c_dag('up',3)*c('up',4) + -22160.6*c_dag('up',3)*c('up',3) + -3.69645*c_dag('up',3)*c('up',2) + 4.71606*c_dag('up',3)*c('up',1) + -36.8335*c_dag('up',3)*c('up',0) + -0.773789*c_dag('up',4)*c('up',5) + -22029.9*c_dag('up',4)*c('up',4) + -9.15928*c_dag('up',4)*c('up',3) + -8.33949*c_dag('up',4)*c('up',2) + -2.654*c_dag('up',4)*c('up',1) + -10.6934*c_dag('up',4)*c('up',0) + -22166.2*c_dag('up',5)*c('up',5) + -0.773789*c_dag('up',5)*c('up',4) + -0.392026*c_dag('up',5)*c('up',3) + -6.14581*c_dag('up',5)*c('up',2) + 7.50881*c_dag('up',5)*c('up',1) + 19.1934*c_dag('up',5)*c('up',0) + 4*c_dag('down',0)*c_dag('up',0)*c('up',0)*c('down',0) + 4*c_dag('down',1)*c_dag('up',1)*c('up',1)*c('down',1) + 4*c_dag('down',2)*c_dag('up',2)*c('up',2)*c('down',2) + 4*c_dag('down',3)*c_dag('up',3)*c('up',3)*c('down',3) + 4*c_dag('down',4)*c_dag('up',4)*c('up',4)*c('down',4) + 4*c_dag('down',5)*c_dag('up',5)*c('up',5)*c('down',5)
Using autopartition algorithm to partition the local Hilbert space
Warning! Delta_tau diagonal term has max imaginary part: 1.13249e-06Disregarding imaginary part 
Warning! Delta_tau diagonal term has max imaginary part: 1.19209e-06Disregarding imaginary part 
Warning! Delta_tau diagonal term has max imaginary part: 1.07288e-06Disregarding imaginary part 
Warning! Delta_tau diagonal term has max imaginary part: 1.07288e-06Disregarding imaginary part 
Warning! Delta_tau diagonal term has max imaginary part: 1.19209e-06Disregarding imaginary part 
Warning! Delta_tau diagonal term has max imaginary part: 1.2517e-06Disregarding imaginary part 
Warning! Delta_tau diagonal term has max imaginary part: 9.53674e-07Disregarding imaginary part 
Warning! Delta_tau diagonal term has max imaginary part: 1.19209e-06Disregarding imaginary part 
Warning! Delta_tau diagonal term has max imaginary part: 1.13249e-06Disregarding imaginary part 
Warning! Delta_tau diagonal term has max imaginary part: 1.01328e-06Disregarding imaginary part 
Warning! Delta_tau diagonal term has max imaginary part: 1.13249e-06Disregarding imaginary part 
Warning! Delta_tau diagonal term has max imaginary part: 1.05798e-06Disregarding imaginary part 
The local Hamiltonian of the problem:
3.34269*c_dag('down',0)*c('down',5) + -9.08878*c_dag('down',0)*c('down',4) + -32.2345*c_dag('down',0)*c('down',3) + 16.7775*c_dag('down',0)*c('down',2) + 8.47353*c_dag('down',0)*c('down',1) + -13489.7*c_dag('down',0)*c('down',0) + 6.24428*c_dag('down',1)*c('down',5) + -2.63636*c_dag('down',1)*c('down',4) + 6.99653*c_dag('down',1)*c('down',3) + -4.61176*c_dag('down',1)*c('down',2) + -22036.9*c_dag('down',1)*c('down',1) + 8.47353*c_dag('down',1)*c('down',0) + -8.9367*c_dag('down',2)*c('down',5) + -8.02361*c_dag('down',2)*c('down',4) + -0.496478*c_dag('down',2)*c('down',3) + -22167.4*c_dag('down',2)*c('down',2) + -4.61176*c_dag('down',2)*c('down',1) + 16.7775*c_dag('down',2)*c('down',0) + 3.51577*c_dag('down',3)*c('down',5) + -9.39206*c_dag('down',3)*c('down',4) + -22163.1*c_dag('down',3)*c('down',3) + -0.496478*c_dag('down',3)*c('down',2) + 6.99653*c_dag('down',3)*c('down',1) + -32.2345*c_dag('down',3)*c('down',0) + -0.489128*c_dag('down',4)*c('down',5) + -22030.4*c_dag('down',4)*c('down',4) + -9.39206*c_dag('down',4)*c('down',3) + -8.02361*c_dag('down',4)*c('down',2) + -2.63636*c_dag('down',4)*c('down',1) + -9.08878*c_dag('down',4)*c('down',0) + -22169.1*c_dag('down',5)*c('down',5) + -0.489128*c_dag('down',5)*c('down',4) + 3.51577*c_dag('down',5)*c('down',3) + -8.9367*c_dag('down',5)*c('down',2) + 6.24428*c_dag('down',5)*c('down',1) + 3.34269*c_dag('down',5)*c('down',0) + 19.1934*c_dag('up',0)*c('up',5) + -10.6934*c_dag('up',0)*c('up',4) + -36.8335*c_dag('up',0)*c('up',3) + 26.4368*c_dag('up',0)*c('up',2) + 15.0614*c_dag('up',0)*c('up',1) + -13586.1*c_dag('up',0)*c('up',0) + 7.50881*c_dag('up',1)*c('up',5) + -2.654*c_dag('up',1)*c('up',4) + 4.71606*c_dag('up',1)*c('up',3) + -3.39894*c_dag('up',1)*c('up',2) + -22036.1*c_dag('up',1)*c('up',1) + 15.0614*c_dag('up',1)*c('up',0) + -6.14581*c_dag('up',2)*c('up',5) + -8.33949*c_dag('up',2)*c('up',4) + -3.69645*c_dag('up',2)*c('up',3) + -22164.8*c_dag('up',2)*c('up',2) + -3.39894*c_dag('up',2)*c('up',1) + 26.4368*c_dag('up',2)*c('up',0) + -0.392026*c_dag('up',3)*c('up',5) + -9.15928*c_dag('up',3)*c('up',4) + -22160.6*c_dag('up',3)*c('up',3) + -3.69645*c_dag('up',3)*c('up',2) + 4.71606*c_dag('up',3)*c('up',1) + -36.8335*c_dag('up',3)*c('up',0) + -0.773789*c_dag('up',4)*c('up',5) + -22029.9*c_dag('up',4)*c('up',4) + -9.15928*c_dag('up',4)*c('up',3) + -8.33949*c_dag('up',4)*c('up',2) + -2.654*c_dag('up',4)*c('up',1) + -10.6934*c_dag('up',4)*c('up',0) + -22166.2*c_dag('up',5)*c('up',5) + -0.773789*c_dag('up',5)*c('up',4) + -0.392026*c_dag('up',5)*c('up',3) + -6.14581*c_dag('up',5)*c('up',2) + 7.50881*c_dag('up',5)*c('up',1) + 19.1934*c_dag('up',5)*c('up',0) + 4*c_dag('down',0)*c_dag('up',0)*c('up',0)*c('down',0) + 4*c_dag('down',1)*c_dag('up',1)*c('up',1)*c('down',1) + 4*c_dag('down',2)*c_dag('up',2)*c('up',2)*c('down',2) + 4*c_dag('down',3)*c_dag('up',3)*c('up',3)*c('down',3) + 4*c_dag('down',4)*c_dag('up',4)*c('up',4)*c('down',4) + 4*c_dag('down',5)*c_dag('up',5)*c('up',5)*c('down',5)
Using autopartition algorithm to partition the local Hilbert space
Warning! Delta_tau diagonal term has max imaginary part: 1.13249e-06Disregarding imaginary part 
Warning! Delta_tau diagonal term has max imaginary part: 1.19209e-06Disregarding imaginary part 
Warning! Delta_tau diagonal term has max imaginary part: 1.07288e-06Disregarding imaginary part 
Warning! Delta_tau diagonal term has max imaginary part: 1.07288e-06Disregarding imaginary part 
Warning! Delta_tau diagonal term has max imaginary part: 1.19209e-06Disregarding imaginary part 
Warning! Delta_tau diagonal term has max imaginary part: 1.2517e-06Disregarding imaginary part 
Warning! Delta_tau diagonal term has max imaginary part: 9.53674e-07Disregarding imaginary part 
Warning! Delta_tau diagonal term has max imaginary part: 1.19209e-06Disregarding imaginary part 
Warning! Delta_tau diagonal term has max imaginary part: 1.13249e-06Disregarding imaginary part 
Warning! Delta_tau diagonal term has max imaginary part: 1.01328e-06Disregarding imaginary part 
Warning! Delta_tau diagonal term has max imaginary part: 1.13249e-06Disregarding imaginary part 
Warning! Delta_tau diagonal term has max imaginary part: 1.05798e-06Disregarding imaginary part 
The local Hamiltonian of the problem:
3.34269*c_dag('down',0)*c('down',5) + -9.08878*c_dag('down',0)*c('down',4) + -32.2345*c_dag('down',0)*c('down',3) + 16.7775*c_dag('down',0)*c('down',2) + 8.47353*c_dag('down',0)*c('down',1) + -13489.7*c_dag('down',0)*c('down',0) + 6.24428*c_dag('down',1)*c('down',5) + -2.63636*c_dag('down',1)*c('down',4) + 6.99653*c_dag('down',1)*c('down',3) + -4.61176*c_dag('down',1)*c('down',2) + -22036.9*c_dag('down',1)*c('down',1) + 8.47353*c_dag('down',1)*c('down',0) + -8.9367*c_dag('down',2)*c('down',5) + -8.02361*c_dag('down',2)*c('down',4) + -0.496478*c_dag('down',2)*c('down',3) + -22167.4*c_dag('down',2)*c('down',2) + -4.61176*c_dag('down',2)*c('down',1) + 16.7775*c_dag('down',2)*c('down',0) + 3.51577*c_dag('down',3)*c('down',5) + -9.39206*c_dag('down',3)*c('down',4) + -22163.1*c_dag('down',3)*c('down',3) + -0.496478*c_dag('down',3)*c('down',2) + 6.99653*c_dag('down',3)*c('down',1) + -32.2345*c_dag('down',3)*c('down',0) + -0.489128*c_dag('down',4)*c('down',5) + -22030.4*c_dag('down',4)*c('down',4) + -9.39206*c_dag('down',4)*c('down',3) + -8.02361*c_dag('down',4)*c('down',2) + -2.63636*c_dag('down',4)*c('down',1) + -9.08878*c_dag('down',4)*c('down',0) + -22169.1*c_dag('down',5)*c('down',5) + -0.489128*c_dag('down',5)*c('down',4) + 3.51577*c_dag('down',5)*c('down',3) + -8.9367*c_dag('down',5)*c('down',2) + 6.24428*c_dag('down',5)*c('down',1) + 3.34269*c_dag('down',5)*c('down',0) + 19.1934*c_dag('up',0)*c('up',5) + -10.6934*c_dag('up',0)*c('up',4) + -36.8335*c_dag('up',0)*c('up',3) + 26.4368*c_dag('up',0)*c('up',2) + 15.0614*c_dag('up',0)*c('up',1) + -13586.1*c_dag('up',0)*c('up',0) + 7.50881*c_dag('up',1)*c('up',5) + -2.654*c_dag('up',1)*c('up',4) + 4.71606*c_dag('up',1)*c('up',3) + -3.39894*c_dag('up',1)*c('up',2) + -22036.1*c_dag('up',1)*c('up',1) + 15.0614*c_dag('up',1)*c('up',0) + -6.14581*c_dag('up',2)*c('up',5) + -8.33949*c_dag('up',2)*c('up',4) + -3.69645*c_dag('up',2)*c('up',3) + -22164.8*c_dag('up',2)*c('up',2) + -3.39894*c_dag('up',2)*c('up',1) + 26.4368*c_dag('up',2)*c('up',0) + -0.392026*c_dag('up',3)*c('up',5) + -9.15928*c_dag('up',3)*c('up',4) + -22160.6*c_dag('up',3)*c('up',3) + -3.69645*c_dag('up',3)*c('up',2) + 4.71606*c_dag('up',3)*c('up',1) + -36.8335*c_dag('up',3)*c('up',0) + -0.773789*c_dag('up',4)*c('up',5) + -22029.9*c_dag('up',4)*c('up',4) + -9.15928*c_dag('up',4)*c('up',3) + -8.33949*c_dag('up',4)*c('up',2) + -2.654*c_dag('up',4)*c('up',1) + -10.6934*c_dag('up',4)*c('up',0) + -22166.2*c_dag('up',5)*c('up',5) + -0.773789*c_dag('up',5)*c('up',4) + -0.392026*c_dag('up',5)*c('up',3) + -6.14581*c_dag('up',5)*c('up',2) + 7.50881*c_dag('up',5)*c('up',1) + 19.1934*c_dag('up',5)*c('up',0) + 4*c_dag('down',0)*c_dag('up',0)*c('up',0)*c('down',0) + 4*c_dag('down',1)*c_dag('up',1)*c('up',1)*c('down',1) + 4*c_dag('down',2)*c_dag('up',2)*c('up',2)*c('down',2) + 4*c_dag('down',3)*c_dag('up',3)*c('up',3)*c('down',3) + 4*c_dag('down',4)*c_dag('up',4)*c('up',4)*c('down',4) + 4*c_dag('down',5)*c_dag('up',5)*c('up',5)*c('down',5)
Using autopartition algorithm to partition the local Hilbert space
Warning! Delta_tau diagonal term has max imaginary part: 1.13249e-06Disregarding imaginary part 
Warning! Delta_tau diagonal term has max imaginary part: 1.19209e-06Disregarding imaginary part 
Warning! Delta_tau diagonal term has max imaginary part: 1.07288e-06Disregarding imaginary part 
Warning! Delta_tau diagonal term has max imaginary part: 1.07288e-06Disregarding imaginary part 
Warning! Delta_tau diagonal term has max imaginary part: 1.19209e-06Disregarding imaginary part 
Warning! Delta_tau diagonal term has max imaginary part: 1.2517e-06Disregarding imaginary part 
Warning! Delta_tau diagonal term has max imaginary part: 9.53674e-07Disregarding imaginary part 
Warning! Delta_tau diagonal term has max imaginary part: 1.19209e-06Disregarding imaginary part 
Warning! Delta_tau diagonal term has max imaginary part: 1.13249e-06Disregarding imaginary part 
Warning! Delta_tau diagonal term has max imaginary part: 1.01328e-06Disregarding imaginary part 
Warning! Delta_tau diagonal term has max imaginary part: 1.13249e-06Disregarding imaginary part 
Warning! Delta_tau diagonal term has max imaginary part: 1.05798e-06Disregarding imaginary part 
The local Hamiltonian of the problem:
3.34269*c_dag('down',0)*c('down',5) + -9.08878*c_dag('down',0)*c('down',4) + -32.2345*c_dag('down',0)*c('down',3) + 16.7775*c_dag('down',0)*c('down',2) + 8.47353*c_dag('down',0)*c('down',1) + -13489.7*c_dag('down',0)*c('down',0) + 6.24428*c_dag('down',1)*c('down',5) + -2.63636*c_dag('down',1)*c('down',4) + 6.99653*c_dag('down',1)*c('down',3) + -4.61176*c_dag('down',1)*c('down',2) + -22036.9*c_dag('down',1)*c('down',1) + 8.47353*c_dag('down',1)*c('down',0) + -8.9367*c_dag('down',2)*c('down',5) + -8.02361*c_dag('down',2)*c('down',4) + -0.496478*c_dag('down',2)*c('down',3) + -22167.4*c_dag('down',2)*c('down',2) + -4.61176*c_dag('down',2)*c('down',1) + 16.7775*c_dag('down',2)*c('down',0) + 3.51577*c_dag('down',3)*c('down',5) + -9.39206*c_dag('down',3)*c('down',4) + -22163.1*c_dag('down',3)*c('down',3) + -0.496478*c_dag('down',3)*c('down',2) + 6.99653*c_dag('down',3)*c('down',1) + -32.2345*c_dag('down',3)*c('down',0) + -0.489128*c_dag('down',4)*c('down',5) + -22030.4*c_dag('down',4)*c('down',4) + -9.39206*c_dag('down',4)*c('down',3) + -8.02361*c_dag('down',4)*c('down',2) + -2.63636*c_dag('down',4)*c('down',1) + -9.08878*c_dag('down',4)*c('down',0) + -22169.1*c_dag('down',5)*c('down',5) + -0.489128*c_dag('down',5)*c('down',4) + 3.51577*c_dag('down',5)*c('down',3) + -8.9367*c_dag('down',5)*c('down',2) + 6.24428*c_dag('down',5)*c('down',1) + 3.34269*c_dag('down',5)*c('down',0) + 19.1934*c_dag('up',0)*c('up',5) + -10.6934*c_dag('up',0)*c('up',4) + -36.8335*c_dag('up',0)*c('up',3) + 26.4368*c_dag('up',0)*c('up',2) + 15.0614*c_dag('up',0)*c('up',1) + -13586.1*c_dag('up',0)*c('up',0) + 7.50881*c_dag('up',1)*c('up',5) + -2.654*c_dag('up',1)*c('up',4) + 4.71606*c_dag('up',1)*c('up',3) + -3.39894*c_dag('up',1)*c('up',2) + -22036.1*c_dag('up',1)*c('up',1) + 15.0614*c_dag('up',1)*c('up',0) + -6.14581*c_dag('up',2)*c('up',5) + -8.33949*c_dag('up',2)*c('up',4) + -3.69645*c_dag('up',2)*c('up',3) + -22164.8*c_dag('up',2)*c('up',2) + -3.39894*c_dag('up',2)*c('up',1) + 26.4368*c_dag('up',2)*c('up',0) + -0.392026*c_dag('up',3)*c('up',5) + -9.15928*c_dag('up',3)*c('up',4) + -22160.6*c_dag('up',3)*c('up',3) + -3.69645*c_dag('up',3)*c('up',2) + 4.71606*c_dag('up',3)*c('up',1) + -36.8335*c_dag('up',3)*c('up',0) + -0.773789*c_dag('up',4)*c('up',5) + -22029.9*c_dag('up',4)*c('up',4) + -9.15928*c_dag('up',4)*c('up',3) + -8.33949*c_dag('up',4)*c('up',2) + -2.654*c_dag('up',4)*c('up',1) + -10.6934*c_dag('up',4)*c('up',0) + -22166.2*c_dag('up',5)*c('up',5) + -0.773789*c_dag('up',5)*c('up',4) + -0.392026*c_dag('up',5)*c('up',3) + -6.14581*c_dag('up',5)*c('up',2) + 7.50881*c_dag('up',5)*c('up',1) + 19.1934*c_dag('up',5)*c('up',0) + 4*c_dag('down',0)*c_dag('up',0)*c('up',0)*c('down',0) + 4*c_dag('down',1)*c_dag('up',1)*c('up',1)*c('down',1) + 4*c_dag('down',2)*c_dag('up',2)*c('up',2)*c('down',2) + 4*c_dag('down',3)*c_dag('up',3)*c('up',3)*c('down',3) + 4*c_dag('down',4)*c_dag('up',4)*c('up',4)*c('down',4) + 4*c_dag('down',5)*c_dag('up',5)*c('up',5)*c('down',5)
Using autopartition algorithm to partition the local Hilbert space
Warning! Delta_tau diagonal term has max imaginary part: 1.13249e-06Disregarding imaginary part 
Warning! Delta_tau diagonal term has max imaginary part: 1.19209e-06Disregarding imaginary part 
Warning! Delta_tau diagonal term has max imaginary part: 1.07288e-06Disregarding imaginary part 
Warning! Delta_tau diagonal term has max imaginary part: 1.07288e-06Disregarding imaginary part 
Warning! Delta_tau diagonal term has max imaginary part: 1.19209e-06Disregarding imaginary part 
Warning! Delta_tau diagonal term has max imaginary part: 1.2517e-06Disregarding imaginary part 
Warning! Delta_tau diagonal term has max imaginary part: 9.53674e-07Disregarding imaginary part 
Warning! Delta_tau diagonal term has max imaginary part: 1.19209e-06Disregarding imaginary part 
Warning! Delta_tau diagonal term has max imaginary part: 1.13249e-06Disregarding imaginary part 
Warning! Delta_tau diagonal term has max imaginary part: 1.01328e-06Disregarding imaginary part 
Warning! Delta_tau diagonal term has max imaginary part: 1.13249e-06Disregarding imaginary part 
Warning! Delta_tau diagonal term has max imaginary part: 1.05798e-06Disregarding imaginary part 
The local Hamiltonian of the problem:
3.34269*c_dag('down',0)*c('down',5) + -9.08878*c_dag('down',0)*c('down',4) + -32.2345*c_dag('down',0)*c('down',3) + 16.7775*c_dag('down',0)*c('down',2) + 8.47353*c_dag('down',0)*c('down',1) + -13489.7*c_dag('down',0)*c('down',0) + 6.24428*c_dag('down',1)*c('down',5) + -2.63636*c_dag('down',1)*c('down',4) + 6.99653*c_dag('down',1)*c('down',3) + -4.61176*c_dag('down',1)*c('down',2) + -22036.9*c_dag('down',1)*c('down',1) + 8.47353*c_dag('down',1)*c('down',0) + -8.9367*c_dag('down',2)*c('down',5) + -8.02361*c_dag('down',2)*c('down',4) + -0.496478*c_dag('down',2)*c('down',3) + -22167.4*c_dag('down',2)*c('down',2) + -4.61176*c_dag('down',2)*c('down',1) + 16.7775*c_dag('down',2)*c('down',0) + 3.51577*c_dag('down',3)*c('down',5) + -9.39206*c_dag('down',3)*c('down',4) + -22163.1*c_dag('down',3)*c('down',3) + -0.496478*c_dag('down',3)*c('down',2) + 6.99653*c_dag('down',3)*c('down',1) + -32.2345*c_dag('down',3)*c('down',0) + -0.489128*c_dag('down',4)*c('down',5) + -22030.4*c_dag('down',4)*c('down',4) + -9.39206*c_dag('down',4)*c('down',3) + -8.02361*c_dag('down',4)*c('down',2) + -2.63636*c_dag('down',4)*c('down',1) + -9.08878*c_dag('down',4)*c('down',0) + -22169.1*c_dag('down',5)*c('down',5) + -0.489128*c_dag('down',5)*c('down',4) + 3.51577*c_dag('down',5)*c('down',3) + -8.9367*c_dag('down',5)*c('down',2) + 6.24428*c_dag('down',5)*c('down',1) + 3.34269*c_dag('down',5)*c('down',0) + 19.1934*c_dag('up',0)*c('up',5) + -10.6934*c_dag('up',0)*c('up',4) + -36.8335*c_dag('up',0)*c('up',3) + 26.4368*c_dag('up',0)*c('up',2) + 15.0614*c_dag('up',0)*c('up',1) + -13586.1*c_dag('up',0)*c('up',0) + 7.50881*c_dag('up',1)*c('up',5) + -2.654*c_dag('up',1)*c('up',4) + 4.71606*c_dag('up',1)*c('up',3) + -3.39894*c_dag('up',1)*c('up',2) + -22036.1*c_dag('up',1)*c('up',1) + 15.0614*c_dag('up',1)*c('up',0) + -6.14581*c_dag('up',2)*c('up',5) + -8.33949*c_dag('up',2)*c('up',4) + -3.69645*c_dag('up',2)*c('up',3) + -22164.8*c_dag('up',2)*c('up',2) + -3.39894*c_dag('up',2)*c('up',1) + 26.4368*c_dag('up',2)*c('up',0) + -0.392026*c_dag('up',3)*c('up',5) + -9.15928*c_dag('up',3)*c('up',4) + -22160.6*c_dag('up',3)*c('up',3) + -3.69645*c_dag('up',3)*c('up',2) + 4.71606*c_dag('up',3)*c('up',1) + -36.8335*c_dag('up',3)*c('up',0) + -0.773789*c_dag('up',4)*c('up',5) + -22029.9*c_dag('up',4)*c('up',4) + -9.15928*c_dag('up',4)*c('up',3) + -8.33949*c_dag('up',4)*c('up',2) + -2.654*c_dag('up',4)*c('up',1) + -10.6934*c_dag('up',4)*c('up',0) + -22166.2*c_dag('up',5)*c('up',5) + -0.773789*c_dag('up',5)*c('up',4) + -0.392026*c_dag('up',5)*c('up',3) + -6.14581*c_dag('up',5)*c('up',2) + 7.50881*c_dag('up',5)*c('up',1) + 19.1934*c_dag('up',5)*c('up',0) + 4*c_dag('down',0)*c_dag('up',0)*c('up',0)*c('down',0) + 4*c_dag('down',1)*c_dag('up',1)*c('up',1)*c('down',1) + 4*c_dag('down',2)*c_dag('up',2)*c('up',2)*c('down',2) + 4*c_dag('down',3)*c_dag('up',3)*c('up',3)*c('down',3) + 4*c_dag('down',4)*c_dag('up',4)*c('up',4)*c('down',4) + 4*c_dag('down',5)*c_dag('up',5)*c('up',5)*c('down',5)
Using autopartition algorithm to partition the local Hilbert space

╔╦╗╦═╗╦╔═╗ ╔═╗  ┌─┐┌┬┐┬ ┬┬ ┬┌┐ 
 ║ ╠╦╝║║═╬╗╚═╗  │   │ ├─┤└┬┘├┴┐
 ╩ ╩╚═╩╚═╝╚╚═╝  └─┘ ┴ ┴ ┴ ┴ └─┘

!-------------------------------------------------------------------------------------------!
! WARNING: S.G0_iw violates fundamental Green Function property G0(iw)[i,j] = G0(-iw)*[j,i] !
! Symmetrizing S.G0_iw ...                                                                  !
!-------------------------------------------------------------------------------------------!

Warning! Delta_tau diagonal term has max imaginary part: 1.13249e-06Disregarding imaginary part 
Warning! Delta_tau diagonal term has max imaginary part: 1.19209e-06Disregarding imaginary part 
Warning! Delta_tau diagonal term has max imaginary part: 1.07288e-06Disregarding imaginary part 
Warning! Delta_tau diagonal term has max imaginary part: 1.07288e-06Disregarding imaginary part 
Warning! Delta_tau diagonal term has max imaginary part: 1.19209e-06Disregarding imaginary part 
Warning! Delta_tau diagonal term has max imaginary part: 1.2517e-06Disregarding imaginary part 
Warning! Delta_tau diagonal term has max imaginary part: 9.53674e-07Disregarding imaginary part 
Warning! Delta_tau diagonal term has max imaginary part: 1.19209e-06Disregarding imaginary part 
Warning! Delta_tau diagonal term has max imaginary part: 1.13249e-06Disregarding imaginary part 
Warning! Delta_tau diagonal term has max imaginary part: 1.01328e-06Disregarding imaginary part 
Warning! Delta_tau diagonal term has max imaginary part: 1.13249e-06Disregarding imaginary part 
Warning! Delta_tau diagonal term has max imaginary part: 1.05798e-06Disregarding imaginary part 
The local Hamiltonian of the problem:
3.34269*c_dag('down',0)*c('down',5) + -9.08878*c_dag('down',0)*c('down',4) + -32.2345*c_dag('down',0)*c('down',3) + 16.7775*c_dag('down',0)*c('down',2) + 8.47353*c_dag('down',0)*c('down',1) + -13489.7*c_dag('down',0)*c('down',0) + 6.24428*c_dag('down',1)*c('down',5) + -2.63636*c_dag('down',1)*c('down',4) + 6.99653*c_dag('down',1)*c('down',3) + -4.61176*c_dag('down',1)*c('down',2) + -22036.9*c_dag('down',1)*c('down',1) + 8.47353*c_dag('down',1)*c('down',0) + -8.9367*c_dag('down',2)*c('down',5) + -8.02361*c_dag('down',2)*c('down',4) + -0.496478*c_dag('down',2)*c('down',3) + -22167.4*c_dag('down',2)*c('down',2) + -4.61176*c_dag('down',2)*c('down',1) + 16.7775*c_dag('down',2)*c('down',0) + 3.51577*c_dag('down',3)*c('down',5) + -9.39206*c_dag('down',3)*c('down',4) + -22163.1*c_dag('down',3)*c('down',3) + -0.496478*c_dag('down',3)*c('down',2) + 6.99653*c_dag('down',3)*c('down',1) + -32.2345*c_dag('down',3)*c('down',0) + -0.489128*c_dag('down',4)*c('down',5) + -22030.4*c_dag('down',4)*c('down',4) + -9.39206*c_dag('down',4)*c('down',3) + -8.02361*c_dag('down',4)*c('down',2) + -2.63636*c_dag('down',4)*c('down',1) + -9.08878*c_dag('down',4)*c('down',0) + -22169.1*c_dag('down',5)*c('down',5) + -0.489128*c_dag('down',5)*c('down',4) + 3.51577*c_dag('down',5)*c('down',3) + -8.9367*c_dag('down',5)*c('down',2) + 6.24428*c_dag('down',5)*c('down',1) + 3.34269*c_dag('down',5)*c('down',0) + 19.1934*c_dag('up',0)*c('up',5) + -10.6934*c_dag('up',0)*c('up',4) + -36.8335*c_dag('up',0)*c('up',3) + 26.4368*c_dag('up',0)*c('up',2) + 15.0614*c_dag('up',0)*c('up',1) + -13586.1*c_dag('up',0)*c('up',0) + 7.50881*c_dag('up',1)*c('up',5) + -2.654*c_dag('up',1)*c('up',4) + 4.71606*c_dag('up',1)*c('up',3) + -3.39894*c_dag('up',1)*c('up',2) + -22036.1*c_dag('up',1)*c('up',1) + 15.0614*c_dag('up',1)*c('up',0) + -6.14581*c_dag('up',2)*c('up',5) + -8.33949*c_dag('up',2)*c('up',4) + -3.69645*c_dag('up',2)*c('up',3) + -22164.8*c_dag('up',2)*c('up',2) + -3.39894*c_dag('up',2)*c('up',1) + 26.4368*c_dag('up',2)*c('up',0) + -0.392026*c_dag('up',3)*c('up',5) + -9.15928*c_dag('up',3)*c('up',4) + -22160.6*c_dag('up',3)*c('up',3) + -3.69645*c_dag('up',3)*c('up',2) + 4.71606*c_dag('up',3)*c('up',1) + -36.8335*c_dag('up',3)*c('up',0) + -0.773789*c_dag('up',4)*c('up',5) + -22029.9*c_dag('up',4)*c('up',4) + -9.15928*c_dag('up',4)*c('up',3) + -8.33949*c_dag('up',4)*c('up',2) + -2.654*c_dag('up',4)*c('up',1) + -10.6934*c_dag('up',4)*c('up',0) + -22166.2*c_dag('up',5)*c('up',5) + -0.773789*c_dag('up',5)*c('up',4) + -0.392026*c_dag('up',5)*c('up',3) + -6.14581*c_dag('up',5)*c('up',2) + 7.50881*c_dag('up',5)*c('up',1) + 19.1934*c_dag('up',5)*c('up',0) + 4*c_dag('down',0)*c_dag('up',0)*c('up',0)*c('down',0) + 4*c_dag('down',1)*c_dag('up',1)*c('up',1)*c('down',1) + 4*c_dag('down',2)*c_dag('up',2)*c('up',2)*c('down',2) + 4*c_dag('down',3)*c_dag('up',3)*c('up',3)*c('down',3) + 4*c_dag('down',4)*c_dag('up',4)*c('up',4)*c('down',4) + 4*c_dag('down',5)*c_dag('up',5)*c('up',5)*c('down',5)
Using autopartition algorithm to partition the local Hilbert space
Found 49 subspaces.

Warming up ...
18:26:13  77% ETA 00:00:00 cycle 3891 of 5000
Found 49 subspaces.

Warming up ...



Accumulating ...
Found 49 subspaces.

Warming up ...
Found 49 subspaces.

Warming up ...
Found 49 subspaces.
18:26:13  79% ETA 00:00:00 cycle 3967 of 5000
18:26:13  19% ETA 00:00:00 cycle 3945 of 20000

Warming up ...



Accumulating ...
18:26:13  79% ETA 00:00:00 cycle 3955 of 5000



Accumulating ...
Found 49 subspaces.
18:26:13  79% ETA 00:00:00 cycle 3959 of 5000
Found 49 subspaces.

Warming up ...

Warming up ...
18:26:13  79% ETA 00:00:00 cycle 3953 of 5000



Accumulating ...
Found 49 subspaces.
18:26:13  19% ETA 00:00:00 cycle 3944 of 20000

Warming up ...
Found 49 subspaces.
Found 49 subspaces.



Accumulating ...

Warming up ...

Warming up ...
18:26:13  19% ETA 00:00:00 cycle 3943 of 20000
Found 49 subspaces.
18:26:13  79% ETA 00:00:00 cycle 3972 of 5000

Warming up ...
18:26:13  80% ETA 00:00:00 cycle 4025 of 5000
Found 49 subspaces.
18:26:13  19% ETA 00:00:00 cycle 3982 of 20000



Accumulating ...

Warming up ...



Accumulating ...
18:26:13  78% ETA 00:00:00 cycle 3936 of 5000
18:26:13  19% ETA 00:00:00 cycle 3994 of 20000
18:26:13  78% ETA 00:00:00 cycle 3929 of 5000
18:26:13  79% ETA 00:00:00 cycle 3986 of 5000



Accumulating ...



Accumulating ...



Accumulating ...
18:26:13  79% ETA 00:00:00 cycle 3982 of 5000
Found 49 subspaces.

Warming up ...
18:26:13  20% ETA 00:00:00 cycle 4033 of 20000
18:26:13  80% ETA 00:00:00 cycle 4005 of 5000



Accumulating ...
18:26:13  20% ETA 00:00:00 cycle 4038 of 20000
Found 49 subspaces.



Accumulating ...

Warming up ...
18:26:13  20% ETA 00:00:00 cycle 4006 of 20000
18:26:13  19% ETA 00:00:00 cycle 3974 of 20000
18:26:13  19% ETA 00:00:00 cycle 3985 of 20000
18:26:13  80% ETA 00:00:00 cycle 4009 of 5000
18:26:13  19% ETA 00:00:00 cycle 3983 of 20000



Accumulating ...
18:26:13  20% ETA 00:00:00 cycle 4003 of 20000
18:26:13  79% ETA 00:00:00 cycle 3994 of 5000



Accumulating ...
18:26:13  20% ETA 00:00:00 cycle 4039 of 20000
Found 49 subspaces.

Warming up ...
18:26:13  20% ETA 00:00:00 cycle 4011 of 20000
Found 49 subspaces.

Warming up ...


[Rank 0] Collect results: Waiting for all mpi-threads to finish accumulating...
[Rank 0] Timings for all measures:
Measure               | seconds   
Auto-correlation time | 0.00115583
Average order         | 0.000584512
Average sign          | 0.000530926
G_tau measure         | 0.00797761
Total measure time    | 0.0102489 
[Rank 0] Acceptance rate for all moves:
Move set Insert two operators: 4.99978e-06
  Move  Insert Delta_up: 0
  Move  Insert Delta_down: 9.9962e-06
Move set Remove two operators: 0
  Move  Remove Delta_up: 0
  Move  Remove Delta_down: 0
Move set Insert four operators: 0
  Move  Insert Delta_up_up: 0
  Move  Insert Delta_up_down: 0
  Move  Insert Delta_down_up: 0
  Move  Insert Delta_down_down: 0
Move set Remove four operators: 0
  Move  Remove Delta_up_up: 0
  Move  Remove Delta_up_down: 0
  Move  Remove Delta_down_up: 0
  Move  Remove Delta_down_down: 0
Move  Shift one operator: 4.98975e-06
[Rank 0] Warmup lasted: 0.128243 seconds [00:00:00]
[Rank 0] Simulation lasted: 0.736048 seconds [00:00:00]
[Rank 0] Number of measures: 20000
Total number of measures: 20000
Average sign: -0.2099
Average order: 0.60495
Auto-correlation time: 535.246
18:26:13  79% ETA 00:00:00 cycle 3966 of 5000



Accumulating ...
18:26:13  79% ETA 00:00:00 cycle 3986 of 5000

╔╦╗╦═╗╦╔═╗ ╔═╗  ┌─┐┌┬┐┬ ┬┬ ┬┌┐ 
 ║ ╠╦╝║║═╬╗╚═╗  │   │ ├─┤└┬┘├┴┐
 ╩ ╩╚═╩╚═╝╚╚═╝  └─┘ ┴ ┴ ┴ ┴ └─┘




Accumulating ...


[Rank 0] Collect results: Waiting for all mpi-threads to finish accumulating...
Warning! Delta_tau diagonal term has max imaginary part: 1.13249e-06Disregarding imaginary part 
Warning! Delta_tau diagonal term has max imaginary part: 1.19209e-06Disregarding imaginary part 
Warning! Delta_tau diagonal term has max imaginary part: 1.07288e-06Disregarding imaginary part 
Warning! Delta_tau diagonal term has max imaginary part: 1.07288e-06Disregarding imaginary part 
Warning! Delta_tau diagonal term has max imaginary part: 1.19209e-06Disregarding imaginary part 
Warning! Delta_tau diagonal term has max imaginary part: 1.2517e-06Disregarding imaginary part 
Warning! Delta_tau diagonal term has max imaginary part: 9.53674e-07Disregarding imaginary part 
Warning! Delta_tau diagonal term has max imaginary part: 1.19209e-06Disregarding imaginary part 
Warning! Delta_tau diagonal term has max imaginary part: 1.13249e-06Disregarding imaginary part 
Warning! Delta_tau diagonal term has max imaginary part: 1.01328e-06Disregarding imaginary part 
Warning! Delta_tau diagonal term has max imaginary part: 1.13249e-06Disregarding imaginary part 
Warning! Delta_tau diagonal term has max imaginary part: 1.05798e-06Disregarding imaginary part 
The local Hamiltonian of the problem:
3.34269*c_dag('down',0)*c('down',5) + -9.08878*c_dag('down',0)*c('down',4) + -32.2345*c_dag('down',0)*c('down',3) + 16.7775*c_dag('down',0)*c('down',2) + 8.47353*c_dag('down',0)*c('down',1) + -13489.7*c_dag('down',0)*c('down',0) + 6.24428*c_dag('down',1)*c('down',5) + -2.63636*c_dag('down',1)*c('down',4) + 6.99653*c_dag('down',1)*c('down',3) + -4.61176*c_dag('down',1)*c('down',2) + -22036.9*c_dag('down',1)*c('down',1) + 8.47353*c_dag('down',1)*c('down',0) + -8.9367*c_dag('down',2)*c('down',5) + -8.02361*c_dag('down',2)*c('down',4) + -0.496478*c_dag('down',2)*c('down',3) + -22167.4*c_dag('down',2)*c('down',2) + -4.61176*c_dag('down',2)*c('down',1) + 16.7775*c_dag('down',2)*c('down',0) + 3.51577*c_dag('down',3)*c('down',5) + -9.39206*c_dag('down',3)*c('down',4) + -22163.1*c_dag('down',3)*c('down',3) + -0.496478*c_dag('down',3)*c('down',2) + 6.99653*c_dag('down',3)*c('down',1) + -32.2345*c_dag('down',3)*c('down',0) + -0.489128*c_dag('down',4)*c('down',5) + -22030.4*c_dag('down',4)*c('down',4) + -9.39206*c_dag('down',4)*c('down',3) + -8.02361*c_dag('down',4)*c('down',2) + -2.63636*c_dag('down',4)*c('down',1) + -9.08878*c_dag('down',4)*c('down',0) + -22169.1*c_dag('down',5)*c('down',5) + -0.489128*c_dag('down',5)*c('down',4) + 3.51577*c_dag('down',5)*c('down',3) + -8.9367*c_dag('down',5)*c('down',2) + 6.24428*c_dag('down',5)*c('down',1) + 3.34269*c_dag('down',5)*c('down',0) + 19.1934*c_dag('up',0)*c('up',5) + -10.6934*c_dag('up',0)*c('up',4) + -36.8335*c_dag('up',0)*c('up',3) + 26.4368*c_dag('up',0)*c('up',2) + 15.0614*c_dag('up',0)*c('up',1) + -13586.1*c_dag('up',0)*c('up',0) + 7.50881*c_dag('up',1)*c('up',5) + -2.654*c_dag('up',1)*c('up',4) + 4.71606*c_dag('up',1)*c('up',3) + -3.39894*c_dag('up',1)*c('up',2) + -22036.1*c_dag('up',1)*c('up',1) + 15.0614*c_dag('up',1)*c('up',0) + -6.14581*c_dag('up',2)*c('up',5) + -8.33949*c_dag('up',2)*c('up',4) + -3.69645*c_dag('up',2)*c('up',3) + -22164.8*c_dag('up',2)*c('up',2) + -3.39894*c_dag('up',2)*c('up',1) + 26.4368*c_dag('up',2)*c('up',0) + -0.392026*c_dag('up',3)*c('up',5) + -9.15928*c_dag('up',3)*c('up',4) + -22160.6*c_dag('up',3)*c('up',3) + -3.69645*c_dag('up',3)*c('up',2) + 4.71606*c_dag('up',3)*c('up',1) + -36.8335*c_dag('up',3)*c('up',0) + -0.773789*c_dag('up',4)*c('up',5) + -22029.9*c_dag('up',4)*c('up',4) + -9.15928*c_dag('up',4)*c('up',3) + -8.33949*c_dag('up',4)*c('up',2) + -2.654*c_dag('up',4)*c('up',1) + -10.6934*c_dag('up',4)*c('up',0) + -22166.2*c_dag('up',5)*c('up',5) + -0.773789*c_dag('up',5)*c('up',4) + -0.392026*c_dag('up',5)*c('up',3) + -6.14581*c_dag('up',5)*c('up',2) + 7.50881*c_dag('up',5)*c('up',1) + 19.1934*c_dag('up',5)*c('up',0) + 4*c_dag('down',0)*c_dag('up',0)*c('up',0)*c('down',0) + 4*c_dag('down',1)*c_dag('up',1)*c('up',1)*c('down',1) + 4*c_dag('down',2)*c_dag('up',2)*c('up',2)*c('down',2) + 4*c_dag('down',3)*c_dag('up',3)*c('up',3)*c('down',3) + 4*c_dag('down',4)*c_dag('up',4)*c('up',4)*c('down',4) + 4*c_dag('down',5)*c_dag('up',5)*c('up',5)*c('down',5)
Using autopartition algorithm to partition the local Hilbert space
[Rank 0] Timings for all measures:
Measure               | seconds   
Auto-correlation time | 0.00111779
Average order         | 0.000522126
Average sign          | 0.000479402
G_tau measure         | 0.00650693
Total measure time    | 0.00862624
[Rank 0] Acceptance rate for all moves:
Move set Insert two operators: 4.99978e-06
  Move  Insert Delta_up: 0
  Move  Insert Delta_down: 9.9962e-06
Move set Remove two operators: 0
  Move  Remove Delta_up: 0
  Move  Remove Delta_down: 0
Move set Insert four operators: 0
  Move  Insert Delta_up_up: 0
  Move  Insert Delta_up_down: 0
  Move  Insert Delta_down_up: 0
  Move  Insert Delta_down_down: 0
Move set Remove four operators: 0
  Move  Remove Delta_up_up: 0
  Move  Remove Delta_up_down: 0
  Move  Remove Delta_down_up: 0
  Move  Remove Delta_down_down: 0
Move  Shift one operator: 4.98975e-06
[Rank 0] Warmup lasted: 0.126438 seconds [00:00:00]
[Rank 0] Simulation lasted: 0.721766 seconds [00:00:00]
[Rank 0] Number of measures: 20000
Total number of measures: 20000
Average sign: -0.2099
Average order: 0.60495
Auto-correlation time: 535.246


[Rank 0] Collect results: Waiting for all mpi-threads to finish accumulating...
[Rank 0] Timings for all measures:
Measure               | seconds   
Auto-correlation time | 0.00116814
Average order         | 0.000566894
Average sign          | 0.000540835
G_tau measure         | 0.006679  
Total measure time    | 0.00895486
[Rank 0] Acceptance rate for all moves:
Move set Insert two operators: 4.99978e-06
  Move  Insert Delta_up: 0
  Move  Insert Delta_down: 9.9962e-06
Move set Remove two operators: 0
  Move  Remove Delta_up: 0
  Move  Remove Delta_down: 0
Move set Insert four operators: 0
  Move  Insert Delta_up_up: 0
  Move  Insert Delta_up_down: 0
  Move  Insert Delta_down_up: 0
  Move  Insert Delta_down_down: 0
Move set Remove four operators: 0
  Move  Remove Delta_up_up: 0
  Move  Remove Delta_up_down: 0
  Move  Remove Delta_down_up: 0
  Move  Remove Delta_down_down: 0
Move  Shift one operator: 4.98975e-06
[Rank 0] Warmup lasted: 0.126458 seconds [00:00:00]
[Rank 0] Simulation lasted: 0.721191 seconds [00:00:00]
[Rank 0] Number of measures: 20000
Total number of measures: 20000
Average sign: -0.2099
Average order: 0.60495
Auto-correlation time: 535.246
18:26:14  19% ETA 00:00:00 cycle 3939 of 20000

╔╦╗╦═╗╦╔═╗ ╔═╗  ┌─┐┌┬┐┬ ┬┬ ┬┌┐ 
 ║ ╠╦╝║║═╬╗╚═╗  │   │ ├─┤└┬┘├┴┐
 ╩ ╩╚═╩╚═╝╚╚═╝  └─┘ ┴ ┴ ┴ ┴ └─┘



[Rank 0] Collect results: Waiting for all mpi-threads to finish accumulating...
18:26:14  19% ETA 00:00:00 cycle 3974 of 20000
[Rank 0] Timings for all measures:
Measure               | seconds   
Auto-correlation time | 0.00119584
Average order         | 0.000588364
Average sign          | 0.000514156
G_tau measure         | 0.00663014
Total measure time    | 0.0089285 
[Rank 0] Acceptance rate for all moves:
Move set Insert two operators: 4.99978e-06
  Move  Insert Delta_up: 0
  Move  Insert Delta_down: 9.9962e-06
Move set Remove two operators: 0
  Move  Remove Delta_up: 0
  Move  Remove Delta_down: 0
Move set Insert four operators: 0
  Move  Insert Delta_up_up: 0
  Move  Insert Delta_up_down: 0
  Move  Insert Delta_down_up: 0
  Move  Insert Delta_down_down: 0
Move set Remove four operators: 0
  Move  Remove Delta_up_up: 0
  Move  Remove Delta_up_down: 0
  Move  Remove Delta_down_up: 0
  Move  Remove Delta_down_down: 0
Move  Shift one operator: 4.98975e-06
[Rank 0] Warmup lasted: 0.126624 seconds [00:00:00]
[Rank 0] Simulation lasted: 0.721651 seconds [00:00:00]
[Rank 0] Number of measures: 20000
Total number of measures: 20000
Average sign: -0.2099
Average order: 0.60495
Auto-correlation time: 535.246

╔╦╗╦═╗╦╔═╗ ╔═╗  ┌─┐┌┬┐┬ ┬┬ ┬┌┐ 
 ║ ╠╦╝║║═╬╗╚═╗  │   │ ├─┤└┬┘├┴┐
 ╩ ╩╚═╩╚═╝╚╚═╝  └─┘ ┴ ┴ ┴ ┴ └─┘



[Rank 0] Collect results: Waiting for all mpi-threads to finish accumulating...
Warning! Delta_tau diagonal term has max imaginary part: 1.13249e-06Disregarding imaginary part 
Warning! Delta_tau diagonal term has max imaginary part: 1.19209e-06Disregarding imaginary part 
Warning! Delta_tau diagonal term has max imaginary part: 1.07288e-06Disregarding imaginary part 
Warning! Delta_tau diagonal term has max imaginary part: 1.07288e-06Disregarding imaginary part 
Warning! Delta_tau diagonal term has max imaginary part: 1.19209e-06Disregarding imaginary part 
Warning! Delta_tau diagonal term has max imaginary part: 1.2517e-06Disregarding imaginary part 
Warning! Delta_tau diagonal term has max imaginary part: 9.53674e-07Disregarding imaginary part 
Warning! Delta_tau diagonal term has max imaginary part: 1.19209e-06Disregarding imaginary part 
Warning! Delta_tau diagonal term has max imaginary part: 1.13249e-06Disregarding imaginary part 
Warning! Delta_tau diagonal term has max imaginary part: 1.01328e-06Disregarding imaginary part 
Warning! Delta_tau diagonal term has max imaginary part: 1.13249e-06Disregarding imaginary part 
Warning! Delta_tau diagonal term has max imaginary part: 1.05798e-06Disregarding imaginary part 
The local Hamiltonian of the problem:
3.34269*c_dag('down',0)*c('down',5) + -9.08878*c_dag('down',0)*c('down',4) + -32.2345*c_dag('down',0)*c('down',3) + 16.7775*c_dag('down',0)*c('down',2) + 8.47353*c_dag('down',0)*c('down',1) + -13489.7*c_dag('down',0)*c('down',0) + 6.24428*c_dag('down',1)*c('down',5) + -2.63636*c_dag('down',1)*c('down',4) + 6.99653*c_dag('down',1)*c('down',3) + -4.61176*c_dag('down',1)*c('down',2) + -22036.9*c_dag('down',1)*c('down',1) + 8.47353*c_dag('down',1)*c('down',0) + -8.9367*c_dag('down',2)*c('down',5) + -8.02361*c_dag('down',2)*c('down',4) + -0.496478*c_dag('down',2)*c('down',3) + -22167.4*c_dag('down',2)*c('down',2) + -4.61176*c_dag('down',2)*c('down',1) + 16.7775*c_dag('down',2)*c('down',0) + 3.51577*c_dag('down',3)*c('down',5) + -9.39206*c_dag('down',3)*c('down',4) + -22163.1*c_dag('down',3)*c('down',3) + -0.496478*c_dag('down',3)*c('down',2) + 6.99653*c_dag('down',3)*c('down',1) + -32.2345*c_dag('down',3)*c('down',0) + -0.489128*c_dag('down',4)*c('down',5) + -22030.4*c_dag('down',4)*c('down',4) + -9.39206*c_dag('down',4)*c('down',3) + -8.02361*c_dag('down',4)*c('down',2) + -2.63636*c_dag('down',4)*c('down',1) + -9.08878*c_dag('down',4)*c('down',0) + -22169.1*c_dag('down',5)*c('down',5) + -0.489128*c_dag('down',5)*c('down',4) + 3.51577*c_dag('down',5)*c('down',3) + -8.9367*c_dag('down',5)*c('down',2) + 6.24428*c_dag('down',5)*c('down',1) + 3.34269*c_dag('down',5)*c('down',0) + 19.1934*c_dag('up',0)*c('up',5) + -10.6934*c_dag('up',0)*c('up',4) + -36.8335*c_dag('up',0)*c('up',3) + 26.4368*c_dag('up',0)*c('up',2) + 15.0614*c_dag('up',0)*c('up',1) + -13586.1*c_dag('up',0)*c('up',0) + 7.50881*c_dag('up',1)*c('up',5) + -2.654*c_dag('up',1)*c('up',4) + 4.71606*c_dag('up',1)*c('up',3) + -3.39894*c_dag('up',1)*c('up',2) + -22036.1*c_dag('up',1)*c('up',1) + 15.0614*c_dag('up',1)*c('up',0) + -6.14581*c_dag('up',2)*c('up',5) + -8.33949*c_dag('up',2)*c('up',4) + -3.69645*c_dag('up',2)*c('up',3) + -22164.8*c_dag('up',2)*c('up',2) + -3.39894*c_dag('up',2)*c('up',1) + 26.4368*c_dag('up',2)*c('up',0) + -0.392026*c_dag('up',3)*c('up',5) + -9.15928*c_dag('up',3)*c('up',4) + -22160.6*c_dag('up',3)*c('up',3) + -3.69645*c_dag('up',3)*c('up',2) + 4.71606*c_dag('up',3)*c('up',1) + -36.8335*c_dag('up',3)*c('up',0) + -0.773789*c_dag('up',4)*c('up',5) + -22029.9*c_dag('up',4)*c('up',4) + -9.15928*c_dag('up',4)*c('up',3) + -8.33949*c_dag('up',4)*c('up',2) + -2.654*c_dag('up',4)*c('up',1) + -10.6934*c_dag('up',4)*c('up',0) + -22166.2*c_dag('up',5)*c('up',5) + -0.773789*c_dag('up',5)*c('up',4) + -0.392026*c_dag('up',5)*c('up',3) + -6.14581*c_dag('up',5)*c('up',2) + 7.50881*c_dag('up',5)*c('up',1) + 19.1934*c_dag('up',5)*c('up',0) + 4*c_dag('down',0)*c_dag('up',0)*c('up',0)*c('down',0) + 4*c_dag('down',1)*c_dag('up',1)*c('up',1)*c('down',1) + 4*c_dag('down',2)*c_dag('up',2)*c('up',2)*c('down',2) + 4*c_dag('down',3)*c_dag('up',3)*c('up',3)*c('down',3) + 4*c_dag('down',4)*c_dag('up',4)*c('up',4)*c('down',4) + 4*c_dag('down',5)*c_dag('up',5)*c('up',5)*c('down',5)
Using autopartition algorithm to partition the local Hilbert space
[Rank 0] Timings for all measures:
Measure               | seconds   
Auto-correlation time | 0.00114627
Average order         | 0.000587744
Average sign          | 0.000501374
G_tau measure         | 0.00695698
Total measure time    | 0.00919238
[Rank 0] Acceptance rate for all moves:
Move set Insert two operators: 4.99978e-06
  Move  Insert Delta_up: 0
  Move  Insert Delta_down: 9.9962e-06
Move set Remove two operators: 0
  Move  Remove Delta_up: 0
  Move  Remove Delta_down: 0
Move set Insert four operators: 0
  Move  Insert Delta_up_up: 0
  Move  Insert Delta_up_down: 0
  Move  Insert Delta_down_up: 0
  Move  Insert Delta_down_down: 0
Move set Remove four operators: 0
  Move  Remove Delta_up_up: 0
  Move  Remove Delta_up_down: 0
  Move  Remove Delta_down_up: 0
  Move  Remove Delta_down_down: 0
Move  Shift one operator: 4.98975e-06
[Rank 0] Warmup lasted: 0.126852 seconds [00:00:00]
[Rank 0] Simulation lasted: 0.721833 seconds [00:00:00]
[Rank 0] Number of measures: 20000
Total number of measures: 20000
Average sign: -0.2099
Average order: 0.60495
Auto-correlation time: 535.246
Warning! Delta_tau diagonal term has max imaginary part: 1.13249e-06Disregarding imaginary part 
Warning! Delta_tau diagonal term has max imaginary part: 1.19209e-06Disregarding imaginary part 
Warning! Delta_tau diagonal term has max imaginary part: 1.07288e-06Disregarding imaginary part 
Warning! Delta_tau diagonal term has max imaginary part: 1.07288e-06Disregarding imaginary part 
Warning! Delta_tau diagonal term has max imaginary part: 1.19209e-06Disregarding imaginary part 
Warning! Delta_tau diagonal term has max imaginary part: 1.2517e-06Disregarding imaginary part 
Warning! Delta_tau diagonal term has max imaginary part: 9.53674e-07Disregarding imaginary part 
Warning! Delta_tau diagonal term has max imaginary part: 1.19209e-06Disregarding imaginary part 
Warning! Delta_tau diagonal term has max imaginary part: 1.13249e-06Disregarding imaginary part 
Warning! Delta_tau diagonal term has max imaginary part: 1.01328e-06Disregarding imaginary part 
Warning! Delta_tau diagonal term has max imaginary part: 1.13249e-06Disregarding imaginary part 
Warning! Delta_tau diagonal term has max imaginary part: 1.05798e-06Disregarding imaginary part 
The local Hamiltonian of the problem:
3.34269*c_dag('down',0)*c('down',5) + -9.08878*c_dag('down',0)*c('down',4) + -32.2345*c_dag('down',0)*c('down',3) + 16.7775*c_dag('down',0)*c('down',2) + 8.47353*c_dag('down',0)*c('down',1) + -13489.7*c_dag('down',0)*c('down',0) + 6.24428*c_dag('down',1)*c('down',5) + -2.63636*c_dag('down',1)*c('down',4) + 6.99653*c_dag('down',1)*c('down',3) + -4.61176*c_dag('down',1)*c('down',2) + -22036.9*c_dag('down',1)*c('down',1) + 8.47353*c_dag('down',1)*c('down',0) + -8.9367*c_dag('down',2)*c('down',5) + -8.02361*c_dag('down',2)*c('down',4) + -0.496478*c_dag('down',2)*c('down',3) + -22167.4*c_dag('down',2)*c('down',2) + -4.61176*c_dag('down',2)*c('down',1) + 16.7775*c_dag('down',2)*c('down',0) + 3.51577*c_dag('down',3)*c('down',5) + -9.39206*c_dag('down',3)*c('down',4) + -22163.1*c_dag('down',3)*c('down',3) + -0.496478*c_dag('down',3)*c('down',2) + 6.99653*c_dag('down',3)*c('down',1) + -32.2345*c_dag('down',3)*c('down',0) + -0.489128*c_dag('down',4)*c('down',5) + -22030.4*c_dag('down',4)*c('down',4) + -9.39206*c_dag('down',4)*c('down',3) + -8.02361*c_dag('down',4)*c('down',2) + -2.63636*c_dag('down',4)*c('down',1) + -9.08878*c_dag('down',4)*c('down',0) + -22169.1*c_dag('down',5)*c('down',5) + -0.489128*c_dag('down',5)*c('down',4) + 3.51577*c_dag('down',5)*c('down',3) + -8.9367*c_dag('down',5)*c('down',2) + 6.24428*c_dag('down',5)*c('down',1) + 3.34269*c_dag('down',5)*c('down',0) + 19.1934*c_dag('up',0)*c('up',5) + -10.6934*c_dag('up',0)*c('up',4) + -36.8335*c_dag('up',0)*c('up',3) + 26.4368*c_dag('up',0)*c('up',2) + 15.0614*c_dag('up',0)*c('up',1) + -13586.1*c_dag('up',0)*c('up',0) + 7.50881*c_dag('up',1)*c('up',5) + -2.654*c_dag('up',1)*c('up',4) + 4.71606*c_dag('up',1)*c('up',3) + -3.39894*c_dag('up',1)*c('up',2) + -22036.1*c_dag('up',1)*c('up',1) + 15.0614*c_dag('up',1)*c('up',0) + -6.14581*c_dag('up',2)*c('up',5) + -8.33949*c_dag('up',2)*c('up',4) + -3.69645*c_dag('up',2)*c('up',3) + -22164.8*c_dag('up',2)*c('up',2) + -3.39894*c_dag('up',2)*c('up',1) + 26.4368*c_dag('up',2)*c('up',0) + -0.392026*c_dag('up',3)*c('up',5) + -9.15928*c_dag('up',3)*c('up',4) + -22160.6*c_dag('up',3)*c('up',3) + -3.69645*c_dag('up',3)*c('up',2) + 4.71606*c_dag('up',3)*c('up',1) + -36.8335*c_dag('up',3)*c('up',0) + -0.773789*c_dag('up',4)*c('up',5) + -22029.9*c_dag('up',4)*c('up',4) + -9.15928*c_dag('up',4)*c('up',3) + -8.33949*c_dag('up',4)*c('up',2) + -2.654*c_dag('up',4)*c('up',1) + -10.6934*c_dag('up',4)*c('up',0) + -22166.2*c_dag('up',5)*c('up',5) + -0.773789*c_dag('up',5)*c('up',4) + -0.392026*c_dag('up',5)*c('up',3) + -6.14581*c_dag('up',5)*c('up',2) + 7.50881*c_dag('up',5)*c('up',1) + 19.1934*c_dag('up',5)*c('up',0) + 4*c_dag('down',0)*c_dag('up',0)*c('up',0)*c('down',0) + 4*c_dag('down',1)*c_dag('up',1)*c('up',1)*c('down',1) + 4*c_dag('down',2)*c_dag('up',2)*c('up',2)*c('down',2) + 4*c_dag('down',3)*c_dag('up',3)*c('up',3)*c('down',3) + 4*c_dag('down',4)*c_dag('up',4)*c('up',4)*c('down',4) + 4*c_dag('down',5)*c_dag('up',5)*c('up',5)*c('down',5)
Using autopartition algorithm to partition the local Hilbert space

╔╦╗╦═╗╦╔═╗ ╔═╗  ┌─┐┌┬┐┬ ┬┬ ┬┌┐ 
 ║ ╠╦╝║║═╬╗╚═╗  │   │ ├─┤└┬┘├┴┐
 ╩ ╩╚═╩╚═╝╚╚═╝  └─┘ ┴ ┴ ┴ ┴ └─┘


╔╦╗╦═╗╦╔═╗ ╔═╗  ┌─┐┌┬┐┬ ┬┬ ┬┌┐ 
 ║ ╠╦╝║║═╬╗╚═╗  │   │ ├─┤└┬┘├┴┐
 ╩ ╩╚═╩╚═╝╚╚═╝  └─┘ ┴ ┴ ┴ ┴ └─┘



[Rank 0] Collect results: Waiting for all mpi-threads to finish accumulating...
[Rank 0] Timings for all measures:
Measure               | seconds   
Auto-correlation time | 0.00112315
Average order         | 0.000528613
Average sign          | 0.000471925
G_tau measure         | 0.00688365
Total measure time    | 0.00900734
[Rank 0] Acceptance rate for all moves:
Move set Insert two operators: 4.99978e-06
  Move  Insert Delta_up: 0
  Move  Insert Delta_down: 9.9962e-06
Move set Remove two operators: 0
  Move  Remove Delta_up: 0
  Move  Remove Delta_down: 0
Move set Insert four operators: 0
  Move  Insert Delta_up_up: 0
  Move  Insert Delta_up_down: 0
  Move  Insert Delta_down_up: 0
  Move  Insert Delta_down_down: 0
Move set Remove four operators: 0
  Move  Remove Delta_up_up: 0
  Move  Remove Delta_up_down: 0
  Move  Remove Delta_down_up: 0
  Move  Remove Delta_down_down: 0
Move  Shift one operator: 4.98975e-06
[Rank 0] Warmup lasted: 0.125638 seconds [00:00:00]
[Rank 0] Simulation lasted: 0.722414 seconds [00:00:00]
[Rank 0] Number of measures: 20000
Total number of measures: 20000
Average sign: -0.2099
Average order: 0.60495
Auto-correlation time: 535.246


[Rank 0] Collect results: Waiting for all mpi-threads to finish accumulating...
Warning! Delta_tau diagonal term has max imaginary part: 1.13249e-06Disregarding imaginary part 
Warning! Delta_tau diagonal term has max imaginary part: 1.19209e-06Disregarding imaginary part 
Warning! Delta_tau diagonal term has max imaginary part: 1.07288e-06Disregarding imaginary part 
Warning! Delta_tau diagonal term has max imaginary part: 1.07288e-06Disregarding imaginary part 
Warning! Delta_tau diagonal term has max imaginary part: 1.19209e-06Disregarding imaginary part 
Warning! Delta_tau diagonal term has max imaginary part: 1.2517e-06Disregarding imaginary part 
Warning! Delta_tau diagonal term has max imaginary part: 9.53674e-07Disregarding imaginary part 
Warning! Delta_tau diagonal term has max imaginary part: 1.19209e-06Disregarding imaginary part 
Warning! Delta_tau diagonal term has max imaginary part: 1.13249e-06Disregarding imaginary part 
Warning! Delta_tau diagonal term has max imaginary part: 1.01328e-06Disregarding imaginary part 
Warning! Delta_tau diagonal term has max imaginary part: 1.13249e-06Disregarding imaginary part 
Warning! Delta_tau diagonal term has max imaginary part: 1.05798e-06Disregarding imaginary part 
The local Hamiltonian of the problem:
3.34269*c_dag('down',0)*c('down',5) + -9.08878*c_dag('down',0)*c('down',4) + -32.2345*c_dag('down',0)*c('down',3) + 16.7775*c_dag('down',0)*c('down',2) + 8.47353*c_dag('down',0)*c('down',1) + -13489.7*c_dag('down',0)*c('down',0) + 6.24428*c_dag('down',1)*c('down',5) + -2.63636*c_dag('down',1)*c('down',4) + 6.99653*c_dag('down',1)*c('down',3) + -4.61176*c_dag('down',1)*c('down',2) + -22036.9*c_dag('down',1)*c('down',1) + 8.47353*c_dag('down',1)*c('down',0) + -8.9367*c_dag('down',2)*c('down',5) + -8.02361*c_dag('down',2)*c('down',4) + -0.496478*c_dag('down',2)*c('down',3) + -22167.4*c_dag('down',2)*c('down',2) + -4.61176*c_dag('down',2)*c('down',1) + 16.7775*c_dag('down',2)*c('down',0) + 3.51577*c_dag('down',3)*c('down',5) + -9.39206*c_dag('down',3)*c('down',4) + -22163.1*c_dag('down',3)*c('down',3) + -0.496478*c_dag('down',3)*c('down',2) + 6.99653*c_dag('down',3)*c('down',1) + -32.2345*c_dag('down',3)*c('down',0) + -0.489128*c_dag('down',4)*c('down',5) + -22030.4*c_dag('down',4)*c('down',4) + -9.39206*c_dag('down',4)*c('down',3) + -8.02361*c_dag('down',4)*c('down',2) + -2.63636*c_dag('down',4)*c('down',1) + -9.08878*c_dag('down',4)*c('down',0) + -22169.1*c_dag('down',5)*c('down',5) + -0.489128*c_dag('down',5)*c('down',4) + 3.51577*c_dag('down',5)*c('down',3) + -8.9367*c_dag('down',5)*c('down',2) + 6.24428*c_dag('down',5)*c('down',1) + 3.34269*c_dag('down',5)*c('down',0) + 19.1934*c_dag('up',0)*c('up',5) + -10.6934*c_dag('up',0)*c('up',4) + -36.8335*c_dag('up',0)*c('up',3) + 26.4368*c_dag('up',0)*c('up',2) + 15.0614*c_dag('up',0)*c('up',1) + -13586.1*c_dag('up',0)*c('up',0) + 7.50881*c_dag('up',1)*c('up',5) + -2.654*c_dag('up',1)*c('up',4) + 4.71606*c_dag('up',1)*c('up',3) + -3.39894*c_dag('up',1)*c('up',2) + -22036.1*c_dag('up',1)*c('up',1) + 15.0614*c_dag('up',1)*c('up',0) + -6.14581*c_dag('up',2)*c('up',5) + -8.33949*c_dag('up',2)*c('up',4) + -3.69645*c_dag('up',2)*c('up',3) + -22164.8*c_dag('up',2)*c('up',2) + -3.39894*c_dag('up',2)*c('up',1) + 26.4368*c_dag('up',2)*c('up',0) + -0.392026*c_dag('up',3)*c('up',5) + -9.15928*c_dag('up',3)*c('up',4) + -22160.6*c_dag('up',3)*c('up',3) + -3.69645*c_dag('up',3)*c('up',2) + 4.71606*c_dag('up',3)*c('up',1) + -36.8335*c_dag('up',3)*c('up',0) + -0.773789*c_dag('up',4)*c('up',5) + -22029.9*c_dag('up',4)*c('up',4) + -9.15928*c_dag('up',4)*c('up',3) + -8.33949*c_dag('up',4)*c('up',2) + -2.654*c_dag('up',4)*c('up',1) + -10.6934*c_dag('up',4)*c('up',0) + -22166.2*c_dag('up',5)*c('up',5) + -0.773789*c_dag('up',5)*c('up',4) + -0.392026*c_dag('up',5)*c('up',3) + -6.14581*c_dag('up',5)*c('up',2) + 7.50881*c_dag('up',5)*c('up',1) + 19.1934*c_dag('up',5)*c('up',0) + 4*c_dag('down',0)*c_dag('up',0)*c('up',0)*c('down',0) + 4*c_dag('down',1)*c_dag('up',1)*c('up',1)*c('down',1) + 4*c_dag('down',2)*c_dag('up',2)*c('up',2)*c('down',2) + 4*c_dag('down',3)*c_dag('up',3)*c('up',3)*c('down',3) + 4*c_dag('down',4)*c_dag('up',4)*c('up',4)*c('down',4) + 4*c_dag('down',5)*c_dag('up',5)*c('up',5)*c('down',5)
Using autopartition algorithm to partition the local Hilbert space
[Rank 0] Timings for all measures:
Measure               | seconds   
Auto-correlation time | 0.00114766
Average order         | 0.000574408
Average sign          | 0.000559831
G_tau measure         | 0.00675741
Total measure time    | 0.00903931
[Rank 0] Acceptance rate for all moves:
Move set Insert two operators: 4.99978e-06
  Move  Insert Delta_up: 0
  Move  Insert Delta_down: 9.9962e-06
Move set Remove two operators: 0
  Move  Remove Delta_up: 0
  Move  Remove Delta_down: 0
Move set Insert four operators: 0
  Move  Insert Delta_up_up: 0
  Move  Insert Delta_up_down: 0
  Move  Insert Delta_down_up: 0
  Move  Insert Delta_down_down: 0
Move set Remove four operators: 0
  Move  Remove Delta_up_up: 0
  Move  Remove Delta_up_down: 0
  Move  Remove Delta_down_up: 0
  Move  Remove Delta_down_down: 0
Move  Shift one operator: 4.98975e-06
[Rank 0] Warmup lasted: 0.124097 seconds [00:00:00]
[Rank 0] Simulation lasted: 0.721592 seconds [00:00:00]
[Rank 0] Number of measures: 20000
Total number of measures: 20000
Average sign: -0.2099
Average order: 0.60495
Auto-correlation time: 535.246
Warning! Delta_tau diagonal term has max imaginary part: 1.13249e-06Disregarding imaginary part 
Warning! Delta_tau diagonal term has max imaginary part: 1.19209e-06Disregarding imaginary part 
Warning! Delta_tau diagonal term has max imaginary part: 1.07288e-06Disregarding imaginary part 
Warning! Delta_tau diagonal term has max imaginary part: 1.07288e-06Disregarding imaginary part 
Warning! Delta_tau diagonal term has max imaginary part: 1.19209e-06Disregarding imaginary part 
Warning! Delta_tau diagonal term has max imaginary part: 1.2517e-06Disregarding imaginary part 
Warning! Delta_tau diagonal term has max imaginary part: 9.53674e-07Disregarding imaginary part 
Warning! Delta_tau diagonal term has max imaginary part: 1.19209e-06Disregarding imaginary part 
Warning! Delta_tau diagonal term has max imaginary part: 1.13249e-06Disregarding imaginary part 
Warning! Delta_tau diagonal term has max imaginary part: 1.01328e-06Disregarding imaginary part 
Warning! Delta_tau diagonal term has max imaginary part: 1.13249e-06Disregarding imaginary part 
Warning! Delta_tau diagonal term has max imaginary part: 1.05798e-06Disregarding imaginary part 
The local Hamiltonian of the problem:
3.34269*c_dag('down',0)*c('down',5) + -9.08878*c_dag('down',0)*c('down',4) + -32.2345*c_dag('down',0)*c('down',3) + 16.7775*c_dag('down',0)*c('down',2) + 8.47353*c_dag('down',0)*c('down',1) + -13489.7*c_dag('down',0)*c('down',0) + 6.24428*c_dag('down',1)*c('down',5) + -2.63636*c_dag('down',1)*c('down',4) + 6.99653*c_dag('down',1)*c('down',3) + -4.61176*c_dag('down',1)*c('down',2) + -22036.9*c_dag('down',1)*c('down',1) + 8.47353*c_dag('down',1)*c('down',0) + -8.9367*c_dag('down',2)*c('down',5) + -8.02361*c_dag('down',2)*c('down',4) + -0.496478*c_dag('down',2)*c('down',3) + -22167.4*c_dag('down',2)*c('down',2) + -4.61176*c_dag('down',2)*c('down',1) + 16.7775*c_dag('down',2)*c('down',0) + 3.51577*c_dag('down',3)*c('down',5) + -9.39206*c_dag('down',3)*c('down',4) + -22163.1*c_dag('down',3)*c('down',3) + -0.496478*c_dag('down',3)*c('down',2) + 6.99653*c_dag('down',3)*c('down',1) + -32.2345*c_dag('down',3)*c('down',0) + -0.489128*c_dag('down',4)*c('down',5) + -22030.4*c_dag('down',4)*c('down',4) + -9.39206*c_dag('down',4)*c('down',3) + -8.02361*c_dag('down',4)*c('down',2) + -2.63636*c_dag('down',4)*c('down',1) + -9.08878*c_dag('down',4)*c('down',0) + -22169.1*c_dag('down',5)*c('down',5) + -0.489128*c_dag('down',5)*c('down',4) + 3.51577*c_dag('down',5)*c('down',3) + -8.9367*c_dag('down',5)*c('down',2) + 6.24428*c_dag('down',5)*c('down',1) + 3.34269*c_dag('down',5)*c('down',0) + 19.1934*c_dag('up',0)*c('up',5) + -10.6934*c_dag('up',0)*c('up',4) + -36.8335*c_dag('up',0)*c('up',3) + 26.4368*c_dag('up',0)*c('up',2) + 15.0614*c_dag('up',0)*c('up',1) + -13586.1*c_dag('up',0)*c('up',0) + 7.50881*c_dag('up',1)*c('up',5) + -2.654*c_dag('up',1)*c('up',4) + 4.71606*c_dag('up',1)*c('up',3) + -3.39894*c_dag('up',1)*c('up',2) + -22036.1*c_dag('up',1)*c('up',1) + 15.0614*c_dag('up',1)*c('up',0) + -6.14581*c_dag('up',2)*c('up',5) + -8.33949*c_dag('up',2)*c('up',4) + -3.69645*c_dag('up',2)*c('up',3) + -22164.8*c_dag('up',2)*c('up',2) + -3.39894*c_dag('up',2)*c('up',1) + 26.4368*c_dag('up',2)*c('up',0) + -0.392026*c_dag('up',3)*c('up',5) + -9.15928*c_dag('up',3)*c('up',4) + -22160.6*c_dag('up',3)*c('up',3) + -3.69645*c_dag('up',3)*c('up',2) + 4.71606*c_dag('up',3)*c('up',1) + -36.8335*c_dag('up',3)*c('up',0) + -0.773789*c_dag('up',4)*c('up',5) + -22029.9*c_dag('up',4)*c('up',4) + -9.15928*c_dag('up',4)*c('up',3) + -8.33949*c_dag('up',4)*c('up',2) + -2.654*c_dag('up',4)*c('up',1) + -10.6934*c_dag('up',4)*c('up',0) + -22166.2*c_dag('up',5)*c('up',5) + -0.773789*c_dag('up',5)*c('up',4) + -0.392026*c_dag('up',5)*c('up',3) + -6.14581*c_dag('up',5)*c('up',2) + 7.50881*c_dag('up',5)*c('up',1) + 19.1934*c_dag('up',5)*c('up',0) + 4*c_dag('down',0)*c_dag('up',0)*c('up',0)*c('down',0) + 4*c_dag('down',1)*c_dag('up',1)*c('up',1)*c('down',1) + 4*c_dag('down',2)*c_dag('up',2)*c('up',2)*c('down',2) + 4*c_dag('down',3)*c_dag('up',3)*c('up',3)*c('down',3) + 4*c_dag('down',4)*c_dag('up',4)*c('up',4)*c('down',4) + 4*c_dag('down',5)*c_dag('up',5)*c('up',5)*c('down',5)
Using autopartition algorithm to partition the local Hilbert space


[Rank 0] Collect results: Waiting for all mpi-threads to finish accumulating...
[Rank 0] Timings for all measures:
Measure               | seconds   
Auto-correlation time | 0.00115266
Average order         | 0.000589831
Average sign          | 0.000506308
G_tau measure         | 0.0064364 
Total measure time    | 0.00868519
[Rank 0] Acceptance rate for all moves:
Move set Insert two operators: 4.99978e-06
  Move  Insert Delta_up: 0
  Move  Insert Delta_down: 9.9962e-06
Move set Remove two operators: 0
  Move  Remove Delta_up: 0
  Move  Remove Delta_down: 0
Move set Insert four operators: 0
  Move  Insert Delta_up_up: 0
  Move  Insert Delta_up_down: 0
  Move  Insert Delta_down_up: 0
  Move  Insert Delta_down_down: 0
Move set Remove four operators: 0
  Move  Remove Delta_up_up: 0
  Move  Remove Delta_up_down: 0
  Move  Remove Delta_down_up: 0
  Move  Remove Delta_down_down: 0
Move  Shift one operator: 4.98975e-06
[Rank 0] Warmup lasted: 0.126841 seconds [00:00:00]
[Rank 0] Simulation lasted: 0.728853 seconds [00:00:00]
[Rank 0] Number of measures: 20000
Total number of measures: 20000
Average sign: -0.2099
Average order: 0.60495
Auto-correlation time: 535.246


[Rank 0] Collect results: Waiting for all mpi-threads to finish accumulating...


[Rank 0] Collect results: Waiting for all mpi-threads to finish accumulating...
[Rank 0] Timings for all measures:
Measure               | seconds   
Auto-correlation time | 0.00112916
Average order         | 0.00058503
Average sign          | 0.000504138
G_tau measure         | 0.00669975
Total measure time    | 0.00891808
[Rank 0] Acceptance rate for all moves:
Move set Insert two operators: 4.99978e-06
  Move  Insert Delta_up: 0
  Move  Insert Delta_down: 9.9962e-06
Move set Remove two operators: 0
  Move  Remove Delta_up: 0
  Move  Remove Delta_down: 0
Move set Insert four operators: 0
  Move  Insert Delta_up_up: 0
  Move  Insert Delta_up_down: 0
  Move  Insert Delta_down_up: 0
  Move  Insert Delta_down_down: 0
Move set Remove four operators: 0
  Move  Remove Delta_up_up: 0
  Move  Remove Delta_up_down: 0
  Move  Remove Delta_down_up: 0
  Move  Remove Delta_down_down: 0
Move  Shift one operator: 4.98975e-06
[Rank 0] Warmup lasted: 0.127103 seconds [00:00:00]
[Rank 0] Simulation lasted: 0.729617 seconds [00:00:00]
[Rank 0] Number of measures: 20000
Total number of measures: 20000
Average sign: -0.2099
Average order: 0.60495
Auto-correlation time: 535.246
[Rank 0] Timings for all measures:
Measure               | seconds   
Auto-correlation time | 0.00113211
Average order         | 0.000588771
Average sign          | 0.000505911
G_tau measure         | 0.00688893
Total measure time    | 0.00911572
[Rank 0] Acceptance rate for all moves:
Move set Insert two operators: 4.99978e-06
  Move  Insert Delta_up: 0
  Move  Insert Delta_down: 9.9962e-06
Move set Remove two operators: 0
  Move  Remove Delta_up: 0
  Move  Remove Delta_down: 0
Move set Insert four operators: 0
  Move  Insert Delta_up_up: 0
  Move  Insert Delta_up_down: 0
  Move  Insert Delta_down_up: 0
  Move  Insert Delta_down_down: 0
Move set Remove four operators: 0
  Move  Remove Delta_up_up: 0
  Move  Remove Delta_up_down: 0
  Move  Remove Delta_down_up: 0
  Move  Remove Delta_down_down: 0
Move  Shift one operator: 4.98975e-06
[Rank 0] Warmup lasted: 0.125482 seconds [00:00:00]
[Rank 0] Simulation lasted: 0.729499 seconds [00:00:00]
[Rank 0] Number of measures: 20000
Total number of measures: 20000
Average sign: -0.2099
Average order: 0.60495
Auto-correlation time: 535.246

╔╦╗╦═╗╦╔═╗ ╔═╗  ┌─┐┌┬┐┬ ┬┬ ┬┌┐ 
 ║ ╠╦╝║║═╬╗╚═╗  │   │ ├─┤└┬┘├┴┐
 ╩ ╩╚═╩╚═╝╚╚═╝  └─┘ ┴ ┴ ┴ ┴ └─┘


╔╦╗╦═╗╦╔═╗ ╔═╗  ┌─┐┌┬┐┬ ┬┬ ┬┌┐ 
 ║ ╠╦╝║║═╬╗╚═╗  │   │ ├─┤└┬┘├┴┐
 ╩ ╩╚═╩╚═╝╚╚═╝  └─┘ ┴ ┴ ┴ ┴ └─┘



[Rank 0] Collect results: Waiting for all mpi-threads to finish accumulating...
Warning! Delta_tau diagonal term has max imaginary part: 1.13249e-06Disregarding imaginary part 
Warning! Delta_tau diagonal term has max imaginary part: 1.19209e-06Disregarding imaginary part 
Warning! Delta_tau diagonal term has max imaginary part: 1.07288e-06Disregarding imaginary part 
Warning! Delta_tau diagonal term has max imaginary part: 1.07288e-06Disregarding imaginary part 
Warning! Delta_tau diagonal term has max imaginary part: 1.19209e-06Disregarding imaginary part 
Warning! Delta_tau diagonal term has max imaginary part: 1.2517e-06Disregarding imaginary part 
Warning! Delta_tau diagonal term has max imaginary part: 9.53674e-07Disregarding imaginary part 
Warning! Delta_tau diagonal term has max imaginary part: 1.19209e-06Disregarding imaginary part 
Warning! Delta_tau diagonal term has max imaginary part: 1.13249e-06Disregarding imaginary part 
Warning! Delta_tau diagonal term has max imaginary part: 1.01328e-06Disregarding imaginary part 
Warning! Delta_tau diagonal term has max imaginary part: 1.13249e-06Disregarding imaginary part 
Warning! Delta_tau diagonal term has max imaginary part: 1.05798e-06Disregarding imaginary part 
The local Hamiltonian of the problem:
3.34269*c_dag('down',0)*c('down',5) + -9.08878*c_dag('down',0)*c('down',4) + -32.2345*c_dag('down',0)*c('down',3) + 16.7775*c_dag('down',0)*c('down',2) + 8.47353*c_dag('down',0)*c('down',1) + -13489.7*c_dag('down',0)*c('down',0) + 6.24428*c_dag('down',1)*c('down',5) + -2.63636*c_dag('down',1)*c('down',4) + 6.99653*c_dag('down',1)*c('down',3) + -4.61176*c_dag('down',1)*c('down',2) + -22036.9*c_dag('down',1)*c('down',1) + 8.47353*c_dag('down',1)*c('down',0) + -8.9367*c_dag('down',2)*c('down',5) + -8.02361*c_dag('down',2)*c('down',4) + -0.496478*c_dag('down',2)*c('down',3) + -22167.4*c_dag('down',2)*c('down',2) + -4.61176*c_dag('down',2)*c('down',1) + 16.7775*c_dag('down',2)*c('down',0) + 3.51577*c_dag('down',3)*c('down',5) + -9.39206*c_dag('down',3)*c('down',4) + -22163.1*c_dag('down',3)*c('down',3) + -0.496478*c_dag('down',3)*c('down',2) + 6.99653*c_dag('down',3)*c('down',1) + -32.2345*c_dag('down',3)*c('down',0) + -0.489128*c_dag('down',4)*c('down',5) + -22030.4*c_dag('down',4)*c('down',4) + -9.39206*c_dag('down',4)*c('down',3) + -8.02361*c_dag('down',4)*c('down',2) + -2.63636*c_dag('down',4)*c('down',1) + -9.08878*c_dag('down',4)*c('down',0) + -22169.1*c_dag('down',5)*c('down',5) + -0.489128*c_dag('down',5)*c('down',4) + 3.51577*c_dag('down',5)*c('down',3) + -8.9367*c_dag('down',5)*c('down',2) + 6.24428*c_dag('down',5)*c('down',1) + 3.34269*c_dag('down',5)*c('down',0) + 19.1934*c_dag('up',0)*c('up',5) + -10.6934*c_dag('up',0)*c('up',4) + -36.8335*c_dag('up',0)*c('up',3) + 26.4368*c_dag('up',0)*c('up',2) + 15.0614*c_dag('up',0)*c('up',1) + -13586.1*c_dag('up',0)*c('up',0) + 7.50881*c_dag('up',1)*c('up',5) + -2.654*c_dag('up',1)*c('up',4) + 4.71606*c_dag('up',1)*c('up',3) + -3.39894*c_dag('up',1)*c('up',2) + -22036.1*c_dag('up',1)*c('up',1) + 15.0614*c_dag('up',1)*c('up',0) + -6.14581*c_dag('up',2)*c('up',5) + -8.33949*c_dag('up',2)*c('up',4) + -3.69645*c_dag('up',2)*c('up',3) + -22164.8*c_dag('up',2)*c('up',2) + -3.39894*c_dag('up',2)*c('up',1) + 26.4368*c_dag('up',2)*c('up',0) + -0.392026*c_dag('up',3)*c('up',5) + -9.15928*c_dag('up',3)*c('up',4) + -22160.6*c_dag('up',3)*c('up',3) + -3.69645*c_dag('up',3)*c('up',2) + 4.71606*c_dag('up',3)*c('up',1) + -36.8335*c_dag('up',3)*c('up',0) + -0.773789*c_dag('up',4)*c('up',5) + -22029.9*c_dag('up',4)*c('up',4) + -9.15928*c_dag('up',4)*c('up',3) + -8.33949*c_dag('up',4)*c('up',2) + -2.654*c_dag('up',4)*c('up',1) + -10.6934*c_dag('up',4)*c('up',0) + -22166.2*c_dag('up',5)*c('up',5) + -0.773789*c_dag('up',5)*c('up',4) + -0.392026*c_dag('up',5)*c('up',3) + -6.14581*c_dag('up',5)*c('up',2) + 7.50881*c_dag('up',5)*c('up',1) + 19.1934*c_dag('up',5)*c('up',0) + 4*c_dag('down',0)*c_dag('up',0)*c('up',0)*c('down',0) + 4*c_dag('down',1)*c_dag('up',1)*c('up',1)*c('down',1) + 4*c_dag('down',2)*c_dag('up',2)*c('up',2)*c('down',2) + 4*c_dag('down',3)*c_dag('up',3)*c('up',3)*c('down',3) + 4*c_dag('down',4)*c_dag('up',4)*c('up',4)*c('down',4) + 4*c_dag('down',5)*c_dag('up',5)*c('up',5)*c('down',5)
Using autopartition algorithm to partition the local Hilbert space
[Rank 0] Timings for all measures:
Measure               | seconds   
Auto-correlation time | 0.0011473 
Average order         | 0.000592892
Average sign          | 0.000539008
G_tau measure         | 0.00677287
Total measure time    | 0.00905208
[Rank 0] Acceptance rate for all moves:
Move set Insert two operators: 4.99978e-06
  Move  Insert Delta_up: 0
  Move  Insert Delta_down: 9.9962e-06
Move set Remove two operators: 0
  Move  Remove Delta_up: 0
  Move  Remove Delta_down: 0
Move set Insert four operators: 0
  Move  Insert Delta_up_up: 0
  Move  Insert Delta_up_down: 0
  Move  Insert Delta_down_up: 0
  Move  Insert Delta_down_down: 0
Move set Remove four operators: 0
  Move  Remove Delta_up_up: 0
  Move  Remove Delta_up_down: 0
  Move  Remove Delta_down_up: 0
  Move  Remove Delta_down_down: 0
Move  Shift one operator: 4.98975e-06
[Rank 0] Warmup lasted: 0.125404 seconds [00:00:00]
[Rank 0] Simulation lasted: 0.728265 seconds [00:00:00]
[Rank 0] Number of measures: 20000
Total number of measures: 20000
Average sign: -0.2099
Average order: 0.60495
Auto-correlation time: 535.246
Warning! Delta_tau diagonal term has max imaginary part: 1.13249e-06Disregarding imaginary part 
Warning! Delta_tau diagonal term has max imaginary part: 1.19209e-06Disregarding imaginary part 
Warning! Delta_tau diagonal term has max imaginary part: 1.07288e-06Disregarding imaginary part 
Warning! Delta_tau diagonal term has max imaginary part: 1.07288e-06Disregarding imaginary part 
Warning! Delta_tau diagonal term has max imaginary part: 1.19209e-06Disregarding imaginary part 
Warning! Delta_tau diagonal term has max imaginary part: 1.2517e-06Disregarding imaginary part 
Warning! Delta_tau diagonal term has max imaginary part: 9.53674e-07Disregarding imaginary part 
Warning! Delta_tau diagonal term has max imaginary part: 1.19209e-06Disregarding imaginary part 
Warning! Delta_tau diagonal term has max imaginary part: 1.13249e-06Disregarding imaginary part 
Warning! Delta_tau diagonal term has max imaginary part: 1.01328e-06Disregarding imaginary part 
Warning! Delta_tau diagonal term has max imaginary part: 1.13249e-06Disregarding imaginary part 
Warning! Delta_tau diagonal term has max imaginary part: 1.05798e-06Disregarding imaginary part 
The local Hamiltonian of the problem:
3.34269*c_dag('down',0)*c('down',5) + -9.08878*c_dag('down',0)*c('down',4) + -32.2345*c_dag('down',0)*c('down',3) + 16.7775*c_dag('down',0)*c('down',2) + 8.47353*c_dag('down',0)*c('down',1) + -13489.7*c_dag('down',0)*c('down',0) + 6.24428*c_dag('down',1)*c('down',5) + -2.63636*c_dag('down',1)*c('down',4) + 6.99653*c_dag('down',1)*c('down',3) + -4.61176*c_dag('down',1)*c('down',2) + -22036.9*c_dag('down',1)*c('down',1) + 8.47353*c_dag('down',1)*c('down',0) + -8.9367*c_dag('down',2)*c('down',5) + -8.02361*c_dag('down',2)*c('down',4) + -0.496478*c_dag('down',2)*c('down',3) + -22167.4*c_dag('down',2)*c('down',2) + -4.61176*c_dag('down',2)*c('down',1) + 16.7775*c_dag('down',2)*c('down',0) + 3.51577*c_dag('down',3)*c('down',5) + -9.39206*c_dag('down',3)*c('down',4) + -22163.1*c_dag('down',3)*c('down',3) + -0.496478*c_dag('down',3)*c('down',2) + 6.99653*c_dag('down',3)*c('down',1) + -32.2345*c_dag('down',3)*c('down',0) + -0.489128*c_dag('down',4)*c('down',5) + -22030.4*c_dag('down',4)*c('down',4) + -9.39206*c_dag('down',4)*c('down',3) + -8.02361*c_dag('down',4)*c('down',2) + -2.63636*c_dag('down',4)*c('down',1) + -9.08878*c_dag('down',4)*c('down',0) + -22169.1*c_dag('down',5)*c('down',5) + -0.489128*c_dag('down',5)*c('down',4) + 3.51577*c_dag('down',5)*c('down',3) + -8.9367*c_dag('down',5)*c('down',2) + 6.24428*c_dag('down',5)*c('down',1) + 3.34269*c_dag('down',5)*c('down',0) + 19.1934*c_dag('up',0)*c('up',5) + -10.6934*c_dag('up',0)*c('up',4) + -36.8335*c_dag('up',0)*c('up',3) + 26.4368*c_dag('up',0)*c('up',2) + 15.0614*c_dag('up',0)*c('up',1) + -13586.1*c_dag('up',0)*c('up',0) + 7.50881*c_dag('up',1)*c('up',5) + -2.654*c_dag('up',1)*c('up',4) + 4.71606*c_dag('up',1)*c('up',3) + -3.39894*c_dag('up',1)*c('up',2) + -22036.1*c_dag('up',1)*c('up',1) + 15.0614*c_dag('up',1)*c('up',0) + -6.14581*c_dag('up',2)*c('up',5) + -8.33949*c_dag('up',2)*c('up',4) + -3.69645*c_dag('up',2)*c('up',3) + -22164.8*c_dag('up',2)*c('up',2) + -3.39894*c_dag('up',2)*c('up',1) + 26.4368*c_dag('up',2)*c('up',0) + -0.392026*c_dag('up',3)*c('up',5) + -9.15928*c_dag('up',3)*c('up',4) + -22160.6*c_dag('up',3)*c('up',3) + -3.69645*c_dag('up',3)*c('up',2) + 4.71606*c_dag('up',3)*c('up',1) + -36.8335*c_dag('up',3)*c('up',0) + -0.773789*c_dag('up',4)*c('up',5) + -22029.9*c_dag('up',4)*c('up',4) + -9.15928*c_dag('up',4)*c('up',3) + -8.33949*c_dag('up',4)*c('up',2) + -2.654*c_dag('up',4)*c('up',1) + -10.6934*c_dag('up',4)*c('up',0) + -22166.2*c_dag('up',5)*c('up',5) + -0.773789*c_dag('up',5)*c('up',4) + -0.392026*c_dag('up',5)*c('up',3) + -6.14581*c_dag('up',5)*c('up',2) + 7.50881*c_dag('up',5)*c('up',1) + 19.1934*c_dag('up',5)*c('up',0) + 4*c_dag('down',0)*c_dag('up',0)*c('up',0)*c('down',0) + 4*c_dag('down',1)*c_dag('up',1)*c('up',1)*c('down',1) + 4*c_dag('down',2)*c_dag('up',2)*c('up',2)*c('down',2) + 4*c_dag('down',3)*c_dag('up',3)*c('up',3)*c('down',3) + 4*c_dag('down',4)*c_dag('up',4)*c('up',4)*c('down',4) + 4*c_dag('down',5)*c_dag('up',5)*c('up',5)*c('down',5)
Using autopartition algorithm to partition the local Hilbert space

╔╦╗╦═╗╦╔═╗ ╔═╗  ┌─┐┌┬┐┬ ┬┬ ┬┌┐ 
 ║ ╠╦╝║║═╬╗╚═╗  │   │ ├─┤└┬┘├┴┐
 ╩ ╩╚═╩╚═╝╚╚═╝  └─┘ ┴ ┴ ┴ ┴ └─┘



[Rank 0] Collect results: Waiting for all mpi-threads to finish accumulating...
[Rank 0] Timings for all measures:
Measure               | seconds   
Auto-correlation time | 0.00112596
Average order         | 0.000527315
Average sign          | 0.000493358
G_tau measure         | 0.00702609
Total measure time    | 0.00917273
[Rank 0] Acceptance rate for all moves:
Move set Insert two operators: 4.99978e-06
  Move  Insert Delta_up: 0
  Move  Insert Delta_down: 9.9962e-06
Move set Remove two operators: 0
  Move  Remove Delta_up: 0
  Move  Remove Delta_down: 0
Move set Insert four operators: 0
  Move  Insert Delta_up_up: 0
  Move  Insert Delta_up_down: 0
  Move  Insert Delta_down_up: 0
  Move  Insert Delta_down_down: 0
Move set Remove four operators: 0
  Move  Remove Delta_up_up: 0
  Move  Remove Delta_up_down: 0
  Move  Remove Delta_down_up: 0
  Move  Remove Delta_down_down: 0
Move  Shift one operator: 4.98975e-06
[Rank 0] Warmup lasted: 0.124645 seconds [00:00:00]
[Rank 0] Simulation lasted: 0.72671 seconds [00:00:00]
[Rank 0] Number of measures: 20000
Total number of measures: 20000
Average sign: -0.2099
Average order: 0.60495
Auto-correlation time: 535.246

╔╦╗╦═╗╦╔═╗ ╔═╗  ┌─┐┌┬┐┬ ┬┬ ┬┌┐ 
 ║ ╠╦╝║║═╬╗╚═╗  │   │ ├─┤└┬┘├┴┐
 ╩ ╩╚═╩╚═╝╚╚═╝  └─┘ ┴ ┴ ┴ ┴ └─┘


╔╦╗╦═╗╦╔═╗ ╔═╗  ┌─┐┌┬┐┬ ┬┬ ┬┌┐ 
 ║ ╠╦╝║║═╬╗╚═╗  │   │ ├─┤└┬┘├┴┐
 ╩ ╩╚═╩╚═╝╚╚═╝  └─┘ ┴ ┴ ┴ ┴ └─┘

Warning! Delta_tau diagonal term has max imaginary part: 1.13249e-06Disregarding imaginary part 
Warning! Delta_tau diagonal term has max imaginary part: 1.19209e-06Disregarding imaginary part 
Warning! Delta_tau diagonal term has max imaginary part: 1.07288e-06Disregarding imaginary part 
Warning! Delta_tau diagonal term has max imaginary part: 1.07288e-06Disregarding imaginary part 
Warning! Delta_tau diagonal term has max imaginary part: 1.19209e-06Disregarding imaginary part 
Warning! Delta_tau diagonal term has max imaginary part: 1.2517e-06Disregarding imaginary part 
Warning! Delta_tau diagonal term has max imaginary part: 9.53674e-07Disregarding imaginary part 
Warning! Delta_tau diagonal term has max imaginary part: 1.19209e-06Disregarding imaginary part 
Warning! Delta_tau diagonal term has max imaginary part: 1.13249e-06Disregarding imaginary part 
Warning! Delta_tau diagonal term has max imaginary part: 1.01328e-06Disregarding imaginary part 
Warning! Delta_tau diagonal term has max imaginary part: 1.13249e-06Disregarding imaginary part 
Warning! Delta_tau diagonal term has max imaginary part: 1.05798e-06Disregarding imaginary part 
The local Hamiltonian of the problem:
3.34269*c_dag('down',0)*c('down',5) + -9.08878*c_dag('down',0)*c('down',4) + -32.2345*c_dag('down',0)*c('down',3) + 16.7775*c_dag('down',0)*c('down',2) + 8.47353*c_dag('down',0)*c('down',1) + -13489.7*c_dag('down',0)*c('down',0) + 6.24428*c_dag('down',1)*c('down',5) + -2.63636*c_dag('down',1)*c('down',4) + 6.99653*c_dag('down',1)*c('down',3) + -4.61176*c_dag('down',1)*c('down',2) + -22036.9*c_dag('down',1)*c('down',1) + 8.47353*c_dag('down',1)*c('down',0) + -8.9367*c_dag('down',2)*c('down',5) + -8.02361*c_dag('down',2)*c('down',4) + -0.496478*c_dag('down',2)*c('down',3) + -22167.4*c_dag('down',2)*c('down',2) + -4.61176*c_dag('down',2)*c('down',1) + 16.7775*c_dag('down',2)*c('down',0) + 3.51577*c_dag('down',3)*c('down',5) + -9.39206*c_dag('down',3)*c('down',4) + -22163.1*c_dag('down',3)*c('down',3) + -0.496478*c_dag('down',3)*c('down',2) + 6.99653*c_dag('down',3)*c('down',1) + -32.2345*c_dag('down',3)*c('down',0) + -0.489128*c_dag('down',4)*c('down',5) + -22030.4*c_dag('down',4)*c('down',4) + -9.39206*c_dag('down',4)*c('down',3) + -8.02361*c_dag('down',4)*c('down',2) + -2.63636*c_dag('down',4)*c('down',1) + -9.08878*c_dag('down',4)*c('down',0) + -22169.1*c_dag('down',5)*c('down',5) + -0.489128*c_dag('down',5)*c('down',4) + 3.51577*c_dag('down',5)*c('down',3) + -8.9367*c_dag('down',5)*c('down',2) + 6.24428*c_dag('down',5)*c('down',1) + 3.34269*c_dag('down',5)*c('down',0) + 19.1934*c_dag('up',0)*c('up',5) + -10.6934*c_dag('up',0)*c('up',4) + -36.8335*c_dag('up',0)*c('up',3) + 26.4368*c_dag('up',0)*c('up',2) + 15.0614*c_dag('up',0)*c('up',1) + -13586.1*c_dag('up',0)*c('up',0) + 7.50881*c_dag('up',1)*c('up',5) + -2.654*c_dag('up',1)*c('up',4) + 4.71606*c_dag('up',1)*c('up',3) + -3.39894*c_dag('up',1)*c('up',2) + -22036.1*c_dag('up',1)*c('up',1) + 15.0614*c_dag('up',1)*c('up',0) + -6.14581*c_dag('up',2)*c('up',5) + -8.33949*c_dag('up',2)*c('up',4) + -3.69645*c_dag('up',2)*c('up',3) + -22164.8*c_dag('up',2)*c('up',2) + -3.39894*c_dag('up',2)*c('up',1) + 26.4368*c_dag('up',2)*c('up',0) + -0.392026*c_dag('up',3)*c('up',5) + -9.15928*c_dag('up',3)*c('up',4) + -22160.6*c_dag('up',3)*c('up',3) + -3.69645*c_dag('up',3)*c('up',2) + 4.71606*c_dag('up',3)*c('up',1) + -36.8335*c_dag('up',3)*c('up',0) + -0.773789*c_dag('up',4)*c('up',5) + -22029.9*c_dag('up',4)*c('up',4) + -9.15928*c_dag('up',4)*c('up',3) + -8.33949*c_dag('up',4)*c('up',2) + -2.654*c_dag('up',4)*c('up',1) + -10.6934*c_dag('up',4)*c('up',0) + -22166.2*c_dag('up',5)*c('up',5) + -0.773789*c_dag('up',5)*c('up',4) + -0.392026*c_dag('up',5)*c('up',3) + -6.14581*c_dag('up',5)*c('up',2) + 7.50881*c_dag('up',5)*c('up',1) + 19.1934*c_dag('up',5)*c('up',0) + 4*c_dag('down',0)*c_dag('up',0)*c('up',0)*c('down',0) + 4*c_dag('down',1)*c_dag('up',1)*c('up',1)*c('down',1) + 4*c_dag('down',2)*c_dag('up',2)*c('up',2)*c('down',2) + 4*c_dag('down',3)*c_dag('up',3)*c('up',3)*c('down',3) + 4*c_dag('down',4)*c_dag('up',4)*c('up',4)*c('down',4) + 4*c_dag('down',5)*c_dag('up',5)*c('up',5)*c('down',5)
Using autopartition algorithm to partition the local Hilbert space
Warning! Delta_tau diagonal term has max imaginary part: 1.13249e-06Disregarding imaginary part 
Warning! Delta_tau diagonal term has max imaginary part: 1.19209e-06Disregarding imaginary part 
Warning! Delta_tau diagonal term has max imaginary part: 1.07288e-06Disregarding imaginary part 
Warning! Delta_tau diagonal term has max imaginary part: 1.07288e-06Disregarding imaginary part 
Warning! Delta_tau diagonal term has max imaginary part: 1.19209e-06Disregarding imaginary part 
Warning! Delta_tau diagonal term has max imaginary part: 1.2517e-06Disregarding imaginary part 
Warning! Delta_tau diagonal term has max imaginary part: 9.53674e-07Disregarding imaginary part 
Warning! Delta_tau diagonal term has max imaginary part: 1.19209e-06Disregarding imaginary part 
Warning! Delta_tau diagonal term has max imaginary part: 1.13249e-06Disregarding imaginary part 
Warning! Delta_tau diagonal term has max imaginary part: 1.01328e-06Disregarding imaginary part 
Warning! Delta_tau diagonal term has max imaginary part: 1.13249e-06Disregarding imaginary part 
Warning! Delta_tau diagonal term has max imaginary part: 1.05798e-06Disregarding imaginary part 
The local Hamiltonian of the problem:
3.34269*c_dag('down',0)*c('down',5) + -9.08878*c_dag('down',0)*c('down',4) + -32.2345*c_dag('down',0)*c('down',3) + 16.7775*c_dag('down',0)*c('down',2) + 8.47353*c_dag('down',0)*c('down',1) + -13489.7*c_dag('down',0)*c('down',0) + 6.24428*c_dag('down',1)*c('down',5) + -2.63636*c_dag('down',1)*c('down',4) + 6.99653*c_dag('down',1)*c('down',3) + -4.61176*c_dag('down',1)*c('down',2) + -22036.9*c_dag('down',1)*c('down',1) + 8.47353*c_dag('down',1)*c('down',0) + -8.9367*c_dag('down',2)*c('down',5) + -8.02361*c_dag('down',2)*c('down',4) + -0.496478*c_dag('down',2)*c('down',3) + -22167.4*c_dag('down',2)*c('down',2) + -4.61176*c_dag('down',2)*c('down',1) + 16.7775*c_dag('down',2)*c('down',0) + 3.51577*c_dag('down',3)*c('down',5) + -9.39206*c_dag('down',3)*c('down',4) + -22163.1*c_dag('down',3)*c('down',3) + -0.496478*c_dag('down',3)*c('down',2) + 6.99653*c_dag('down',3)*c('down',1) + -32.2345*c_dag('down',3)*c('down',0) + -0.489128*c_dag('down',4)*c('down',5) + -22030.4*c_dag('down',4)*c('down',4) + -9.39206*c_dag('down',4)*c('down',3) + -8.02361*c_dag('down',4)*c('down',2) + -2.63636*c_dag('down',4)*c('down',1) + -9.08878*c_dag('down',4)*c('down',0) + -22169.1*c_dag('down',5)*c('down',5) + -0.489128*c_dag('down',5)*c('down',4) + 3.51577*c_dag('down',5)*c('down',3) + -8.9367*c_dag('down',5)*c('down',2) + 6.24428*c_dag('down',5)*c('down',1) + 3.34269*c_dag('down',5)*c('down',0) + 19.1934*c_dag('up',0)*c('up',5) + -10.6934*c_dag('up',0)*c('up',4) + -36.8335*c_dag('up',0)*c('up',3) + 26.4368*c_dag('up',0)*c('up',2) + 15.0614*c_dag('up',0)*c('up',1) + -13586.1*c_dag('up',0)*c('up',0) + 7.50881*c_dag('up',1)*c('up',5) + -2.654*c_dag('up',1)*c('up',4) + 4.71606*c_dag('up',1)*c('up',3) + -3.39894*c_dag('up',1)*c('up',2) + -22036.1*c_dag('up',1)*c('up',1) + 15.0614*c_dag('up',1)*c('up',0) + -6.14581*c_dag('up',2)*c('up',5) + -8.33949*c_dag('up',2)*c('up',4) + -3.69645*c_dag('up',2)*c('up',3) + -22164.8*c_dag('up',2)*c('up',2) + -3.39894*c_dag('up',2)*c('up',1) + 26.4368*c_dag('up',2)*c('up',0) + -0.392026*c_dag('up',3)*c('up',5) + -9.15928*c_dag('up',3)*c('up',4) + -22160.6*c_dag('up',3)*c('up',3) + -3.69645*c_dag('up',3)*c('up',2) + 4.71606*c_dag('up',3)*c('up',1) + -36.8335*c_dag('up',3)*c('up',0) + -0.773789*c_dag('up',4)*c('up',5) + -22029.9*c_dag('up',4)*c('up',4) + -9.15928*c_dag('up',4)*c('up',3) + -8.33949*c_dag('up',4)*c('up',2) + -2.654*c_dag('up',4)*c('up',1) + -10.6934*c_dag('up',4)*c('up',0) + -22166.2*c_dag('up',5)*c('up',5) + -0.773789*c_dag('up',5)*c('up',4) + -0.392026*c_dag('up',5)*c('up',3) + -6.14581*c_dag('up',5)*c('up',2) + 7.50881*c_dag('up',5)*c('up',1) + 19.1934*c_dag('up',5)*c('up',0) + 4*c_dag('down',0)*c_dag('up',0)*c('up',0)*c('down',0) + 4*c_dag('down',1)*c_dag('up',1)*c('up',1)*c('down',1) + 4*c_dag('down',2)*c_dag('up',2)*c('up',2)*c('down',2) + 4*c_dag('down',3)*c_dag('up',3)*c('up',3)*c('down',3) + 4*c_dag('down',4)*c_dag('up',4)*c('up',4)*c('down',4) + 4*c_dag('down',5)*c_dag('up',5)*c('up',5)*c('down',5)
Using autopartition algorithm to partition the local Hilbert space
Warning! Delta_tau diagonal term has max imaginary part: 1.13249e-06Disregarding imaginary part 
Warning! Delta_tau diagonal term has max imaginary part: 1.19209e-06Disregarding imaginary part 
Warning! Delta_tau diagonal term has max imaginary part: 1.07288e-06Disregarding imaginary part 
Warning! Delta_tau diagonal term has max imaginary part: 1.07288e-06Disregarding imaginary part 
Warning! Delta_tau diagonal term has max imaginary part: 1.19209e-06Disregarding imaginary part 
Warning! Delta_tau diagonal term has max imaginary part: 1.2517e-06Disregarding imaginary part 
Warning! Delta_tau diagonal term has max imaginary part: 9.53674e-07Disregarding imaginary part 
Warning! Delta_tau diagonal term has max imaginary part: 1.19209e-06Disregarding imaginary part 
Warning! Delta_tau diagonal term has max imaginary part: 1.13249e-06Disregarding imaginary part 
Warning! Delta_tau diagonal term has max imaginary part: 1.01328e-06Disregarding imaginary part 
Warning! Delta_tau diagonal term has max imaginary part: 1.13249e-06Disregarding imaginary part 
Warning! Delta_tau diagonal term has max imaginary part: 1.05798e-06Disregarding imaginary part 
The local Hamiltonian of the problem:
3.34269*c_dag('down',0)*c('down',5) + -9.08878*c_dag('down',0)*c('down',4) + -32.2345*c_dag('down',0)*c('down',3) + 16.7775*c_dag('down',0)*c('down',2) + 8.47353*c_dag('down',0)*c('down',1) + -13489.7*c_dag('down',0)*c('down',0) + 6.24428*c_dag('down',1)*c('down',5) + -2.63636*c_dag('down',1)*c('down',4) + 6.99653*c_dag('down',1)*c('down',3) + -4.61176*c_dag('down',1)*c('down',2) + -22036.9*c_dag('down',1)*c('down',1) + 8.47353*c_dag('down',1)*c('down',0) + -8.9367*c_dag('down',2)*c('down',5) + -8.02361*c_dag('down',2)*c('down',4) + -0.496478*c_dag('down',2)*c('down',3) + -22167.4*c_dag('down',2)*c('down',2) + -4.61176*c_dag('down',2)*c('down',1) + 16.7775*c_dag('down',2)*c('down',0) + 3.51577*c_dag('down',3)*c('down',5) + -9.39206*c_dag('down',3)*c('down',4) + -22163.1*c_dag('down',3)*c('down',3) + -0.496478*c_dag('down',3)*c('down',2) + 6.99653*c_dag('down',3)*c('down',1) + -32.2345*c_dag('down',3)*c('down',0) + -0.489128*c_dag('down',4)*c('down',5) + -22030.4*c_dag('down',4)*c('down',4) + -9.39206*c_dag('down',4)*c('down',3) + -8.02361*c_dag('down',4)*c('down',2) + -2.63636*c_dag('down',4)*c('down',1) + -9.08878*c_dag('down',4)*c('down',0) + -22169.1*c_dag('down',5)*c('down',5) + -0.489128*c_dag('down',5)*c('down',4) + 3.51577*c_dag('down',5)*c('down',3) + -8.9367*c_dag('down',5)*c('down',2) + 6.24428*c_dag('down',5)*c('down',1) + 3.34269*c_dag('down',5)*c('down',0) + 19.1934*c_dag('up',0)*c('up',5) + -10.6934*c_dag('up',0)*c('up',4) + -36.8335*c_dag('up',0)*c('up',3) + 26.4368*c_dag('up',0)*c('up',2) + 15.0614*c_dag('up',0)*c('up',1) + -13586.1*c_dag('up',0)*c('up',0) + 7.50881*c_dag('up',1)*c('up',5) + -2.654*c_dag('up',1)*c('up',4) + 4.71606*c_dag('up',1)*c('up',3) + -3.39894*c_dag('up',1)*c('up',2) + -22036.1*c_dag('up',1)*c('up',1) + 15.0614*c_dag('up',1)*c('up',0) + -6.14581*c_dag('up',2)*c('up',5) + -8.33949*c_dag('up',2)*c('up',4) + -3.69645*c_dag('up',2)*c('up',3) + -22164.8*c_dag('up',2)*c('up',2) + -3.39894*c_dag('up',2)*c('up',1) + 26.4368*c_dag('up',2)*c('up',0) + -0.392026*c_dag('up',3)*c('up',5) + -9.15928*c_dag('up',3)*c('up',4) + -22160.6*c_dag('up',3)*c('up',3) + -3.69645*c_dag('up',3)*c('up',2) + 4.71606*c_dag('up',3)*c('up',1) + -36.8335*c_dag('up',3)*c('up',0) + -0.773789*c_dag('up',4)*c('up',5) + -22029.9*c_dag('up',4)*c('up',4) + -9.15928*c_dag('up',4)*c('up',3) + -8.33949*c_dag('up',4)*c('up',2) + -2.654*c_dag('up',4)*c('up',1) + -10.6934*c_dag('up',4)*c('up',0) + -22166.2*c_dag('up',5)*c('up',5) + -0.773789*c_dag('up',5)*c('up',4) + -0.392026*c_dag('up',5)*c('up',3) + -6.14581*c_dag('up',5)*c('up',2) + 7.50881*c_dag('up',5)*c('up',1) + 19.1934*c_dag('up',5)*c('up',0) + 4*c_dag('down',0)*c_dag('up',0)*c('up',0)*c('down',0) + 4*c_dag('down',1)*c_dag('up',1)*c('up',1)*c('down',1) + 4*c_dag('down',2)*c_dag('up',2)*c('up',2)*c('down',2) + 4*c_dag('down',3)*c_dag('up',3)*c('up',3)*c('down',3) + 4*c_dag('down',4)*c_dag('up',4)*c('up',4)*c('down',4) + 4*c_dag('down',5)*c_dag('up',5)*c('up',5)*c('down',5)
Using autopartition algorithm to partition the local Hilbert space

╔╦╗╦═╗╦╔═╗ ╔═╗  ┌─┐┌┬┐┬ ┬┬ ┬┌┐ 
 ║ ╠╦╝║║═╬╗╚═╗  │   │ ├─┤└┬┘├┴┐
 ╩ ╩╚═╩╚═╝╚╚═╝  └─┘ ┴ ┴ ┴ ┴ └─┘


╔╦╗╦═╗╦╔═╗ ╔═╗  ┌─┐┌┬┐┬ ┬┬ ┬┌┐ 
 ║ ╠╦╝║║═╬╗╚═╗  │   │ ├─┤└┬┘├┴┐
 ╩ ╩╚═╩╚═╝╚╚═╝  └─┘ ┴ ┴ ┴ ┴ └─┘

Warning! Delta_tau diagonal term has max imaginary part: 1.13249e-06Disregarding imaginary part 
Warning! Delta_tau diagonal term has max imaginary part: 1.19209e-06Disregarding imaginary part 
Warning! Delta_tau diagonal term has max imaginary part: 1.07288e-06Disregarding imaginary part 
Warning! Delta_tau diagonal term has max imaginary part: 1.07288e-06Disregarding imaginary part 
Warning! Delta_tau diagonal term has max imaginary part: 1.19209e-06Disregarding imaginary part 
Warning! Delta_tau diagonal term has max imaginary part: 1.2517e-06Disregarding imaginary part 
Warning! Delta_tau diagonal term has max imaginary part: 9.53674e-07Disregarding imaginary part 
Warning! Delta_tau diagonal term has max imaginary part: 1.19209e-06Disregarding imaginary part 
Warning! Delta_tau diagonal term has max imaginary part: 1.13249e-06Disregarding imaginary part 
Warning! Delta_tau diagonal term has max imaginary part: 1.01328e-06Disregarding imaginary part 
Warning! Delta_tau diagonal term has max imaginary part: 1.13249e-06Disregarding imaginary part 
Warning! Delta_tau diagonal term has max imaginary part: 1.05798e-06Disregarding imaginary part 
The local Hamiltonian of the problem:
3.34269*c_dag('down',0)*c('down',5) + -9.08878*c_dag('down',0)*c('down',4) + -32.2345*c_dag('down',0)*c('down',3) + 16.7775*c_dag('down',0)*c('down',2) + 8.47353*c_dag('down',0)*c('down',1) + -13489.7*c_dag('down',0)*c('down',0) + 6.24428*c_dag('down',1)*c('down',5) + -2.63636*c_dag('down',1)*c('down',4) + 6.99653*c_dag('down',1)*c('down',3) + -4.61176*c_dag('down',1)*c('down',2) + -22036.9*c_dag('down',1)*c('down',1) + 8.47353*c_dag('down',1)*c('down',0) + -8.9367*c_dag('down',2)*c('down',5) + -8.02361*c_dag('down',2)*c('down',4) + -0.496478*c_dag('down',2)*c('down',3) + -22167.4*c_dag('down',2)*c('down',2) + -4.61176*c_dag('down',2)*c('down',1) + 16.7775*c_dag('down',2)*c('down',0) + 3.51577*c_dag('down',3)*c('down',5) + -9.39206*c_dag('down',3)*c('down',4) + -22163.1*c_dag('down',3)*c('down',3) + -0.496478*c_dag('down',3)*c('down',2) + 6.99653*c_dag('down',3)*c('down',1) + -32.2345*c_dag('down',3)*c('down',0) + -0.489128*c_dag('down',4)*c('down',5) + -22030.4*c_dag('down',4)*c('down',4) + -9.39206*c_dag('down',4)*c('down',3) + -8.02361*c_dag('down',4)*c('down',2) + -2.63636*c_dag('down',4)*c('down',1) + -9.08878*c_dag('down',4)*c('down',0) + -22169.1*c_dag('down',5)*c('down',5) + -0.489128*c_dag('down',5)*c('down',4) + 3.51577*c_dag('down',5)*c('down',3) + -8.9367*c_dag('down',5)*c('down',2) + 6.24428*c_dag('down',5)*c('down',1) + 3.34269*c_dag('down',5)*c('down',0) + 19.1934*c_dag('up',0)*c('up',5) + -10.6934*c_dag('up',0)*c('up',4) + -36.8335*c_dag('up',0)*c('up',3) + 26.4368*c_dag('up',0)*c('up',2) + 15.0614*c_dag('up',0)*c('up',1) + -13586.1*c_dag('up',0)*c('up',0) + 7.50881*c_dag('up',1)*c('up',5) + -2.654*c_dag('up',1)*c('up',4) + 4.71606*c_dag('up',1)*c('up',3) + -3.39894*c_dag('up',1)*c('up',2) + -22036.1*c_dag('up',1)*c('up',1) + 15.0614*c_dag('up',1)*c('up',0) + -6.14581*c_dag('up',2)*c('up',5) + -8.33949*c_dag('up',2)*c('up',4) + -3.69645*c_dag('up',2)*c('up',3) + -22164.8*c_dag('up',2)*c('up',2) + -3.39894*c_dag('up',2)*c('up',1) + 26.4368*c_dag('up',2)*c('up',0) + -0.392026*c_dag('up',3)*c('up',5) + -9.15928*c_dag('up',3)*c('up',4) + -22160.6*c_dag('up',3)*c('up',3) + -3.69645*c_dag('up',3)*c('up',2) + 4.71606*c_dag('up',3)*c('up',1) + -36.8335*c_dag('up',3)*c('up',0) + -0.773789*c_dag('up',4)*c('up',5) + -22029.9*c_dag('up',4)*c('up',4) + -9.15928*c_dag('up',4)*c('up',3) + -8.33949*c_dag('up',4)*c('up',2) + -2.654*c_dag('up',4)*c('up',1) + -10.6934*c_dag('up',4)*c('up',0) + -22166.2*c_dag('up',5)*c('up',5) + -0.773789*c_dag('up',5)*c('up',4) + -0.392026*c_dag('up',5)*c('up',3) + -6.14581*c_dag('up',5)*c('up',2) + 7.50881*c_dag('up',5)*c('up',1) + 19.1934*c_dag('up',5)*c('up',0) + 4*c_dag('down',0)*c_dag('up',0)*c('up',0)*c('down',0) + 4*c_dag('down',1)*c_dag('up',1)*c('up',1)*c('down',1) + 4*c_dag('down',2)*c_dag('up',2)*c('up',2)*c('down',2) + 4*c_dag('down',3)*c_dag('up',3)*c('up',3)*c('down',3) + 4*c_dag('down',4)*c_dag('up',4)*c('up',4)*c('down',4) + 4*c_dag('down',5)*c_dag('up',5)*c('up',5)*c('down',5)
Using autopartition algorithm to partition the local Hilbert space


[Rank 0] Collect results: Waiting for all mpi-threads to finish accumulating...
[Rank 0] Timings for all measures:
Measure               | seconds   
Auto-correlation time | 0.0011378 
Average order         | 0.00052974
Average sign          | 0.000524994
G_tau measure         | 0.00793577
Total measure time    | 0.0101283 
[Rank 0] Acceptance rate for all moves:
Move set Insert two operators: 4.99978e-06
  Move  Insert Delta_up: 0
  Move  Insert Delta_down: 9.9962e-06
Move set Remove two operators: 0
  Move  Remove Delta_up: 0
  Move  Remove Delta_down: 0
Move set Insert four operators: 0
  Move  Insert Delta_up_up: 0
  Move  Insert Delta_up_down: 0
  Move  Insert Delta_down_up: 0
  Move  Insert Delta_down_down: 0
Move set Remove four operators: 0
  Move  Remove Delta_up_up: 0
  Move  Remove Delta_up_down: 0
  Move  Remove Delta_down_up: 0
  Move  Remove Delta_down_down: 0
Move  Shift one operator: 4.98975e-06
[Rank 0] Warmup lasted: 0.124768 seconds [00:00:00]
[Rank 0] Simulation lasted: 0.729223 seconds [00:00:00]
[Rank 0] Number of measures: 20000
Total number of measures: 20000
Average sign: -0.2099
Average order: 0.60495
Auto-correlation time: 535.246
Warning! Delta_tau diagonal term has max imaginary part: 1.13249e-06Disregarding imaginary part 
Warning! Delta_tau diagonal term has max imaginary part: 1.19209e-06Disregarding imaginary part 
Warning! Delta_tau diagonal term has max imaginary part: 1.07288e-06Disregarding imaginary part 
Warning! Delta_tau diagonal term has max imaginary part: 1.07288e-06Disregarding imaginary part 
Warning! Delta_tau diagonal term has max imaginary part: 1.19209e-06Disregarding imaginary part 
Warning! Delta_tau diagonal term has max imaginary part: 1.2517e-06Disregarding imaginary part 
Warning! Delta_tau diagonal term has max imaginary part: 9.53674e-07Disregarding imaginary part 
Warning! Delta_tau diagonal term has max imaginary part: 1.19209e-06Disregarding imaginary part 
Warning! Delta_tau diagonal term has max imaginary part: 1.13249e-06Disregarding imaginary part 
Warning! Delta_tau diagonal term has max imaginary part: 1.01328e-06Disregarding imaginary part 
Warning! Delta_tau diagonal term has max imaginary part: 1.13249e-06Disregarding imaginary part 
Warning! Delta_tau diagonal term has max imaginary part: 1.05798e-06Disregarding imaginary part 
The local Hamiltonian of the problem:
3.34269*c_dag('down',0)*c('down',5) + -9.08878*c_dag('down',0)*c('down',4) + -32.2345*c_dag('down',0)*c('down',3) + 16.7775*c_dag('down',0)*c('down',2) + 8.47353*c_dag('down',0)*c('down',1) + -13489.7*c_dag('down',0)*c('down',0) + 6.24428*c_dag('down',1)*c('down',5) + -2.63636*c_dag('down',1)*c('down',4) + 6.99653*c_dag('down',1)*c('down',3) + -4.61176*c_dag('down',1)*c('down',2) + -22036.9*c_dag('down',1)*c('down',1) + 8.47353*c_dag('down',1)*c('down',0) + -8.9367*c_dag('down',2)*c('down',5) + -8.02361*c_dag('down',2)*c('down',4) + -0.496478*c_dag('down',2)*c('down',3) + -22167.4*c_dag('down',2)*c('down',2) + -4.61176*c_dag('down',2)*c('down',1) + 16.7775*c_dag('down',2)*c('down',0) + 3.51577*c_dag('down',3)*c('down',5) + -9.39206*c_dag('down',3)*c('down',4) + -22163.1*c_dag('down',3)*c('down',3) + -0.496478*c_dag('down',3)*c('down',2) + 6.99653*c_dag('down',3)*c('down',1) + -32.2345*c_dag('down',3)*c('down',0) + -0.489128*c_dag('down',4)*c('down',5) + -22030.4*c_dag('down',4)*c('down',4) + -9.39206*c_dag('down',4)*c('down',3) + -8.02361*c_dag('down',4)*c('down',2) + -2.63636*c_dag('down',4)*c('down',1) + -9.08878*c_dag('down',4)*c('down',0) + -22169.1*c_dag('down',5)*c('down',5) + -0.489128*c_dag('down',5)*c('down',4) + 3.51577*c_dag('down',5)*c('down',3) + -8.9367*c_dag('down',5)*c('down',2) + 6.24428*c_dag('down',5)*c('down',1) + 3.34269*c_dag('down',5)*c('down',0) + 19.1934*c_dag('up',0)*c('up',5) + -10.6934*c_dag('up',0)*c('up',4) + -36.8335*c_dag('up',0)*c('up',3) + 26.4368*c_dag('up',0)*c('up',2) + 15.0614*c_dag('up',0)*c('up',1) + -13586.1*c_dag('up',0)*c('up',0) + 7.50881*c_dag('up',1)*c('up',5) + -2.654*c_dag('up',1)*c('up',4) + 4.71606*c_dag('up',1)*c('up',3) + -3.39894*c_dag('up',1)*c('up',2) + -22036.1*c_dag('up',1)*c('up',1) + 15.0614*c_dag('up',1)*c('up',0) + -6.14581*c_dag('up',2)*c('up',5) + -8.33949*c_dag('up',2)*c('up',4) + -3.69645*c_dag('up',2)*c('up',3) + -22164.8*c_dag('up',2)*c('up',2) + -3.39894*c_dag('up',2)*c('up',1) + 26.4368*c_dag('up',2)*c('up',0) + -0.392026*c_dag('up',3)*c('up',5) + -9.15928*c_dag('up',3)*c('up',4) + -22160.6*c_dag('up',3)*c('up',3) + -3.69645*c_dag('up',3)*c('up',2) + 4.71606*c_dag('up',3)*c('up',1) + -36.8335*c_dag('up',3)*c('up',0) + -0.773789*c_dag('up',4)*c('up',5) + -22029.9*c_dag('up',4)*c('up',4) + -9.15928*c_dag('up',4)*c('up',3) + -8.33949*c_dag('up',4)*c('up',2) + -2.654*c_dag('up',4)*c('up',1) + -10.6934*c_dag('up',4)*c('up',0) + -22166.2*c_dag('up',5)*c('up',5) + -0.773789*c_dag('up',5)*c('up',4) + -0.392026*c_dag('up',5)*c('up',3) + -6.14581*c_dag('up',5)*c('up',2) + 7.50881*c_dag('up',5)*c('up',1) + 19.1934*c_dag('up',5)*c('up',0) + 4*c_dag('down',0)*c_dag('up',0)*c('up',0)*c('down',0) + 4*c_dag('down',1)*c_dag('up',1)*c('up',1)*c('down',1) + 4*c_dag('down',2)*c_dag('up',2)*c('up',2)*c('down',2) + 4*c_dag('down',3)*c_dag('up',3)*c('up',3)*c('down',3) + 4*c_dag('down',4)*c_dag('up',4)*c('up',4)*c('down',4) + 4*c_dag('down',5)*c_dag('up',5)*c('up',5)*c('down',5)
Using autopartition algorithm to partition the local Hilbert space


[Rank 0] Collect results: Waiting for all mpi-threads to finish accumulating...
[Rank 0] Timings for all measures:
Measure               | seconds   
Auto-correlation time | 0.00114422
Average order         | 0.000575484
Average sign          | 0.000511415
G_tau measure         | 0.00655117
Total measure time    | 0.00878229
[Rank 0] Acceptance rate for all moves:
Move set Insert two operators: 4.99978e-06
  Move  Insert Delta_up: 0
  Move  Insert Delta_down: 9.9962e-06
Move set Remove two operators: 0
  Move  Remove Delta_up: 0
  Move  Remove Delta_down: 0
Move set Insert four operators: 0
  Move  Insert Delta_up_up: 0
  Move  Insert Delta_up_down: 0
  Move  Insert Delta_down_up: 0
  Move  Insert Delta_down_down: 0
Move set Remove four operators: 0
  Move  Remove Delta_up_up: 0
  Move  Remove Delta_up_down: 0
  Move  Remove Delta_down_up: 0
  Move  Remove Delta_down_down: 0
Move  Shift one operator: 4.98975e-06
[Rank 0] Warmup lasted: 0.125167 seconds [00:00:00]
[Rank 0] Simulation lasted: 0.73419 seconds [00:00:00]
[Rank 0] Number of measures: 20000
Total number of measures: 20000
Average sign: -0.2099
Average order: 0.60495
Auto-correlation time: 535.246

╔╦╗╦═╗╦╔═╗ ╔═╗  ┌─┐┌┬┐┬ ┬┬ ┬┌┐ 
 ║ ╠╦╝║║═╬╗╚═╗  │   │ ├─┤└┬┘├┴┐
 ╩ ╩╚═╩╚═╝╚╚═╝  └─┘ ┴ ┴ ┴ ┴ └─┘

Warning! Delta_tau diagonal term has max imaginary part: 1.13249e-06Disregarding imaginary part 
Warning! Delta_tau diagonal term has max imaginary part: 1.19209e-06Disregarding imaginary part 
Warning! Delta_tau diagonal term has max imaginary part: 1.07288e-06Disregarding imaginary part 
Warning! Delta_tau diagonal term has max imaginary part: 1.07288e-06Disregarding imaginary part 
Warning! Delta_tau diagonal term has max imaginary part: 1.19209e-06Disregarding imaginary part 
Warning! Delta_tau diagonal term has max imaginary part: 1.2517e-06Disregarding imaginary part 
Warning! Delta_tau diagonal term has max imaginary part: 9.53674e-07Disregarding imaginary part 
Warning! Delta_tau diagonal term has max imaginary part: 1.19209e-06Disregarding imaginary part 
Warning! Delta_tau diagonal term has max imaginary part: 1.13249e-06Disregarding imaginary part 
Warning! Delta_tau diagonal term has max imaginary part: 1.01328e-06Disregarding imaginary part 
Warning! Delta_tau diagonal term has max imaginary part: 1.13249e-06Disregarding imaginary part 
Warning! Delta_tau diagonal term has max imaginary part: 1.05798e-06Disregarding imaginary part 
The local Hamiltonian of the problem:
3.34269*c_dag('down',0)*c('down',5) + -9.08878*c_dag('down',0)*c('down',4) + -32.2345*c_dag('down',0)*c('down',3) + 16.7775*c_dag('down',0)*c('down',2) + 8.47353*c_dag('down',0)*c('down',1) + -13489.7*c_dag('down',0)*c('down',0) + 6.24428*c_dag('down',1)*c('down',5) + -2.63636*c_dag('down',1)*c('down',4) + 6.99653*c_dag('down',1)*c('down',3) + -4.61176*c_dag('down',1)*c('down',2) + -22036.9*c_dag('down',1)*c('down',1) + 8.47353*c_dag('down',1)*c('down',0) + -8.9367*c_dag('down',2)*c('down',5) + -8.02361*c_dag('down',2)*c('down',4) + -0.496478*c_dag('down',2)*c('down',3) + -22167.4*c_dag('down',2)*c('down',2) + -4.61176*c_dag('down',2)*c('down',1) + 16.7775*c_dag('down',2)*c('down',0) + 3.51577*c_dag('down',3)*c('down',5) + -9.39206*c_dag('down',3)*c('down',4) + -22163.1*c_dag('down',3)*c('down',3) + -0.496478*c_dag('down',3)*c('down',2) + 6.99653*c_dag('down',3)*c('down',1) + -32.2345*c_dag('down',3)*c('down',0) + -0.489128*c_dag('down',4)*c('down',5) + -22030.4*c_dag('down',4)*c('down',4) + -9.39206*c_dag('down',4)*c('down',3) + -8.02361*c_dag('down',4)*c('down',2) + -2.63636*c_dag('down',4)*c('down',1) + -9.08878*c_dag('down',4)*c('down',0) + -22169.1*c_dag('down',5)*c('down',5) + -0.489128*c_dag('down',5)*c('down',4) + 3.51577*c_dag('down',5)*c('down',3) + -8.9367*c_dag('down',5)*c('down',2) + 6.24428*c_dag('down',5)*c('down',1) + 3.34269*c_dag('down',5)*c('down',0) + 19.1934*c_dag('up',0)*c('up',5) + -10.6934*c_dag('up',0)*c('up',4) + -36.8335*c_dag('up',0)*c('up',3) + 26.4368*c_dag('up',0)*c('up',2) + 15.0614*c_dag('up',0)*c('up',1) + -13586.1*c_dag('up',0)*c('up',0) + 7.50881*c_dag('up',1)*c('up',5) + -2.654*c_dag('up',1)*c('up',4) + 4.71606*c_dag('up',1)*c('up',3) + -3.39894*c_dag('up',1)*c('up',2) + -22036.1*c_dag('up',1)*c('up',1) + 15.0614*c_dag('up',1)*c('up',0) + -6.14581*c_dag('up',2)*c('up',5) + -8.33949*c_dag('up',2)*c('up',4) + -3.69645*c_dag('up',2)*c('up',3) + -22164.8*c_dag('up',2)*c('up',2) + -3.39894*c_dag('up',2)*c('up',1) + 26.4368*c_dag('up',2)*c('up',0) + -0.392026*c_dag('up',3)*c('up',5) + -9.15928*c_dag('up',3)*c('up',4) + -22160.6*c_dag('up',3)*c('up',3) + -3.69645*c_dag('up',3)*c('up',2) + 4.71606*c_dag('up',3)*c('up',1) + -36.8335*c_dag('up',3)*c('up',0) + -0.773789*c_dag('up',4)*c('up',5) + -22029.9*c_dag('up',4)*c('up',4) + -9.15928*c_dag('up',4)*c('up',3) + -8.33949*c_dag('up',4)*c('up',2) + -2.654*c_dag('up',4)*c('up',1) + -10.6934*c_dag('up',4)*c('up',0) + -22166.2*c_dag('up',5)*c('up',5) + -0.773789*c_dag('up',5)*c('up',4) + -0.392026*c_dag('up',5)*c('up',3) + -6.14581*c_dag('up',5)*c('up',2) + 7.50881*c_dag('up',5)*c('up',1) + 19.1934*c_dag('up',5)*c('up',0) + 4*c_dag('down',0)*c_dag('up',0)*c('up',0)*c('down',0) + 4*c_dag('down',1)*c_dag('up',1)*c('up',1)*c('down',1) + 4*c_dag('down',2)*c_dag('up',2)*c('up',2)*c('down',2) + 4*c_dag('down',3)*c_dag('up',3)*c('up',3)*c('down',3) + 4*c_dag('down',4)*c_dag('up',4)*c('up',4)*c('down',4) + 4*c_dag('down',5)*c_dag('up',5)*c('up',5)*c('down',5)
Using autopartition algorithm to partition the local Hilbert space

╔╦╗╦═╗╦╔═╗ ╔═╗  ┌─┐┌┬┐┬ ┬┬ ┬┌┐ 
 ║ ╠╦╝║║═╬╗╚═╗  │   │ ├─┤└┬┘├┴┐
 ╩ ╩╚═╩╚═╝╚╚═╝  └─┘ ┴ ┴ ┴ ┴ └─┘

Warning! Delta_tau diagonal term has max imaginary part: 1.13249e-06Disregarding imaginary part 
Warning! Delta_tau diagonal term has max imaginary part: 1.19209e-06Disregarding imaginary part 
Warning! Delta_tau diagonal term has max imaginary part: 1.07288e-06Disregarding imaginary part 
Warning! Delta_tau diagonal term has max imaginary part: 1.07288e-06Disregarding imaginary part 
Warning! Delta_tau diagonal term has max imaginary part: 1.19209e-06Disregarding imaginary part 
Warning! Delta_tau diagonal term has max imaginary part: 1.2517e-06Disregarding imaginary part 
Warning! Delta_tau diagonal term has max imaginary part: 9.53674e-07Disregarding imaginary part 
Warning! Delta_tau diagonal term has max imaginary part: 1.19209e-06Disregarding imaginary part 
Warning! Delta_tau diagonal term has max imaginary part: 1.13249e-06Disregarding imaginary part 
Warning! Delta_tau diagonal term has max imaginary part: 1.01328e-06Disregarding imaginary part 
Warning! Delta_tau diagonal term has max imaginary part: 1.13249e-06Disregarding imaginary part 
Warning! Delta_tau diagonal term has max imaginary part: 1.05798e-06Disregarding imaginary part 
The local Hamiltonian of the problem:
3.34269*c_dag('down',0)*c('down',5) + -9.08878*c_dag('down',0)*c('down',4) + -32.2345*c_dag('down',0)*c('down',3) + 16.7775*c_dag('down',0)*c('down',2) + 8.47353*c_dag('down',0)*c('down',1) + -13489.7*c_dag('down',0)*c('down',0) + 6.24428*c_dag('down',1)*c('down',5) + -2.63636*c_dag('down',1)*c('down',4) + 6.99653*c_dag('down',1)*c('down',3) + -4.61176*c_dag('down',1)*c('down',2) + -22036.9*c_dag('down',1)*c('down',1) + 8.47353*c_dag('down',1)*c('down',0) + -8.9367*c_dag('down',2)*c('down',5) + -8.02361*c_dag('down',2)*c('down',4) + -0.496478*c_dag('down',2)*c('down',3) + -22167.4*c_dag('down',2)*c('down',2) + -4.61176*c_dag('down',2)*c('down',1) + 16.7775*c_dag('down',2)*c('down',0) + 3.51577*c_dag('down',3)*c('down',5) + -9.39206*c_dag('down',3)*c('down',4) + -22163.1*c_dag('down',3)*c('down',3) + -0.496478*c_dag('down',3)*c('down',2) + 6.99653*c_dag('down',3)*c('down',1) + -32.2345*c_dag('down',3)*c('down',0) + -0.489128*c_dag('down',4)*c('down',5) + -22030.4*c_dag('down',4)*c('down',4) + -9.39206*c_dag('down',4)*c('down',3) + -8.02361*c_dag('down',4)*c('down',2) + -2.63636*c_dag('down',4)*c('down',1) + -9.08878*c_dag('down',4)*c('down',0) + -22169.1*c_dag('down',5)*c('down',5) + -0.489128*c_dag('down',5)*c('down',4) + 3.51577*c_dag('down',5)*c('down',3) + -8.9367*c_dag('down',5)*c('down',2) + 6.24428*c_dag('down',5)*c('down',1) + 3.34269*c_dag('down',5)*c('down',0) + 19.1934*c_dag('up',0)*c('up',5) + -10.6934*c_dag('up',0)*c('up',4) + -36.8335*c_dag('up',0)*c('up',3) + 26.4368*c_dag('up',0)*c('up',2) + 15.0614*c_dag('up',0)*c('up',1) + -13586.1*c_dag('up',0)*c('up',0) + 7.50881*c_dag('up',1)*c('up',5) + -2.654*c_dag('up',1)*c('up',4) + 4.71606*c_dag('up',1)*c('up',3) + -3.39894*c_dag('up',1)*c('up',2) + -22036.1*c_dag('up',1)*c('up',1) + 15.0614*c_dag('up',1)*c('up',0) + -6.14581*c_dag('up',2)*c('up',5) + -8.33949*c_dag('up',2)*c('up',4) + -3.69645*c_dag('up',2)*c('up',3) + -22164.8*c_dag('up',2)*c('up',2) + -3.39894*c_dag('up',2)*c('up',1) + 26.4368*c_dag('up',2)*c('up',0) + -0.392026*c_dag('up',3)*c('up',5) + -9.15928*c_dag('up',3)*c('up',4) + -22160.6*c_dag('up',3)*c('up',3) + -3.69645*c_dag('up',3)*c('up',2) + 4.71606*c_dag('up',3)*c('up',1) + -36.8335*c_dag('up',3)*c('up',0) + -0.773789*c_dag('up',4)*c('up',5) + -22029.9*c_dag('up',4)*c('up',4) + -9.15928*c_dag('up',4)*c('up',3) + -8.33949*c_dag('up',4)*c('up',2) + -2.654*c_dag('up',4)*c('up',1) + -10.6934*c_dag('up',4)*c('up',0) + -22166.2*c_dag('up',5)*c('up',5) + -0.773789*c_dag('up',5)*c('up',4) + -0.392026*c_dag('up',5)*c('up',3) + -6.14581*c_dag('up',5)*c('up',2) + 7.50881*c_dag('up',5)*c('up',1) + 19.1934*c_dag('up',5)*c('up',0) + 4*c_dag('down',0)*c_dag('up',0)*c('up',0)*c('down',0) + 4*c_dag('down',1)*c_dag('up',1)*c('up',1)*c('down',1) + 4*c_dag('down',2)*c_dag('up',2)*c('up',2)*c('down',2) + 4*c_dag('down',3)*c_dag('up',3)*c('up',3)*c('down',3) + 4*c_dag('down',4)*c_dag('up',4)*c('up',4)*c('down',4) + 4*c_dag('down',5)*c_dag('up',5)*c('up',5)*c('down',5)
Using autopartition algorithm to partition the local Hilbert space


[Rank 0] Collect results: Waiting for all mpi-threads to finish accumulating...
[Rank 0] Timings for all measures:
Measure               | seconds   
Auto-correlation time | 0.00113629
Average order         | 0.000527334
Average sign          | 0.000483375
G_tau measure         | 0.00755383
Total measure time    | 0.00970083
[Rank 0] Acceptance rate for all moves:
Move set Insert two operators: 4.99978e-06
  Move  Insert Delta_up: 0
  Move  Insert Delta_down: 9.9962e-06
Move set Remove two operators: 0
  Move  Remove Delta_up: 0
  Move  Remove Delta_down: 0
Move set Insert four operators: 0
  Move  Insert Delta_up_up: 0
  Move  Insert Delta_up_down: 0
  Move  Insert Delta_down_up: 0
  Move  Insert Delta_down_down: 0
Move set Remove four operators: 0
  Move  Remove Delta_up_up: 0
  Move  Remove Delta_up_down: 0
  Move  Remove Delta_down_up: 0
  Move  Remove Delta_down_down: 0
Move  Shift one operator: 4.98975e-06
[Rank 0] Warmup lasted: 0.126318 seconds [00:00:00]
[Rank 0] Simulation lasted: 0.735574 seconds [00:00:00]
[Rank 0] Number of measures: 20000
Total number of measures: 20000
Average sign: -0.2099
Average order: 0.60495
Auto-correlation time: 535.246


[Rank 0] Collect results: Waiting for all mpi-threads to finish accumulating...
[Rank 0] Timings for all measures:
Measure               | seconds   
Auto-correlation time | 0.00114676
Average order         | 0.000519796
Average sign          | 0.00050058
G_tau measure         | 0.00833188
Total measure time    | 0.010499  
[Rank 0] Acceptance rate for all moves:
Move set Insert two operators: 4.99978e-06
  Move  Insert Delta_up: 0
  Move  Insert Delta_down: 9.9962e-06
Move set Remove two operators: 0
  Move  Remove Delta_up: 0
  Move  Remove Delta_down: 0
Move set Insert four operators: 0
  Move  Insert Delta_up_up: 0
  Move  Insert Delta_up_down: 0
  Move  Insert Delta_down_up: 0
  Move  Insert Delta_down_down: 0
Move set Remove four operators: 0
  Move  Remove Delta_up_up: 0
  Move  Remove Delta_up_down: 0
  Move  Remove Delta_down_up: 0
  Move  Remove Delta_down_down: 0
Move  Shift one operator: 4.98975e-06
[Rank 0] Warmup lasted: 0.125634 seconds [00:00:00]
[Rank 0] Simulation lasted: 0.731643 seconds [00:00:00]
[Rank 0] Number of measures: 20000
Total number of measures: 20000
Average sign: -0.2099
Average order: 0.60495
Auto-correlation time: 535.246

╔╦╗╦═╗╦╔═╗ ╔═╗  ┌─┐┌┬┐┬ ┬┬ ┬┌┐ 
 ║ ╠╦╝║║═╬╗╚═╗  │   │ ├─┤└┬┘├┴┐
 ╩ ╩╚═╩╚═╝╚╚═╝  └─┘ ┴ ┴ ┴ ┴ └─┘

Warning! Delta_tau diagonal term has max imaginary part: 1.13249e-06Disregarding imaginary part 
Warning! Delta_tau diagonal term has max imaginary part: 1.19209e-06Disregarding imaginary part 
Warning! Delta_tau diagonal term has max imaginary part: 1.07288e-06Disregarding imaginary part 
Warning! Delta_tau diagonal term has max imaginary part: 1.07288e-06Disregarding imaginary part 
Warning! Delta_tau diagonal term has max imaginary part: 1.19209e-06Disregarding imaginary part 
Warning! Delta_tau diagonal term has max imaginary part: 1.2517e-06Disregarding imaginary part 
Warning! Delta_tau diagonal term has max imaginary part: 9.53674e-07Disregarding imaginary part 
Warning! Delta_tau diagonal term has max imaginary part: 1.19209e-06Disregarding imaginary part 
Warning! Delta_tau diagonal term has max imaginary part: 1.13249e-06Disregarding imaginary part 
Warning! Delta_tau diagonal term has max imaginary part: 1.01328e-06Disregarding imaginary part 
Warning! Delta_tau diagonal term has max imaginary part: 1.13249e-06Disregarding imaginary part 
Warning! Delta_tau diagonal term has max imaginary part: 1.05798e-06Disregarding imaginary part 
The local Hamiltonian of the problem:
3.34269*c_dag('down',0)*c('down',5) + -9.08878*c_dag('down',0)*c('down',4) + -32.2345*c_dag('down',0)*c('down',3) + 16.7775*c_dag('down',0)*c('down',2) + 8.47353*c_dag('down',0)*c('down',1) + -13489.7*c_dag('down',0)*c('down',0) + 6.24428*c_dag('down',1)*c('down',5) + -2.63636*c_dag('down',1)*c('down',4) + 6.99653*c_dag('down',1)*c('down',3) + -4.61176*c_dag('down',1)*c('down',2) + -22036.9*c_dag('down',1)*c('down',1) + 8.47353*c_dag('down',1)*c('down',0) + -8.9367*c_dag('down',2)*c('down',5) + -8.02361*c_dag('down',2)*c('down',4) + -0.496478*c_dag('down',2)*c('down',3) + -22167.4*c_dag('down',2)*c('down',2) + -4.61176*c_dag('down',2)*c('down',1) + 16.7775*c_dag('down',2)*c('down',0) + 3.51577*c_dag('down',3)*c('down',5) + -9.39206*c_dag('down',3)*c('down',4) + -22163.1*c_dag('down',3)*c('down',3) + -0.496478*c_dag('down',3)*c('down',2) + 6.99653*c_dag('down',3)*c('down',1) + -32.2345*c_dag('down',3)*c('down',0) + -0.489128*c_dag('down',4)*c('down',5) + -22030.4*c_dag('down',4)*c('down',4) + -9.39206*c_dag('down',4)*c('down',3) + -8.02361*c_dag('down',4)*c('down',2) + -2.63636*c_dag('down',4)*c('down',1) + -9.08878*c_dag('down',4)*c('down',0) + -22169.1*c_dag('down',5)*c('down',5) + -0.489128*c_dag('down',5)*c('down',4) + 3.51577*c_dag('down',5)*c('down',3) + -8.9367*c_dag('down',5)*c('down',2) + 6.24428*c_dag('down',5)*c('down',1) + 3.34269*c_dag('down',5)*c('down',0) + 19.1934*c_dag('up',0)*c('up',5) + -10.6934*c_dag('up',0)*c('up',4) + -36.8335*c_dag('up',0)*c('up',3) + 26.4368*c_dag('up',0)*c('up',2) + 15.0614*c_dag('up',0)*c('up',1) + -13586.1*c_dag('up',0)*c('up',0) + 7.50881*c_dag('up',1)*c('up',5) + -2.654*c_dag('up',1)*c('up',4) + 4.71606*c_dag('up',1)*c('up',3) + -3.39894*c_dag('up',1)*c('up',2) + -22036.1*c_dag('up',1)*c('up',1) + 15.0614*c_dag('up',1)*c('up',0) + -6.14581*c_dag('up',2)*c('up',5) + -8.33949*c_dag('up',2)*c('up',4) + -3.69645*c_dag('up',2)*c('up',3) + -22164.8*c_dag('up',2)*c('up',2) + -3.39894*c_dag('up',2)*c('up',1) + 26.4368*c_dag('up',2)*c('up',0) + -0.392026*c_dag('up',3)*c('up',5) + -9.15928*c_dag('up',3)*c('up',4) + -22160.6*c_dag('up',3)*c('up',3) + -3.69645*c_dag('up',3)*c('up',2) + 4.71606*c_dag('up',3)*c('up',1) + -36.8335*c_dag('up',3)*c('up',0) + -0.773789*c_dag('up',4)*c('up',5) + -22029.9*c_dag('up',4)*c('up',4) + -9.15928*c_dag('up',4)*c('up',3) + -8.33949*c_dag('up',4)*c('up',2) + -2.654*c_dag('up',4)*c('up',1) + -10.6934*c_dag('up',4)*c('up',0) + -22166.2*c_dag('up',5)*c('up',5) + -0.773789*c_dag('up',5)*c('up',4) + -0.392026*c_dag('up',5)*c('up',3) + -6.14581*c_dag('up',5)*c('up',2) + 7.50881*c_dag('up',5)*c('up',1) + 19.1934*c_dag('up',5)*c('up',0) + 4*c_dag('down',0)*c_dag('up',0)*c('up',0)*c('down',0) + 4*c_dag('down',1)*c_dag('up',1)*c('up',1)*c('down',1) + 4*c_dag('down',2)*c_dag('up',2)*c('up',2)*c('down',2) + 4*c_dag('down',3)*c_dag('up',3)*c('up',3)*c('down',3) + 4*c_dag('down',4)*c_dag('up',4)*c('up',4)*c('down',4) + 4*c_dag('down',5)*c_dag('up',5)*c('up',5)*c('down',5)
Using autopartition algorithm to partition the local Hilbert space

╔╦╗╦═╗╦╔═╗ ╔═╗  ┌─┐┌┬┐┬ ┬┬ ┬┌┐ 
 ║ ╠╦╝║║═╬╗╚═╗  │   │ ├─┤└┬┘├┴┐
 ╩ ╩╚═╩╚═╝╚╚═╝  └─┘ ┴ ┴ ┴ ┴ └─┘

Warning! Delta_tau diagonal term has max imaginary part: 1.13249e-06Disregarding imaginary part 
Warning! Delta_tau diagonal term has max imaginary part: 1.19209e-06Disregarding imaginary part 
Warning! Delta_tau diagonal term has max imaginary part: 1.07288e-06Disregarding imaginary part 
Warning! Delta_tau diagonal term has max imaginary part: 1.07288e-06Disregarding imaginary part 
Warning! Delta_tau diagonal term has max imaginary part: 1.19209e-06Disregarding imaginary part 
Warning! Delta_tau diagonal term has max imaginary part: 1.2517e-06Disregarding imaginary part 
Warning! Delta_tau diagonal term has max imaginary part: 9.53674e-07Disregarding imaginary part 
Warning! Delta_tau diagonal term has max imaginary part: 1.19209e-06Disregarding imaginary part 
Warning! Delta_tau diagonal term has max imaginary part: 1.13249e-06Disregarding imaginary part 
Warning! Delta_tau diagonal term has max imaginary part: 1.01328e-06Disregarding imaginary part 
Warning! Delta_tau diagonal term has max imaginary part: 1.13249e-06Disregarding imaginary part 
Warning! Delta_tau diagonal term has max imaginary part: 1.05798e-06Disregarding imaginary part 
The local Hamiltonian of the problem:
3.34269*c_dag('down',0)*c('down',5) + -9.08878*c_dag('down',0)*c('down',4) + -32.2345*c_dag('down',0)*c('down',3) + 16.7775*c_dag('down',0)*c('down',2) + 8.47353*c_dag('down',0)*c('down',1) + -13489.7*c_dag('down',0)*c('down',0) + 6.24428*c_dag('down',1)*c('down',5) + -2.63636*c_dag('down',1)*c('down',4) + 6.99653*c_dag('down',1)*c('down',3) + -4.61176*c_dag('down',1)*c('down',2) + -22036.9*c_dag('down',1)*c('down',1) + 8.47353*c_dag('down',1)*c('down',0) + -8.9367*c_dag('down',2)*c('down',5) + -8.02361*c_dag('down',2)*c('down',4) + -0.496478*c_dag('down',2)*c('down',3) + -22167.4*c_dag('down',2)*c('down',2) + -4.61176*c_dag('down',2)*c('down',1) + 16.7775*c_dag('down',2)*c('down',0) + 3.51577*c_dag('down',3)*c('down',5) + -9.39206*c_dag('down',3)*c('down',4) + -22163.1*c_dag('down',3)*c('down',3) + -0.496478*c_dag('down',3)*c('down',2) + 6.99653*c_dag('down',3)*c('down',1) + -32.2345*c_dag('down',3)*c('down',0) + -0.489128*c_dag('down',4)*c('down',5) + -22030.4*c_dag('down',4)*c('down',4) + -9.39206*c_dag('down',4)*c('down',3) + -8.02361*c_dag('down',4)*c('down',2) + -2.63636*c_dag('down',4)*c('down',1) + -9.08878*c_dag('down',4)*c('down',0) + -22169.1*c_dag('down',5)*c('down',5) + -0.489128*c_dag('down',5)*c('down',4) + 3.51577*c_dag('down',5)*c('down',3) + -8.9367*c_dag('down',5)*c('down',2) + 6.24428*c_dag('down',5)*c('down',1) + 3.34269*c_dag('down',5)*c('down',0) + 19.1934*c_dag('up',0)*c('up',5) + -10.6934*c_dag('up',0)*c('up',4) + -36.8335*c_dag('up',0)*c('up',3) + 26.4368*c_dag('up',0)*c('up',2) + 15.0614*c_dag('up',0)*c('up',1) + -13586.1*c_dag('up',0)*c('up',0) + 7.50881*c_dag('up',1)*c('up',5) + -2.654*c_dag('up',1)*c('up',4) + 4.71606*c_dag('up',1)*c('up',3) + -3.39894*c_dag('up',1)*c('up',2) + -22036.1*c_dag('up',1)*c('up',1) + 15.0614*c_dag('up',1)*c('up',0) + -6.14581*c_dag('up',2)*c('up',5) + -8.33949*c_dag('up',2)*c('up',4) + -3.69645*c_dag('up',2)*c('up',3) + -22164.8*c_dag('up',2)*c('up',2) + -3.39894*c_dag('up',2)*c('up',1) + 26.4368*c_dag('up',2)*c('up',0) + -0.392026*c_dag('up',3)*c('up',5) + -9.15928*c_dag('up',3)*c('up',4) + -22160.6*c_dag('up',3)*c('up',3) + -3.69645*c_dag('up',3)*c('up',2) + 4.71606*c_dag('up',3)*c('up',1) + -36.8335*c_dag('up',3)*c('up',0) + -0.773789*c_dag('up',4)*c('up',5) + -22029.9*c_dag('up',4)*c('up',4) + -9.15928*c_dag('up',4)*c('up',3) + -8.33949*c_dag('up',4)*c('up',2) + -2.654*c_dag('up',4)*c('up',1) + -10.6934*c_dag('up',4)*c('up',0) + -22166.2*c_dag('up',5)*c('up',5) + -0.773789*c_dag('up',5)*c('up',4) + -0.392026*c_dag('up',5)*c('up',3) + -6.14581*c_dag('up',5)*c('up',2) + 7.50881*c_dag('up',5)*c('up',1) + 19.1934*c_dag('up',5)*c('up',0) + 4*c_dag('down',0)*c_dag('up',0)*c('up',0)*c('down',0) + 4*c_dag('down',1)*c_dag('up',1)*c('up',1)*c('down',1) + 4*c_dag('down',2)*c_dag('up',2)*c('up',2)*c('down',2) + 4*c_dag('down',3)*c_dag('up',3)*c('up',3)*c('down',3) + 4*c_dag('down',4)*c_dag('up',4)*c('up',4)*c('down',4) + 4*c_dag('down',5)*c_dag('up',5)*c('up',5)*c('down',5)
Using autopartition algorithm to partition the local Hilbert space
Found 49 subspaces.

Warming up ...
Found 49 subspaces.

Warming up ...
Found 49 subspaces.
18:26:20  78% ETA 00:00:00 cycle 3921 of 5000

Warming up ...



Accumulating ...
Found 49 subspaces.

Warming up ...
18:26:20  78% ETA 00:00:00 cycle 3930 of 5000
Found 49 subspaces.

Warming up ...
18:26:20  78% ETA 00:00:00 cycle 3923 of 5000



Accumulating ...
18:26:20  19% ETA 00:00:00 cycle 3941 of 20000



Accumulating ...
Found 49 subspaces.
18:26:20  78% ETA 00:00:00 cycle 3914 of 5000

Warming up ...
Found 49 subspaces.

Warming up ...
18:26:20  79% ETA 00:00:00 cycle 3949 of 5000



Accumulating ...
18:26:20  19% ETA 00:00:00 cycle 3885 of 20000
Found 49 subspaces.



Accumulating ...
18:26:20  19% ETA 00:00:00 cycle 3899 of 20000

Warming up ...
Found 49 subspaces.
Found 49 subspaces.
Found 49 subspaces.

Warming up ...

Warming up ...

Warming up ...
18:26:20  78% ETA 00:00:00 cycle 3941 of 5000
18:26:20  79% ETA 00:00:00 cycle 3961 of 5000
Found 49 subspaces.
18:26:20  19% ETA 00:00:00 cycle 3933 of 20000



Accumulating ...

Warming up ...



Accumulating ...
18:26:20  19% ETA 00:00:00 cycle 3984 of 20000
18:26:20  77% ETA 00:00:00 cycle 3890 of 5000
18:26:21  78% ETA 00:00:00 cycle 3899 of 5000
18:26:21  77% ETA 00:00:00 cycle 3895 of 5000



Accumulating ...
18:26:21  78% ETA 00:00:00 cycle 3913 of 5000
Found 49 subspaces.



Accumulating ...



Accumulating ...



Accumulating ...

Warming up ...
18:26:21  20% ETA 00:00:00 cycle 4005 of 20000
18:26:21  79% ETA 00:00:00 cycle 3962 of 5000
18:26:21  19% ETA 00:00:00 cycle 3991 of 20000



Accumulating ...
Found 49 subspaces.

Warming up ...
18:26:21  19% ETA 00:00:00 cycle 3934 of 20000
18:26:21  19% ETA 00:00:00 cycle 3938 of 20000
18:26:21  19% ETA 00:00:00 cycle 3951 of 20000
18:26:21  19% ETA 00:00:00 cycle 3943 of 20000
18:26:21  79% ETA 00:00:00 cycle 3995 of 5000



Accumulating ...
18:26:21  19% ETA 00:00:00 cycle 3964 of 20000
18:26:21  78% ETA 00:00:00 cycle 3943 of 5000



Accumulating ...
18:26:21  20% ETA 00:00:00 cycle 4060 of 20000
Found 49 subspaces.
Found 49 subspaces.

Warming up ...

Warming up ...
18:26:21  19% ETA 00:00:00 cycle 3922 of 20000


[Rank 0] Collect results: Waiting for all mpi-threads to finish accumulating...
[Rank 0] Timings for all measures:
Measure               | seconds   
Auto-correlation time | 0.00112235
Average order         | 0.000543915
Average sign          | 0.000521507
G_tau measure         | 0.00672822
Total measure time    | 0.00891599
[Rank 0] Acceptance rate for all moves:
Move set Insert two operators: 4.99978e-06
  Move  Insert Delta_up: 0
  Move  Insert Delta_down: 9.9962e-06
Move set Remove two operators: 0
  Move  Remove Delta_up: 0
  Move  Remove Delta_down: 0
Move set Insert four operators: 0
  Move  Insert Delta_up_up: 0
  Move  Insert Delta_up_down: 0
  Move  Insert Delta_down_up: 0
  Move  Insert Delta_down_down: 0
Move set Remove four operators: 0
  Move  Remove Delta_up_up: 0
  Move  Remove Delta_up_down: 0
  Move  Remove Delta_down_up: 0
  Move  Remove Delta_down_down: 0
Move  Shift one operator: 4.98975e-06
[Rank 0] Warmup lasted: 0.127398 seconds [00:00:00]
[Rank 0] Simulation lasted: 0.735461 seconds [00:00:00]
[Rank 0] Number of measures: 20000
Total number of measures: 20000
Average sign: -0.2099
Average order: 0.60495
Auto-correlation time: 535.246
18:26:21  78% ETA 00:00:00 cycle 3948 of 5000
18:26:21  79% ETA 00:00:00 cycle 3965 of 5000



Accumulating ...



Accumulating ...

╔╦╗╦═╗╦╔═╗ ╔═╗  ┌─┐┌┬┐┬ ┬┬ ┬┌┐ 
 ║ ╠╦╝║║═╬╗╚═╗  │   │ ├─┤└┬┘├┴┐
 ╩ ╩╚═╩╚═╝╚╚═╝  └─┘ ┴ ┴ ┴ ┴ └─┘



[Rank 0] Collect results: Waiting for all mpi-threads to finish accumulating...
[Rank 0] Timings for all measures:
Measure               | seconds   
Auto-correlation time | 0.00115492
Average order         | 0.000567697
Average sign          | 0.000529233
G_tau measure         | 0.00653734
Total measure time    | 0.00878919
[Rank 0] Acceptance rate for all moves:
Move set Insert two operators: 4.99978e-06
  Move  Insert Delta_up: 0
  Move  Insert Delta_down: 9.9962e-06
Move set Remove two operators: 0
  Move  Remove Delta_up: 0
  Move  Remove Delta_down: 0
Move set Insert four operators: 0
  Move  Insert Delta_up_up: 0
  Move  Insert Delta_up_down: 0
  Move  Insert Delta_down_up: 0
  Move  Insert Delta_down_down: 0
Move set Remove four operators: 0
  Move  Remove Delta_up_up: 0
  Move  Remove Delta_up_down: 0
  Move  Remove Delta_down_up: 0
  Move  Remove Delta_down_down: 0
Move  Shift one operator: 4.98975e-06
[Rank 0] Warmup lasted: 0.127603 seconds [00:00:00]
[Rank 0] Simulation lasted: 0.727976 seconds [00:00:00]
[Rank 0] Number of measures: 20000
Total number of measures: 20000
Average sign: -0.2099
Average order: 0.60495
Auto-correlation time: 535.246


[Rank 0] Collect results: Waiting for all mpi-threads to finish accumulating...
[Rank 0] Timings for all measures:
Measure               | seconds   
Auto-correlation time | 0.00112321
Average order         | 0.000562836
Average sign          | 0.000567734
G_tau measure         | 0.00673733
Total measure time    | 0.00899111
[Rank 0] Acceptance rate for all moves:
Move set Insert two operators: 4.99978e-06
  Move  Insert Delta_up: 0
  Move  Insert Delta_down: 9.9962e-06
Move set Remove two operators: 0
  Move  Remove Delta_up: 0
  Move  Remove Delta_down: 0
Move set Insert four operators: 0
  Move  Insert Delta_up_up: 0
  Move  Insert Delta_up_down: 0
  Move  Insert Delta_down_up: 0
  Move  Insert Delta_down_down: 0
Move set Remove four operators: 0
  Move  Remove Delta_up_up: 0
  Move  Remove Delta_up_down: 0
  Move  Remove Delta_down_up: 0
  Move  Remove Delta_down_down: 0
Move  Shift one operator: 4.98975e-06
[Rank 0] Warmup lasted: 0.127789 seconds [00:00:00]
[Rank 0] Simulation lasted: 0.72822 seconds [00:00:00]
[Rank 0] Number of measures: 20000
Total number of measures: 20000
Average sign: -0.2099
Average order: 0.60495
Auto-correlation time: 535.246
Warning! Delta_tau diagonal term has max imaginary part: 1.13249e-06Disregarding imaginary part 
Warning! Delta_tau diagonal term has max imaginary part: 1.19209e-06Disregarding imaginary part 
Warning! Delta_tau diagonal term has max imaginary part: 1.07288e-06Disregarding imaginary part 
Warning! Delta_tau diagonal term has max imaginary part: 1.07288e-06Disregarding imaginary part 
Warning! Delta_tau diagonal term has max imaginary part: 1.19209e-06Disregarding imaginary part 
Warning! Delta_tau diagonal term has max imaginary part: 1.2517e-06Disregarding imaginary part 
Warning! Delta_tau diagonal term has max imaginary part: 9.53674e-07Disregarding imaginary part 
Warning! Delta_tau diagonal term has max imaginary part: 1.19209e-06Disregarding imaginary part 
Warning! Delta_tau diagonal term has max imaginary part: 1.13249e-06Disregarding imaginary part 
Warning! Delta_tau diagonal term has max imaginary part: 1.01328e-06Disregarding imaginary part 
Warning! Delta_tau diagonal term has max imaginary part: 1.13249e-06Disregarding imaginary part 
Warning! Delta_tau diagonal term has max imaginary part: 1.05798e-06Disregarding imaginary part 
The local Hamiltonian of the problem:
3.34269*c_dag('down',0)*c('down',5) + -9.08878*c_dag('down',0)*c('down',4) + -32.2345*c_dag('down',0)*c('down',3) + 16.7775*c_dag('down',0)*c('down',2) + 8.47353*c_dag('down',0)*c('down',1) + -13489.7*c_dag('down',0)*c('down',0) + 6.24428*c_dag('down',1)*c('down',5) + -2.63636*c_dag('down',1)*c('down',4) + 6.99653*c_dag('down',1)*c('down',3) + -4.61176*c_dag('down',1)*c('down',2) + -22036.9*c_dag('down',1)*c('down',1) + 8.47353*c_dag('down',1)*c('down',0) + -8.9367*c_dag('down',2)*c('down',5) + -8.02361*c_dag('down',2)*c('down',4) + -0.496478*c_dag('down',2)*c('down',3) + -22167.4*c_dag('down',2)*c('down',2) + -4.61176*c_dag('down',2)*c('down',1) + 16.7775*c_dag('down',2)*c('down',0) + 3.51577*c_dag('down',3)*c('down',5) + -9.39206*c_dag('down',3)*c('down',4) + -22163.1*c_dag('down',3)*c('down',3) + -0.496478*c_dag('down',3)*c('down',2) + 6.99653*c_dag('down',3)*c('down',1) + -32.2345*c_dag('down',3)*c('down',0) + -0.489128*c_dag('down',4)*c('down',5) + -22030.4*c_dag('down',4)*c('down',4) + -9.39206*c_dag('down',4)*c('down',3) + -8.02361*c_dag('down',4)*c('down',2) + -2.63636*c_dag('down',4)*c('down',1) + -9.08878*c_dag('down',4)*c('down',0) + -22169.1*c_dag('down',5)*c('down',5) + -0.489128*c_dag('down',5)*c('down',4) + 3.51577*c_dag('down',5)*c('down',3) + -8.9367*c_dag('down',5)*c('down',2) + 6.24428*c_dag('down',5)*c('down',1) + 3.34269*c_dag('down',5)*c('down',0) + 19.1934*c_dag('up',0)*c('up',5) + -10.6934*c_dag('up',0)*c('up',4) + -36.8335*c_dag('up',0)*c('up',3) + 26.4368*c_dag('up',0)*c('up',2) + 15.0614*c_dag('up',0)*c('up',1) + -13586.1*c_dag('up',0)*c('up',0) + 7.50881*c_dag('up',1)*c('up',5) + -2.654*c_dag('up',1)*c('up',4) + 4.71606*c_dag('up',1)*c('up',3) + -3.39894*c_dag('up',1)*c('up',2) + -22036.1*c_dag('up',1)*c('up',1) + 15.0614*c_dag('up',1)*c('up',0) + -6.14581*c_dag('up',2)*c('up',5) + -8.33949*c_dag('up',2)*c('up',4) + -3.69645*c_dag('up',2)*c('up',3) + -22164.8*c_dag('up',2)*c('up',2) + -3.39894*c_dag('up',2)*c('up',1) + 26.4368*c_dag('up',2)*c('up',0) + -0.392026*c_dag('up',3)*c('up',5) + -9.15928*c_dag('up',3)*c('up',4) + -22160.6*c_dag('up',3)*c('up',3) + -3.69645*c_dag('up',3)*c('up',2) + 4.71606*c_dag('up',3)*c('up',1) + -36.8335*c_dag('up',3)*c('up',0) + -0.773789*c_dag('up',4)*c('up',5) + -22029.9*c_dag('up',4)*c('up',4) + -9.15928*c_dag('up',4)*c('up',3) + -8.33949*c_dag('up',4)*c('up',2) + -2.654*c_dag('up',4)*c('up',1) + -10.6934*c_dag('up',4)*c('up',0) + -22166.2*c_dag('up',5)*c('up',5) + -0.773789*c_dag('up',5)*c('up',4) + -0.392026*c_dag('up',5)*c('up',3) + -6.14581*c_dag('up',5)*c('up',2) + 7.50881*c_dag('up',5)*c('up',1) + 19.1934*c_dag('up',5)*c('up',0) + 4*c_dag('down',0)*c_dag('up',0)*c('up',0)*c('down',0) + 4*c_dag('down',1)*c_dag('up',1)*c('up',1)*c('down',1) + 4*c_dag('down',2)*c_dag('up',2)*c('up',2)*c('down',2) + 4*c_dag('down',3)*c_dag('up',3)*c('up',3)*c('down',3) + 4*c_dag('down',4)*c_dag('up',4)*c('up',4)*c('down',4) + 4*c_dag('down',5)*c_dag('up',5)*c('up',5)*c('down',5)
Using autopartition algorithm to partition the local Hilbert space
18:26:21  19% ETA 00:00:00 cycle 3904 of 20000
18:26:21  19% ETA 00:00:00 cycle 3944 of 20000

╔╦╗╦═╗╦╔═╗ ╔═╗  ┌─┐┌┬┐┬ ┬┬ ┬┌┐ 
 ║ ╠╦╝║║═╬╗╚═╗  │   │ ├─┤└┬┘├┴┐
 ╩ ╩╚═╩╚═╝╚╚═╝  └─┘ ┴ ┴ ┴ ┴ └─┘




╔╦╗╦═╗╦╔═╗ ╔═╗  ┌─┐┌┬┐┬ ┬┬ ┬┌┐ 
 ║ ╠╦╝║║═╬╗╚═╗  │   │ ├─┤└┬┘├┴┐
 ╩ ╩╚═╩╚═╝╚╚═╝  └─┘ ┴ ┴ ┴ ┴ └─┘

[Rank 0] Collect results: Waiting for all mpi-threads to finish accumulating...
[Rank 0] Timings for all measures:
Measure               | seconds   
Auto-correlation time | 0.00118203
Average order         | 0.00056829
Average sign          | 0.000487032
G_tau measure         | 0.00675743
Total measure time    | 0.00899478
[Rank 0] Acceptance rate for all moves:
Move set Insert two operators: 4.99978e-06
  Move  Insert Delta_up: 0
  Move  Insert Delta_down: 9.9962e-06
Move set Remove two operators: 0
  Move  Remove Delta_up: 0
  Move  Remove Delta_down: 0
Move set Insert four operators: 0
  Move  Insert Delta_up_up: 0
  Move  Insert Delta_up_down: 0
  Move  Insert Delta_down_up: 0
  Move  Insert Delta_down_down: 0
Move set Remove four operators: 0
  Move  Remove Delta_up_up: 0
  Move  Remove Delta_up_down: 0
  Move  Remove Delta_down_up: 0
  Move  Remove Delta_down_down: 0
Move  Shift one operator: 4.98975e-06
[Rank 0] Warmup lasted: 0.128112 seconds [00:00:00]
[Rank 0] Simulation lasted: 0.729908 seconds [00:00:00]
[Rank 0] Number of measures: 20000
Total number of measures: 20000
Average sign: -0.2099
Average order: 0.60495
Auto-correlation time: 535.246
Warning! Delta_tau diagonal term has max imaginary part: 1.13249e-06Disregarding imaginary part 
Warning! Delta_tau diagonal term has max imaginary part: 1.19209e-06Disregarding imaginary part 
Warning! Delta_tau diagonal term has max imaginary part: 1.07288e-06Disregarding imaginary part 
Warning! Delta_tau diagonal term has max imaginary part: 1.07288e-06Disregarding imaginary part 
Warning! Delta_tau diagonal term has max imaginary part: 1.19209e-06Disregarding imaginary part 
Warning! Delta_tau diagonal term has max imaginary part: 1.2517e-06Disregarding imaginary part 
Warning! Delta_tau diagonal term has max imaginary part: 9.53674e-07Disregarding imaginary part 
Warning! Delta_tau diagonal term has max imaginary part: 1.19209e-06Disregarding imaginary part 
Warning! Delta_tau diagonal term has max imaginary part: 1.13249e-06Disregarding imaginary part 
Warning! Delta_tau diagonal term has max imaginary part: 1.01328e-06Disregarding imaginary part 
Warning! Delta_tau diagonal term has max imaginary part: 1.13249e-06Disregarding imaginary part 
Warning! Delta_tau diagonal term has max imaginary part: 1.05798e-06Disregarding imaginary part 
The local Hamiltonian of the problem:
3.34269*c_dag('down',0)*c('down',5) + -9.08878*c_dag('down',0)*c('down',4) + -32.2345*c_dag('down',0)*c('down',3) + 16.7775*c_dag('down',0)*c('down',2) + 8.47353*c_dag('down',0)*c('down',1) + -13489.7*c_dag('down',0)*c('down',0) + 6.24428*c_dag('down',1)*c('down',5) + -2.63636*c_dag('down',1)*c('down',4) + 6.99653*c_dag('down',1)*c('down',3) + -4.61176*c_dag('down',1)*c('down',2) + -22036.9*c_dag('down',1)*c('down',1) + 8.47353*c_dag('down',1)*c('down',0) + -8.9367*c_dag('down',2)*c('down',5) + -8.02361*c_dag('down',2)*c('down',4) + -0.496478*c_dag('down',2)*c('down',3) + -22167.4*c_dag('down',2)*c('down',2) + -4.61176*c_dag('down',2)*c('down',1) + 16.7775*c_dag('down',2)*c('down',0) + 3.51577*c_dag('down',3)*c('down',5) + -9.39206*c_dag('down',3)*c('down',4) + -22163.1*c_dag('down',3)*c('down',3) + -0.496478*c_dag('down',3)*c('down',2) + 6.99653*c_dag('down',3)*c('down',1) + -32.2345*c_dag('down',3)*c('down',0) + -0.489128*c_dag('down',4)*c('down',5) + -22030.4*c_dag('down',4)*c('down',4) + -9.39206*c_dag('down',4)*c('down',3) + -8.02361*c_dag('down',4)*c('down',2) + -2.63636*c_dag('down',4)*c('down',1) + -9.08878*c_dag('down',4)*c('down',0) + -22169.1*c_dag('down',5)*c('down',5) + -0.489128*c_dag('down',5)*c('down',4) + 3.51577*c_dag('down',5)*c('down',3) + -8.9367*c_dag('down',5)*c('down',2) + 6.24428*c_dag('down',5)*c('down',1) + 3.34269*c_dag('down',5)*c('down',0) + 19.1934*c_dag('up',0)*c('up',5) + -10.6934*c_dag('up',0)*c('up',4) + -36.8335*c_dag('up',0)*c('up',3) + 26.4368*c_dag('up',0)*c('up',2) + 15.0614*c_dag('up',0)*c('up',1) + -13586.1*c_dag('up',0)*c('up',0) + 7.50881*c_dag('up',1)*c('up',5) + -2.654*c_dag('up',1)*c('up',4) + 4.71606*c_dag('up',1)*c('up',3) + -3.39894*c_dag('up',1)*c('up',2) + -22036.1*c_dag('up',1)*c('up',1) + 15.0614*c_dag('up',1)*c('up',0) + -6.14581*c_dag('up',2)*c('up',5) + -8.33949*c_dag('up',2)*c('up',4) + -3.69645*c_dag('up',2)*c('up',3) + -22164.8*c_dag('up',2)*c('up',2) + -3.39894*c_dag('up',2)*c('up',1) + 26.4368*c_dag('up',2)*c('up',0) + -0.392026*c_dag('up',3)*c('up',5) + -9.15928*c_dag('up',3)*c('up',4) + -22160.6*c_dag('up',3)*c('up',3) + -3.69645*c_dag('up',3)*c('up',2) + 4.71606*c_dag('up',3)*c('up',1) + -36.8335*c_dag('up',3)*c('up',0) + -0.773789*c_dag('up',4)*c('up',5) + -22029.9*c_dag('up',4)*c('up',4) + -9.15928*c_dag('up',4)*c('up',3) + -8.33949*c_dag('up',4)*c('up',2) + -2.654*c_dag('up',4)*c('up',1) + -10.6934*c_dag('up',4)*c('up',0) + -22166.2*c_dag('up',5)*c('up',5) + -0.773789*c_dag('up',5)*c('up',4) + -0.392026*c_dag('up',5)*c('up',3) + -6.14581*c_dag('up',5)*c('up',2) + 7.50881*c_dag('up',5)*c('up',1) + 19.1934*c_dag('up',5)*c('up',0) + 4*c_dag('down',0)*c_dag('up',0)*c('up',0)*c('down',0) + 4*c_dag('down',1)*c_dag('up',1)*c('up',1)*c('down',1) + 4*c_dag('down',2)*c_dag('up',2)*c('up',2)*c('down',2) + 4*c_dag('down',3)*c_dag('up',3)*c('up',3)*c('down',3) + 4*c_dag('down',4)*c_dag('up',4)*c('up',4)*c('down',4) + 4*c_dag('down',5)*c_dag('up',5)*c('up',5)*c('down',5)
Using autopartition algorithm to partition the local Hilbert space


[Rank 0] Collect results: Waiting for all mpi-threads to finish accumulating...
[Rank 0] Timings for all measures:
Measure               | seconds   
Auto-correlation time | 0.00113459
Average order         | 0.000556791
Average sign          | 0.00047716
G_tau measure         | 0.00689819
Total measure time    | 0.00906673
[Rank 0] Acceptance rate for all moves:
Move set Insert two operators: 4.99978e-06
  Move  Insert Delta_up: 0
  Move  Insert Delta_down: 9.9962e-06
Move set Remove two operators: 0
  Move  Remove Delta_up: 0
  Move  Remove Delta_down: 0
Move set Insert four operators: 0
  Move  Insert Delta_up_up: 0
  Move  Insert Delta_up_down: 0
  Move  Insert Delta_down_up: 0
  Move  Insert Delta_down_down: 0
Move set Remove four operators: 0
  Move  Remove Delta_up_up: 0
  Move  Remove Delta_up_down: 0
  Move  Remove Delta_down_up: 0
  Move  Remove Delta_down_down: 0
Move  Shift one operator: 4.98975e-06
[Rank 0] Warmup lasted: 0.126782 seconds [00:00:00]
[Rank 0] Simulation lasted: 0.725168 seconds [00:00:00]
[Rank 0] Number of measures: 20000
Total number of measures: 20000
Average sign: -0.2099
Average order: 0.60495
Auto-correlation time: 535.246
Warning! Delta_tau diagonal term has max imaginary part: 1.13249e-06Disregarding imaginary part 
Warning! Delta_tau diagonal term has max imaginary part: 1.19209e-06Disregarding imaginary part 
Warning! Delta_tau diagonal term has max imaginary part: 1.07288e-06Disregarding imaginary part 
Warning! Delta_tau diagonal term has max imaginary part: 1.07288e-06Disregarding imaginary part 
Warning! Delta_tau diagonal term has max imaginary part: 1.19209e-06Disregarding imaginary part 
Warning! Delta_tau diagonal term has max imaginary part: 1.2517e-06Disregarding imaginary part 
Warning! Delta_tau diagonal term has max imaginary part: 9.53674e-07Disregarding imaginary part 
Warning! Delta_tau diagonal term has max imaginary part: 1.19209e-06Disregarding imaginary part 
Warning! Delta_tau diagonal term has max imaginary part: 1.13249e-06Disregarding imaginary part 
Warning! Delta_tau diagonal term has max imaginary part: 1.01328e-06Disregarding imaginary part 
Warning! Delta_tau diagonal term has max imaginary part: 1.13249e-06Disregarding imaginary part 
Warning! Delta_tau diagonal term has max imaginary part: 1.05798e-06Disregarding imaginary part 
The local Hamiltonian of the problem:
3.34269*c_dag('down',0)*c('down',5) + -9.08878*c_dag('down',0)*c('down',4) + -32.2345*c_dag('down',0)*c('down',3) + 16.7775*c_dag('down',0)*c('down',2) + 8.47353*c_dag('down',0)*c('down',1) + -13489.7*c_dag('down',0)*c('down',0) + 6.24428*c_dag('down',1)*c('down',5) + -2.63636*c_dag('down',1)*c('down',4) + 6.99653*c_dag('down',1)*c('down',3) + -4.61176*c_dag('down',1)*c('down',2) + -22036.9*c_dag('down',1)*c('down',1) + 8.47353*c_dag('down',1)*c('down',0) + -8.9367*c_dag('down',2)*c('down',5) + -8.02361*c_dag('down',2)*c('down',4) + -0.496478*c_dag('down',2)*c('down',3) + -22167.4*c_dag('down',2)*c('down',2) + -4.61176*c_dag('down',2)*c('down',1) + 16.7775*c_dag('down',2)*c('down',0) + 3.51577*c_dag('down',3)*c('down',5) + -9.39206*c_dag('down',3)*c('down',4) + -22163.1*c_dag('down',3)*c('down',3) + -0.496478*c_dag('down',3)*c('down',2) + 6.99653*c_dag('down',3)*c('down',1) + -32.2345*c_dag('down',3)*c('down',0) + -0.489128*c_dag('down',4)*c('down',5) + -22030.4*c_dag('down',4)*c('down',4) + -9.39206*c_dag('down',4)*c('down',3) + -8.02361*c_dag('down',4)*c('down',2) + -2.63636*c_dag('down',4)*c('down',1) + -9.08878*c_dag('down',4)*c('down',0) + -22169.1*c_dag('down',5)*c('down',5) + -0.489128*c_dag('down',5)*c('down',4) + 3.51577*c_dag('down',5)*c('down',3) + -8.9367*c_dag('down',5)*c('down',2) + 6.24428*c_dag('down',5)*c('down',1) + 3.34269*c_dag('down',5)*c('down',0) + 19.1934*c_dag('up',0)*c('up',5) + -10.6934*c_dag('up',0)*c('up',4) + -36.8335*c_dag('up',0)*c('up',3) + 26.4368*c_dag('up',0)*c('up',2) + 15.0614*c_dag('up',0)*c('up',1) + -13586.1*c_dag('up',0)*c('up',0) + 7.50881*c_dag('up',1)*c('up',5) + -2.654*c_dag('up',1)*c('up',4) + 4.71606*c_dag('up',1)*c('up',3) + -3.39894*c_dag('up',1)*c('up',2) + -22036.1*c_dag('up',1)*c('up',1) + 15.0614*c_dag('up',1)*c('up',0) + -6.14581*c_dag('up',2)*c('up',5) + -8.33949*c_dag('up',2)*c('up',4) + -3.69645*c_dag('up',2)*c('up',3) + -22164.8*c_dag('up',2)*c('up',2) + -3.39894*c_dag('up',2)*c('up',1) + 26.4368*c_dag('up',2)*c('up',0) + -0.392026*c_dag('up',3)*c('up',5) + -9.15928*c_dag('up',3)*c('up',4) + -22160.6*c_dag('up',3)*c('up',3) + -3.69645*c_dag('up',3)*c('up',2) + 4.71606*c_dag('up',3)*c('up',1) + -36.8335*c_dag('up',3)*c('up',0) + -0.773789*c_dag('up',4)*c('up',5) + -22029.9*c_dag('up',4)*c('up',4) + -9.15928*c_dag('up',4)*c('up',3) + -8.33949*c_dag('up',4)*c('up',2) + -2.654*c_dag('up',4)*c('up',1) + -10.6934*c_dag('up',4)*c('up',0) + -22166.2*c_dag('up',5)*c('up',5) + -0.773789*c_dag('up',5)*c('up',4) + -0.392026*c_dag('up',5)*c('up',3) + -6.14581*c_dag('up',5)*c('up',2) + 7.50881*c_dag('up',5)*c('up',1) + 19.1934*c_dag('up',5)*c('up',0) + 4*c_dag('down',0)*c_dag('up',0)*c('up',0)*c('down',0) + 4*c_dag('down',1)*c_dag('up',1)*c('up',1)*c('down',1) + 4*c_dag('down',2)*c_dag('up',2)*c('up',2)*c('down',2) + 4*c_dag('down',3)*c_dag('up',3)*c('up',3)*c('down',3) + 4*c_dag('down',4)*c_dag('up',4)*c('up',4)*c('down',4) + 4*c_dag('down',5)*c_dag('up',5)*c('up',5)*c('down',5)
Using autopartition algorithm to partition the local Hilbert space

╔╦╗╦═╗╦╔═╗ ╔═╗  ┌─┐┌┬┐┬ ┬┬ ┬┌┐ 
 ║ ╠╦╝║║═╬╗╚═╗  │   │ ├─┤└┬┘├┴┐
 ╩ ╩╚═╩╚═╝╚╚═╝  └─┘ ┴ ┴ ┴ ┴ └─┘


╔╦╗╦═╗╦╔═╗ ╔═╗  ┌─┐┌┬┐┬ ┬┬ ┬┌┐ 
 ║ ╠╦╝║║═╬╗╚═╗  │   │ ├─┤└┬┘├┴┐
 ╩ ╩╚═╩╚═╝╚╚═╝  └─┘ ┴ ┴ ┴ ┴ └─┘



[Rank 0] Collect results: Waiting for all mpi-threads to finish accumulating...
[Rank 0] Timings for all measures:
Measure               | seconds   
Auto-correlation time | 0.00113051
Average order         | 0.000567756
Average sign          | 0.000533768
G_tau measure         | 0.00693512
Total measure time    | 0.00916715
[Rank 0] Acceptance rate for all moves:
Move set Insert two operators: 4.99978e-06
  Move  Insert Delta_up: 0
  Move  Insert Delta_down: 9.9962e-06
Move set Remove two operators: 0
  Move  Remove Delta_up: 0
  Move  Remove Delta_down: 0
Move set Insert four operators: 0
  Move  Insert Delta_up_up: 0
  Move  Insert Delta_up_down: 0
  Move  Insert Delta_down_up: 0
  Move  Insert Delta_down_down: 0
Move set Remove four operators: 0
  Move  Remove Delta_up_up: 0
  Move  Remove Delta_up_down: 0
  Move  Remove Delta_down_up: 0
  Move  Remove Delta_down_down: 0
Move  Shift one operator: 4.98975e-06
[Rank 0] Warmup lasted: 0.126387 seconds [00:00:00]
[Rank 0] Simulation lasted: 0.726199 seconds [00:00:00]
[Rank 0] Number of measures: 20000
Total number of measures: 20000
Average sign: -0.2099
Average order: 0.60495
Auto-correlation time: 535.246


Warning! Delta_tau diagonal term has max imaginary part: 1.13249e-06Disregarding imaginary part 
Warning! Delta_tau diagonal term has max imaginary part: 1.19209e-06Disregarding imaginary part 
Warning! Delta_tau diagonal term has max imaginary part: 1.07288e-06Disregarding imaginary part 
Warning! Delta_tau diagonal term has max imaginary part: 1.07288e-06Disregarding imaginary part 
Warning! Delta_tau diagonal term has max imaginary part: 1.19209e-06Disregarding imaginary part 
Warning! Delta_tau diagonal term has max imaginary part: 1.2517e-06Disregarding imaginary part 
Warning! Delta_tau diagonal term has max imaginary part: 9.53674e-07Disregarding imaginary part 
Warning! Delta_tau diagonal term has max imaginary part: 1.19209e-06Disregarding imaginary part 
Warning! Delta_tau diagonal term has max imaginary part: 1.13249e-06Disregarding imaginary part 
Warning! Delta_tau diagonal term has max imaginary part: 1.01328e-06Disregarding imaginary part 
Warning! Delta_tau diagonal term has max imaginary part: 1.13249e-06Disregarding imaginary part 
Warning! Delta_tau diagonal term has max imaginary part: 1.05798e-06Disregarding imaginary part 
The local Hamiltonian of the problem:
3.34269*c_dag('down',0)*c('down',5) + -9.08878*c_dag('down',0)*c('down',4) + -32.2345*c_dag('down',0)*c('down',3) + 16.7775*c_dag('down',0)*c('down',2) + 8.47353*c_dag('down',0)*c('down',1) + -13489.7*c_dag('down',0)*c('down',0) + 6.24428*c_dag('down',1)*c('down',5) + -2.63636*c_dag('down',1)*c('down',4) + 6.99653*c_dag('down',1)*c('down',3) + -4.61176*c_dag('down',1)*c('down',2) + -22036.9*c_dag('down',1)*c('down',1) + 8.47353*c_dag('down',1)*c('down',0) + -8.9367*c_dag('down',2)*c('down',5) + -8.02361*c_dag('down',2)*c('down',4) + -0.496478*c_dag('down',2)*c('down',3) + -22167.4*c_dag('down',2)*c('down',2) + -4.61176*c_dag('down',2)*c('down',1) + 16.7775*c_dag('down',2)*c('down',0) + 3.51577*c_dag('down',3)*c('down',5) + -9.39206*c_dag('down',3)*c('down',4) + -22163.1*c_dag('down',3)*c('down',3) + -0.496478*c_dag('down',3)*c('down',2) + 6.99653*c_dag('down',3)*c('down',1) + -32.2345*c_dag('down',3)*c('down',0) + -0.489128*c_dag('down',4)*c('down',5) + -22030.4*c_dag('down',4)*c('down',4) + -9.39206*c_dag('down',4)*c('down',3) + -8.02361*c_dag('down',4)*c('down',2) + -2.63636*c_dag('down',4)*c('down',1) + -9.08878*c_dag('down',4)*c('down',0) + -22169.1*c_dag('down',5)*c('down',5) + -0.489128*c_dag('down',5)*c('down',4) + 3.51577*c_dag('down',5)*c('down',3) + -8.9367*c_dag('down',5)*c('down',2) + 6.24428*c_dag('down',5)*c('down',1) + 3.34269*c_dag('down',5)*c('down',0) + 19.1934*c_dag('up',0)*c('up',5) + -10.6934*c_dag('up',0)*c('up',4) + -36.8335*c_dag('up',0)*c('up',3) + 26.4368*c_dag('up',0)*c('up',2) + 15.0614*c_dag('up',0)*c('up',1) + -13586.1*c_dag('up',0)*c('up',0) + 7.50881*c_dag('up',1)*c('up',5) + -2.654*c_dag('up',1)*c('up',4) + 4.71606*c_dag('up',1)*c('up',3) + -3.39894*c_dag('up',1)*c('up',2) + -22036.1*c_dag('up',1)*c('up',1) + 15.0614*c_dag('up',1)*c('up',0) + -6.14581*c_dag('up',2)*c('up',5) + -8.33949*c_dag('up',2)*c('up',4) + -3.69645*c_dag('up',2)*c('up',3) + -22164.8*c_dag('up',2)*c('up',2) + -3.39894*c_dag('up',2)*c('up',1) + 26.4368*c_dag('up',2)*c('up',0) + -0.392026*c_dag('up',3)*c('up',5) + -9.15928*c_dag('up',3)*c('up',4) + -22160.6*c_dag('up',3)*c('up',3) + -3.69645*c_dag('up',3)*c('up',2) + 4.71606*c_dag('up',3)*c('up',1) + -36.8335*c_dag('up',3)*c('up',0) + -0.773789*c_dag('up',4)*c('up',5) + -22029.9*c_dag('up',4)*c('up',4) + -9.15928*c_dag('up',4)*c('up',3) + -8.33949*c_dag('up',4)*c('up',2) + -2.654*c_dag('up',4)*c('up',1) + -10.6934*c_dag('up',4)*c('up',0) + -22166.2*c_dag('up',5)*c('up',5) + -0.773789*c_dag('up',5)*c('up',4) + -0.392026*c_dag('up',5)*c('up',3) + -6.14581*c_dag('up',5)*c('up',2) + 7.50881*c_dag('up',5)*c('up',1) + 19.1934*c_dag('up',5)*c('up',0) + 4*c_dag('down',0)*c_dag('up',0)*c('up',0)*c('down',0) + 4*c_dag('down',1)*c_dag('up',1)*c('up',1)*c('down',1) + 4*c_dag('down',2)*c_dag('up',2)*c('up',2)*c('down',2) + 4*c_dag('down',3)*c_dag('up',3)*c('up',3)*c('down',3) + 4*c_dag('down',4)*c_dag('up',4)*c('up',4)*c('down',4) + 4*c_dag('down',5)*c_dag('up',5)*c('up',5)*c('down',5)
Using autopartition algorithm to partition the local Hilbert space
[Rank 0] Collect results: Waiting for all mpi-threads to finish accumulating...
[Rank 0] Timings for all measures:
Measure               | seconds   
Auto-correlation time | 0.00114286
Average order         | 0.000572886
Average sign          | 0.000545425
G_tau measure         | 0.00685772
Total measure time    | 0.0091189 
[Rank 0] Acceptance rate for all moves:
Move set Insert two operators: 4.99978e-06
  Move  Insert Delta_up: 0
  Move  Insert Delta_down: 9.9962e-06
Move set Remove two operators: 0
  Move  Remove Delta_up: 0
  Move  Remove Delta_down: 0
Move set Insert four operators: 0
  Move  Insert Delta_up_up: 0
  Move  Insert Delta_up_down: 0
  Move  Insert Delta_down_up: 0
  Move  Insert Delta_down_down: 0
Move set Remove four operators: 0
  Move  Remove Delta_up_up: 0
  Move  Remove Delta_up_down: 0
  Move  Remove Delta_down_up: 0
  Move  Remove Delta_down_down: 0
Move  Shift one operator: 4.98975e-06
[Rank 0] Warmup lasted: 0.125935 seconds [00:00:00]
[Rank 0] Simulation lasted: 0.729957 seconds [00:00:00]
[Rank 0] Number of measures: 20000
Total number of measures: 20000
Average sign: -0.2099
Average order: 0.60495
Auto-correlation time: 535.246
Warning! Delta_tau diagonal term has max imaginary part: 1.13249e-06Disregarding imaginary part 
Warning! Delta_tau diagonal term has max imaginary part: 1.19209e-06Disregarding imaginary part 
Warning! Delta_tau diagonal term has max imaginary part: 1.07288e-06Disregarding imaginary part 
Warning! Delta_tau diagonal term has max imaginary part: 1.07288e-06Disregarding imaginary part 
Warning! Delta_tau diagonal term has max imaginary part: 1.19209e-06Disregarding imaginary part 
Warning! Delta_tau diagonal term has max imaginary part: 1.2517e-06Disregarding imaginary part 
Warning! Delta_tau diagonal term has max imaginary part: 9.53674e-07Disregarding imaginary part 
Warning! Delta_tau diagonal term has max imaginary part: 1.19209e-06Disregarding imaginary part 
Warning! Delta_tau diagonal term has max imaginary part: 1.13249e-06Disregarding imaginary part 
Warning! Delta_tau diagonal term has max imaginary part: 1.01328e-06Disregarding imaginary part 
Warning! Delta_tau diagonal term has max imaginary part: 1.13249e-06Disregarding imaginary part 
Warning! Delta_tau diagonal term has max imaginary part: 1.05798e-06Disregarding imaginary part 
The local Hamiltonian of the problem:
3.34269*c_dag('down',0)*c('down',5) + -9.08878*c_dag('down',0)*c('down',4) + -32.2345*c_dag('down',0)*c('down',3) + 16.7775*c_dag('down',0)*c('down',2) + 8.47353*c_dag('down',0)*c('down',1) + -13489.7*c_dag('down',0)*c('down',0) + 6.24428*c_dag('down',1)*c('down',5) + -2.63636*c_dag('down',1)*c('down',4) + 6.99653*c_dag('down',1)*c('down',3) + -4.61176*c_dag('down',1)*c('down',2) + -22036.9*c_dag('down',1)*c('down',1) + 8.47353*c_dag('down',1)*c('down',0) + -8.9367*c_dag('down',2)*c('down',5) + -8.02361*c_dag('down',2)*c('down',4) + -0.496478*c_dag('down',2)*c('down',3) + -22167.4*c_dag('down',2)*c('down',2) + -4.61176*c_dag('down',2)*c('down',1) + 16.7775*c_dag('down',2)*c('down',0) + 3.51577*c_dag('down',3)*c('down',5) + -9.39206*c_dag('down',3)*c('down',4) + -22163.1*c_dag('down',3)*c('down',3) + -0.496478*c_dag('down',3)*c('down',2) + 6.99653*c_dag('down',3)*c('down',1) + -32.2345*c_dag('down',3)*c('down',0) + -0.489128*c_dag('down',4)*c('down',5) + -22030.4*c_dag('down',4)*c('down',4) + -9.39206*c_dag('down',4)*c('down',3) + -8.02361*c_dag('down',4)*c('down',2) + -2.63636*c_dag('down',4)*c('down',1) + -9.08878*c_dag('down',4)*c('down',0) + -22169.1*c_dag('down',5)*c('down',5) + -0.489128*c_dag('down',5)*c('down',4) + 3.51577*c_dag('down',5)*c('down',3) + -8.9367*c_dag('down',5)*c('down',2) + 6.24428*c_dag('down',5)*c('down',1) + 3.34269*c_dag('down',5)*c('down',0) + 19.1934*c_dag('up',0)*c('up',5) + -10.6934*c_dag('up',0)*c('up',4) + -36.8335*c_dag('up',0)*c('up',3) + 26.4368*c_dag('up',0)*c('up',2) + 15.0614*c_dag('up',0)*c('up',1) + -13586.1*c_dag('up',0)*c('up',0) + 7.50881*c_dag('up',1)*c('up',5) + -2.654*c_dag('up',1)*c('up',4) + 4.71606*c_dag('up',1)*c('up',3) + -3.39894*c_dag('up',1)*c('up',2) + -22036.1*c_dag('up',1)*c('up',1) + 15.0614*c_dag('up',1)*c('up',0) + -6.14581*c_dag('up',2)*c('up',5) + -8.33949*c_dag('up',2)*c('up',4) + -3.69645*c_dag('up',2)*c('up',3) + -22164.8*c_dag('up',2)*c('up',2) + -3.39894*c_dag('up',2)*c('up',1) + 26.4368*c_dag('up',2)*c('up',0) + -0.392026*c_dag('up',3)*c('up',5) + -9.15928*c_dag('up',3)*c('up',4) + -22160.6*c_dag('up',3)*c('up',3) + -3.69645*c_dag('up',3)*c('up',2) + 4.71606*c_dag('up',3)*c('up',1) + -36.8335*c_dag('up',3)*c('up',0) + -0.773789*c_dag('up',4)*c('up',5) + -22029.9*c_dag('up',4)*c('up',4) + -9.15928*c_dag('up',4)*c('up',3) + -8.33949*c_dag('up',4)*c('up',2) + -2.654*c_dag('up',4)*c('up',1) + -10.6934*c_dag('up',4)*c('up',0) + -22166.2*c_dag('up',5)*c('up',5) + -0.773789*c_dag('up',5)*c('up',4) + -0.392026*c_dag('up',5)*c('up',3) + -6.14581*c_dag('up',5)*c('up',2) + 7.50881*c_dag('up',5)*c('up',1) + 19.1934*c_dag('up',5)*c('up',0) + 4*c_dag('down',0)*c_dag('up',0)*c('up',0)*c('down',0) + 4*c_dag('down',1)*c_dag('up',1)*c('up',1)*c('down',1) + 4*c_dag('down',2)*c_dag('up',2)*c('up',2)*c('down',2) + 4*c_dag('down',3)*c_dag('up',3)*c('up',3)*c('down',3) + 4*c_dag('down',4)*c_dag('up',4)*c('up',4)*c('down',4) + 4*c_dag('down',5)*c_dag('up',5)*c('up',5)*c('down',5)
Using autopartition algorithm to partition the local Hilbert space


[Rank 0] Collect results: Waiting for all mpi-threads to finish accumulating...
[Rank 0] Timings for all measures:
Measure               | seconds   
Auto-correlation time | 0.00112146
Average order         | 0.000574079
Average sign          | 0.000485868
G_tau measure         | 0.00656556
Total measure time    | 0.00874697
[Rank 0] Acceptance rate for all moves:
Move set Insert two operators: 4.99978e-06
  Move  Insert Delta_up: 0
  Move  Insert Delta_down: 9.9962e-06
Move set Remove two operators: 0
  Move  Remove Delta_up: 0
  Move  Remove Delta_down: 0
Move set Insert four operators: 0
  Move  Insert Delta_up_up: 0
  Move  Insert Delta_up_down: 0
  Move  Insert Delta_down_up: 0
  Move  Insert Delta_down_down: 0
Move set Remove four operators: 0
  Move  Remove Delta_up_up: 0
  Move  Remove Delta_up_down: 0
  Move  Remove Delta_down_up: 0
  Move  Remove Delta_down_down: 0
Move  Shift one operator: 4.98975e-06
[Rank 0] Warmup lasted: 0.128542 seconds [00:00:00]
[Rank 0] Simulation lasted: 0.733479 seconds [00:00:00]
[Rank 0] Number of measures: 20000
Total number of measures: 20000
Average sign: -0.2099
Average order: 0.60495
Auto-correlation time: 535.246

╔╦╗╦═╗╦╔═╗ ╔═╗  ┌─┐┌┬┐┬ ┬┬ ┬┌┐ 
 ║ ╠╦╝║║═╬╗╚═╗  │   │ ├─┤└┬┘├┴┐
 ╩ ╩╚═╩╚═╝╚╚═╝  └─┘ ┴ ┴ ┴ ┴ └─┘





[Rank 0] Collect results: Waiting for all mpi-threads to finish accumulating...
[Rank 0] Collect results: Waiting for all mpi-threads to finish accumulating...
[Rank 0] Timings for all measures:
Measure               | seconds   
Auto-correlation time | 0.00110659
Average order         | 0.000568203
Average sign          | 0.000538018
G_tau measure         | 0.00704391
Total measure time    | 0.00925672
[Rank 0] Acceptance rate for all moves:
Move set Insert two operators: 4.99978e-06
  Move  Insert Delta_up: 0
  Move  Insert Delta_down: 9.9962e-06
Move set Remove two operators: 0
  Move  Remove Delta_up: 0
  Move  Remove Delta_down: 0
Move set Insert four operators: 0
  Move  Insert Delta_up_up: 0
  Move  Insert Delta_up_down: 0
  Move  Insert Delta_down_up: 0
  Move  Insert Delta_down_down: 0
Move set Remove four operators: 0
  Move  Remove Delta_up_up: 0
  Move  Remove Delta_up_down: 0
  Move  Remove Delta_down_up: 0
  Move  Remove Delta_down_down: 0
Move  Shift one operator: 4.98975e-06
[Rank 0] Warmup lasted: 0.12807 seconds [00:00:00]
[Rank 0] Simulation lasted: 0.732181 seconds [00:00:00]
[Rank 0] Number of measures: 20000
Total number of measures: 20000
Average sign: -0.2099
Average order: 0.60495
Auto-correlation time: 535.246
[Rank 0] Timings for all measures:
Measure               | seconds   
Auto-correlation time | 0.0011243 
Average order         | 0.000556623
Average sign          | 0.000508623
G_tau measure         | 0.00685511
Total measure time    | 0.00904465
[Rank 0] Acceptance rate for all moves:
Move set Insert two operators: 4.99978e-06
  Move  Insert Delta_up: 0
  Move  Insert Delta_down: 9.9962e-06
Move set Remove two operators: 0
  Move  Remove Delta_up: 0
  Move  Remove Delta_down: 0
Move set Insert four operators: 0
  Move  Insert Delta_up_up: 0
  Move  Insert Delta_up_down: 0
  Move  Insert Delta_down_up: 0
  Move  Insert Delta_down_down: 0
Move set Remove four operators: 0
  Move  Remove Delta_up_up: 0
  Move  Remove Delta_up_down: 0
  Move  Remove Delta_down_up: 0
  Move  Remove Delta_down_down: 0
Move  Shift one operator: 4.98975e-06
[Rank 0] Warmup lasted: 0.128019 seconds [00:00:00]
[Rank 0] Simulation lasted: 0.732379 seconds [00:00:00]
[Rank 0] Number of measures: 20000
Total number of measures: 20000
Average sign: -0.2099
Average order: 0.60495
Auto-correlation time: 535.246


[Rank 0] Collect results: Waiting for all mpi-threads to finish accumulating...

╔╦╗╦═╗╦╔═╗ ╔═╗  ┌─┐┌┬┐┬ ┬┬ ┬┌┐ 
 ║ ╠╦╝║║═╬╗╚═╗  │   │ ├─┤└┬┘├┴┐
 ╩ ╩╚═╩╚═╝╚╚═╝  └─┘ ┴ ┴ ┴ ┴ └─┘

[Rank 0] Timings for all measures:
Measure               | seconds   
Auto-correlation time | 0.00112439
Average order         | 0.000567178
Average sign          | 0.000500943
G_tau measure         | 0.00726135
Total measure time    | 0.00945386
[Rank 0] Acceptance rate for all moves:
Move set Insert two operators: 4.99978e-06
  Move  Insert Delta_up: 0
  Move  Insert Delta_down: 9.9962e-06
Move set Remove two operators: 0
  Move  Remove Delta_up: 0
  Move  Remove Delta_down: 0
Move set Insert four operators: 0
  Move  Insert Delta_up_up: 0
  Move  Insert Delta_up_down: 0
  Move  Insert Delta_down_up: 0
  Move  Insert Delta_down_down: 0
Move set Remove four operators: 0
  Move  Remove Delta_up_up: 0
  Move  Remove Delta_up_down: 0
  Move  Remove Delta_down_up: 0
  Move  Remove Delta_down_down: 0
Move  Shift one operator: 4.98975e-06
[Rank 0] Warmup lasted: 0.127469 seconds [00:00:00]
[Rank 0] Simulation lasted: 0.732143 seconds [00:00:00]
[Rank 0] Number of measures: 20000
Total number of measures: 20000
Average sign: -0.2099
Average order: 0.60495
Auto-correlation time: 535.246
Warning! Delta_tau diagonal term has max imaginary part: 1.13249e-06Disregarding imaginary part 
Warning! Delta_tau diagonal term has max imaginary part: 1.19209e-06Disregarding imaginary part 
Warning! Delta_tau diagonal term has max imaginary part: 1.07288e-06Disregarding imaginary part 
Warning! Delta_tau diagonal term has max imaginary part: 1.07288e-06Disregarding imaginary part 
Warning! Delta_tau diagonal term has max imaginary part: 1.19209e-06Disregarding imaginary part 
Warning! Delta_tau diagonal term has max imaginary part: 1.2517e-06Disregarding imaginary part 
Warning! Delta_tau diagonal term has max imaginary part: 9.53674e-07Disregarding imaginary part 
Warning! Delta_tau diagonal term has max imaginary part: 1.19209e-06Disregarding imaginary part 
Warning! Delta_tau diagonal term has max imaginary part: 1.13249e-06Disregarding imaginary part 
Warning! Delta_tau diagonal term has max imaginary part: 1.01328e-06Disregarding imaginary part 
Warning! Delta_tau diagonal term has max imaginary part: 1.13249e-06Disregarding imaginary part 
Warning! Delta_tau diagonal term has max imaginary part: 1.05798e-06Disregarding imaginary part 
The local Hamiltonian of the problem:
3.34269*c_dag('down',0)*c('down',5) + -9.08878*c_dag('down',0)*c('down',4) + -32.2345*c_dag('down',0)*c('down',3) + 16.7775*c_dag('down',0)*c('down',2) + 8.47353*c_dag('down',0)*c('down',1) + -13489.7*c_dag('down',0)*c('down',0) + 6.24428*c_dag('down',1)*c('down',5) + -2.63636*c_dag('down',1)*c('down',4) + 6.99653*c_dag('down',1)*c('down',3) + -4.61176*c_dag('down',1)*c('down',2) + -22036.9*c_dag('down',1)*c('down',1) + 8.47353*c_dag('down',1)*c('down',0) + -8.9367*c_dag('down',2)*c('down',5) + -8.02361*c_dag('down',2)*c('down',4) + -0.496478*c_dag('down',2)*c('down',3) + -22167.4*c_dag('down',2)*c('down',2) + -4.61176*c_dag('down',2)*c('down',1) + 16.7775*c_dag('down',2)*c('down',0) + 3.51577*c_dag('down',3)*c('down',5) + -9.39206*c_dag('down',3)*c('down',4) + -22163.1*c_dag('down',3)*c('down',3) + -0.496478*c_dag('down',3)*c('down',2) + 6.99653*c_dag('down',3)*c('down',1) + -32.2345*c_dag('down',3)*c('down',0) + -0.489128*c_dag('down',4)*c('down',5) + -22030.4*c_dag('down',4)*c('down',4) + -9.39206*c_dag('down',4)*c('down',3) + -8.02361*c_dag('down',4)*c('down',2) + -2.63636*c_dag('down',4)*c('down',1) + -9.08878*c_dag('down',4)*c('down',0) + -22169.1*c_dag('down',5)*c('down',5) + -0.489128*c_dag('down',5)*c('down',4) + 3.51577*c_dag('down',5)*c('down',3) + -8.9367*c_dag('down',5)*c('down',2) + 6.24428*c_dag('down',5)*c('down',1) + 3.34269*c_dag('down',5)*c('down',0) + 19.1934*c_dag('up',0)*c('up',5) + -10.6934*c_dag('up',0)*c('up',4) + -36.8335*c_dag('up',0)*c('up',3) + 26.4368*c_dag('up',0)*c('up',2) + 15.0614*c_dag('up',0)*c('up',1) + -13586.1*c_dag('up',0)*c('up',0) + 7.50881*c_dag('up',1)*c('up',5) + -2.654*c_dag('up',1)*c('up',4) + 4.71606*c_dag('up',1)*c('up',3) + -3.39894*c_dag('up',1)*c('up',2) + -22036.1*c_dag('up',1)*c('up',1) + 15.0614*c_dag('up',1)*c('up',0) + -6.14581*c_dag('up',2)*c('up',5) + -8.33949*c_dag('up',2)*c('up',4) + -3.69645*c_dag('up',2)*c('up',3) + -22164.8*c_dag('up',2)*c('up',2) + -3.39894*c_dag('up',2)*c('up',1) + 26.4368*c_dag('up',2)*c('up',0) + -0.392026*c_dag('up',3)*c('up',5) + -9.15928*c_dag('up',3)*c('up',4) + -22160.6*c_dag('up',3)*c('up',3) + -3.69645*c_dag('up',3)*c('up',2) + 4.71606*c_dag('up',3)*c('up',1) + -36.8335*c_dag('up',3)*c('up',0) + -0.773789*c_dag('up',4)*c('up',5) + -22029.9*c_dag('up',4)*c('up',4) + -9.15928*c_dag('up',4)*c('up',3) + -8.33949*c_dag('up',4)*c('up',2) + -2.654*c_dag('up',4)*c('up',1) + -10.6934*c_dag('up',4)*c('up',0) + -22166.2*c_dag('up',5)*c('up',5) + -0.773789*c_dag('up',5)*c('up',4) + -0.392026*c_dag('up',5)*c('up',3) + -6.14581*c_dag('up',5)*c('up',2) + 7.50881*c_dag('up',5)*c('up',1) + 19.1934*c_dag('up',5)*c('up',0) + 4*c_dag('down',0)*c_dag('up',0)*c('up',0)*c('down',0) + 4*c_dag('down',1)*c_dag('up',1)*c('up',1)*c('down',1) + 4*c_dag('down',2)*c_dag('up',2)*c('up',2)*c('down',2) + 4*c_dag('down',3)*c_dag('up',3)*c('up',3)*c('down',3) + 4*c_dag('down',4)*c_dag('up',4)*c('up',4)*c('down',4) + 4*c_dag('down',5)*c_dag('up',5)*c('up',5)*c('down',5)
Using autopartition algorithm to partition the local Hilbert space
Warning! Delta_tau diagonal term has max imaginary part: 1.13249e-06Disregarding imaginary part 
Warning! Delta_tau diagonal term has max imaginary part: 1.19209e-06Disregarding imaginary part 
Warning! Delta_tau diagonal term has max imaginary part: 1.07288e-06Disregarding imaginary part 
Warning! Delta_tau diagonal term has max imaginary part: 1.07288e-06Disregarding imaginary part 
Warning! Delta_tau diagonal term has max imaginary part: 1.19209e-06Disregarding imaginary part 
Warning! Delta_tau diagonal term has max imaginary part: 1.2517e-06Disregarding imaginary part 
Warning! Delta_tau diagonal term has max imaginary part: 9.53674e-07Disregarding imaginary part 
Warning! Delta_tau diagonal term has max imaginary part: 1.19209e-06Disregarding imaginary part 
Warning! Delta_tau diagonal term has max imaginary part: 1.13249e-06Disregarding imaginary part 
Warning! Delta_tau diagonal term has max imaginary part: 1.01328e-06Disregarding imaginary part 
Warning! Delta_tau diagonal term has max imaginary part: 1.13249e-06Disregarding imaginary part 
Warning! Delta_tau diagonal term has max imaginary part: 1.05798e-06Disregarding imaginary part 
The local Hamiltonian of the problem:
3.34269*c_dag('down',0)*c('down',5) + -9.08878*c_dag('down',0)*c('down',4) + -32.2345*c_dag('down',0)*c('down',3) + 16.7775*c_dag('down',0)*c('down',2) + 8.47353*c_dag('down',0)*c('down',1) + -13489.7*c_dag('down',0)*c('down',0) + 6.24428*c_dag('down',1)*c('down',5) + -2.63636*c_dag('down',1)*c('down',4) + 6.99653*c_dag('down',1)*c('down',3) + -4.61176*c_dag('down',1)*c('down',2) + -22036.9*c_dag('down',1)*c('down',1) + 8.47353*c_dag('down',1)*c('down',0) + -8.9367*c_dag('down',2)*c('down',5) + -8.02361*c_dag('down',2)*c('down',4) + -0.496478*c_dag('down',2)*c('down',3) + -22167.4*c_dag('down',2)*c('down',2) + -4.61176*c_dag('down',2)*c('down',1) + 16.7775*c_dag('down',2)*c('down',0) + 3.51577*c_dag('down',3)*c('down',5) + -9.39206*c_dag('down',3)*c('down',4) + -22163.1*c_dag('down',3)*c('down',3) + -0.496478*c_dag('down',3)*c('down',2) + 6.99653*c_dag('down',3)*c('down',1) + -32.2345*c_dag('down',3)*c('down',0) + -0.489128*c_dag('down',4)*c('down',5) + -22030.4*c_dag('down',4)*c('down',4) + -9.39206*c_dag('down',4)*c('down',3) + -8.02361*c_dag('down',4)*c('down',2) + -2.63636*c_dag('down',4)*c('down',1) + -9.08878*c_dag('down',4)*c('down',0) + -22169.1*c_dag('down',5)*c('down',5) + -0.489128*c_dag('down',5)*c('down',4) + 3.51577*c_dag('down',5)*c('down',3) + -8.9367*c_dag('down',5)*c('down',2) + 6.24428*c_dag('down',5)*c('down',1) + 3.34269*c_dag('down',5)*c('down',0) + 19.1934*c_dag('up',0)*c('up',5) + -10.6934*c_dag('up',0)*c('up',4) + -36.8335*c_dag('up',0)*c('up',3) + 26.4368*c_dag('up',0)*c('up',2) + 15.0614*c_dag('up',0)*c('up',1) + -13586.1*c_dag('up',0)*c('up',0) + 7.50881*c_dag('up',1)*c('up',5) + -2.654*c_dag('up',1)*c('up',4) + 4.71606*c_dag('up',1)*c('up',3) + -3.39894*c_dag('up',1)*c('up',2) + -22036.1*c_dag('up',1)*c('up',1) + 15.0614*c_dag('up',1)*c('up',0) + -6.14581*c_dag('up',2)*c('up',5) + -8.33949*c_dag('up',2)*c('up',4) + -3.69645*c_dag('up',2)*c('up',3) + -22164.8*c_dag('up',2)*c('up',2) + -3.39894*c_dag('up',2)*c('up',1) + 26.4368*c_dag('up',2)*c('up',0) + -0.392026*c_dag('up',3)*c('up',5) + -9.15928*c_dag('up',3)*c('up',4) + -22160.6*c_dag('up',3)*c('up',3) + -3.69645*c_dag('up',3)*c('up',2) + 4.71606*c_dag('up',3)*c('up',1) + -36.8335*c_dag('up',3)*c('up',0) + -0.773789*c_dag('up',4)*c('up',5) + -22029.9*c_dag('up',4)*c('up',4) + -9.15928*c_dag('up',4)*c('up',3) + -8.33949*c_dag('up',4)*c('up',2) + -2.654*c_dag('up',4)*c('up',1) + -10.6934*c_dag('up',4)*c('up',0) + -22166.2*c_dag('up',5)*c('up',5) + -0.773789*c_dag('up',5)*c('up',4) + -0.392026*c_dag('up',5)*c('up',3) + -6.14581*c_dag('up',5)*c('up',2) + 7.50881*c_dag('up',5)*c('up',1) + 19.1934*c_dag('up',5)*c('up',0) + 4*c_dag('down',0)*c_dag('up',0)*c('up',0)*c('down',0) + 4*c_dag('down',1)*c_dag('up',1)*c('up',1)*c('down',1) + 4*c_dag('down',2)*c_dag('up',2)*c('up',2)*c('down',2) + 4*c_dag('down',3)*c_dag('up',3)*c('up',3)*c('down',3) + 4*c_dag('down',4)*c_dag('up',4)*c('up',4)*c('down',4) + 4*c_dag('down',5)*c_dag('up',5)*c('up',5)*c('down',5)
Using autopartition algorithm to partition the local Hilbert space


[Rank 0] Collect results: Waiting for all mpi-threads to finish accumulating...
[Rank 0] Timings for all measures:
Measure               | seconds   
Auto-correlation time | 0.00116979
Average order         | 0.000565508
Average sign          | 0.000527986
G_tau measure         | 0.00678952
Total measure time    | 0.0090528 
[Rank 0] Acceptance rate for all moves:
Move set Insert two operators: 4.99978e-06
  Move  Insert Delta_up: 0
  Move  Insert Delta_down: 9.9962e-06
Move set Remove two operators: 0
  Move  Remove Delta_up: 0
  Move  Remove Delta_down: 0
Move set Insert four operators: 0
  Move  Insert Delta_up_up: 0
  Move  Insert Delta_up_down: 0
  Move  Insert Delta_down_up: 0
  Move  Insert Delta_down_down: 0
Move set Remove four operators: 0
  Move  Remove Delta_up_up: 0
  Move  Remove Delta_up_down: 0
  Move  Remove Delta_down_up: 0
  Move  Remove Delta_down_down: 0
Move  Shift one operator: 4.98975e-06
[Rank 0] Warmup lasted: 0.125923 seconds [00:00:00]
[Rank 0] Simulation lasted: 0.729792 seconds [00:00:00]
[Rank 0] Number of measures: 20000
Total number of measures: 20000
Average sign: -0.2099
Average order: 0.60495
Auto-correlation time: 535.246

╔╦╗╦═╗╦╔═╗ ╔═╗  ┌─┐┌┬┐┬ ┬┬ ┬┌┐ 
 ║ ╠╦╝║║═╬╗╚═╗  │   │ ├─┤└┬┘├┴┐
 ╩ ╩╚═╩╚═╝╚╚═╝  └─┘ ┴ ┴ ┴ ┴ └─┘


╔╦╗╦═╗╦╔═╗ ╔═╗  ┌─┐┌┬┐┬ ┬┬ ┬┌┐ 
 ║ ╠╦╝║║═╬╗╚═╗  │   │ ├─┤└┬┘├┴┐
 ╩ ╩╚═╩╚═╝╚╚═╝  └─┘ ┴ ┴ ┴ ┴ └─┘


╔╦╗╦═╗╦╔═╗ ╔═╗  ┌─┐┌┬┐┬ ┬┬ ┬┌┐ 
 ║ ╠╦╝║║═╬╗╚═╗  │   │ ├─┤└┬┘├┴┐
 ╩ ╩╚═╩╚═╝╚╚═╝  └─┘ ┴ ┴ ┴ ┴ └─┘


╔╦╗╦═╗╦╔═╗ ╔═╗  ┌─┐┌┬┐┬ ┬┬ ┬┌┐ 
 ║ ╠╦╝║║═╬╗╚═╗  │   │ ├─┤└┬┘├┴┐
 ╩ ╩╚═╩╚═╝╚╚═╝  └─┘ ┴ ┴ ┴ ┴ └─┘

Warning! Delta_tau diagonal term has max imaginary part: 1.13249e-06Disregarding imaginary part 
Warning! Delta_tau diagonal term has max imaginary part: 1.19209e-06Disregarding imaginary part 
Warning! Delta_tau diagonal term has max imaginary part: 1.07288e-06Disregarding imaginary part 
Warning! Delta_tau diagonal term has max imaginary part: 1.07288e-06Disregarding imaginary part 
Warning! Delta_tau diagonal term has max imaginary part: 1.19209e-06Disregarding imaginary part 
Warning! Delta_tau diagonal term has max imaginary part: 1.2517e-06Disregarding imaginary part 
Warning! Delta_tau diagonal term has max imaginary part: 9.53674e-07Disregarding imaginary part 
Warning! Delta_tau diagonal term has max imaginary part: 1.19209e-06Disregarding imaginary part 
Warning! Delta_tau diagonal term has max imaginary part: 1.13249e-06Disregarding imaginary part 
Warning! Delta_tau diagonal term has max imaginary part: 1.01328e-06Disregarding imaginary part 
Warning! Delta_tau diagonal term has max imaginary part: 1.13249e-06Disregarding imaginary part 
Warning! Delta_tau diagonal term has max imaginary part: 1.05798e-06Disregarding imaginary part 
The local Hamiltonian of the problem:
3.34269*c_dag('down',0)*c('down',5) + -9.08878*c_dag('down',0)*c('down',4) + -32.2345*c_dag('down',0)*c('down',3) + 16.7775*c_dag('down',0)*c('down',2) + 8.47353*c_dag('down',0)*c('down',1) + -13489.7*c_dag('down',0)*c('down',0) + 6.24428*c_dag('down',1)*c('down',5) + -2.63636*c_dag('down',1)*c('down',4) + 6.99653*c_dag('down',1)*c('down',3) + -4.61176*c_dag('down',1)*c('down',2) + -22036.9*c_dag('down',1)*c('down',1) + 8.47353*c_dag('down',1)*c('down',0) + -8.9367*c_dag('down',2)*c('down',5) + -8.02361*c_dag('down',2)*c('down',4) + -0.496478*c_dag('down',2)*c('down',3) + -22167.4*c_dag('down',2)*c('down',2) + -4.61176*c_dag('down',2)*c('down',1) + 16.7775*c_dag('down',2)*c('down',0) + 3.51577*c_dag('down',3)*c('down',5) + -9.39206*c_dag('down',3)*c('down',4) + -22163.1*c_dag('down',3)*c('down',3) + -0.496478*c_dag('down',3)*c('down',2) + 6.99653*c_dag('down',3)*c('down',1) + -32.2345*c_dag('down',3)*c('down',0) + -0.489128*c_dag('down',4)*c('down',5) + -22030.4*c_dag('down',4)*c('down',4) + -9.39206*c_dag('down',4)*c('down',3) + -8.02361*c_dag('down',4)*c('down',2) + -2.63636*c_dag('down',4)*c('down',1) + -9.08878*c_dag('down',4)*c('down',0) + -22169.1*c_dag('down',5)*c('down',5) + -0.489128*c_dag('down',5)*c('down',4) + 3.51577*c_dag('down',5)*c('down',3) + -8.9367*c_dag('down',5)*c('down',2) + 6.24428*c_dag('down',5)*c('down',1) + 3.34269*c_dag('down',5)*c('down',0) + 19.1934*c_dag('up',0)*c('up',5) + -10.6934*c_dag('up',0)*c('up',4) + -36.8335*c_dag('up',0)*c('up',3) + 26.4368*c_dag('up',0)*c('up',2) + 15.0614*c_dag('up',0)*c('up',1) + -13586.1*c_dag('up',0)*c('up',0) + 7.50881*c_dag('up',1)*c('up',5) + -2.654*c_dag('up',1)*c('up',4) + 4.71606*c_dag('up',1)*c('up',3) + -3.39894*c_dag('up',1)*c('up',2) + -22036.1*c_dag('up',1)*c('up',1) + 15.0614*c_dag('up',1)*c('up',0) + -6.14581*c_dag('up',2)*c('up',5) + -8.33949*c_dag('up',2)*c('up',4) + -3.69645*c_dag('up',2)*c('up',3) + -22164.8*c_dag('up',2)*c('up',2) + -3.39894*c_dag('up',2)*c('up',1) + 26.4368*c_dag('up',2)*c('up',0) + -0.392026*c_dag('up',3)*c('up',5) + -9.15928*c_dag('up',3)*c('up',4) + -22160.6*c_dag('up',3)*c('up',3) + -3.69645*c_dag('up',3)*c('up',2) + 4.71606*c_dag('up',3)*c('up',1) + -36.8335*c_dag('up',3)*c('up',0) + -0.773789*c_dag('up',4)*c('up',5) + -22029.9*c_dag('up',4)*c('up',4) + -9.15928*c_dag('up',4)*c('up',3) + -8.33949*c_dag('up',4)*c('up',2) + -2.654*c_dag('up',4)*c('up',1) + -10.6934*c_dag('up',4)*c('up',0) + -22166.2*c_dag('up',5)*c('up',5) + -0.773789*c_dag('up',5)*c('up',4) + -0.392026*c_dag('up',5)*c('up',3) + -6.14581*c_dag('up',5)*c('up',2) + 7.50881*c_dag('up',5)*c('up',1) + 19.1934*c_dag('up',5)*c('up',0) + 4*c_dag('down',0)*c_dag('up',0)*c('up',0)*c('down',0) + 4*c_dag('down',1)*c_dag('up',1)*c('up',1)*c('down',1) + 4*c_dag('down',2)*c_dag('up',2)*c('up',2)*c('down',2) + 4*c_dag('down',3)*c_dag('up',3)*c('up',3)*c('down',3) + 4*c_dag('down',4)*c_dag('up',4)*c('up',4)*c('down',4) + 4*c_dag('down',5)*c_dag('up',5)*c('up',5)*c('down',5)
Using autopartition algorithm to partition the local Hilbert space
Warning! Delta_tau diagonal term has max imaginary part: 1.13249e-06Disregarding imaginary part 
Warning! Delta_tau diagonal term has max imaginary part: 1.19209e-06Disregarding imaginary part 
Warning! Delta_tau diagonal term has max imaginary part: 1.07288e-06Disregarding imaginary part 
Warning! Delta_tau diagonal term has max imaginary part: 1.07288e-06Disregarding imaginary part 
Warning! Delta_tau diagonal term has max imaginary part: 1.19209e-06Disregarding imaginary part 
Warning! Delta_tau diagonal term has max imaginary part: 1.2517e-06Disregarding imaginary part 
Warning! Delta_tau diagonal term has max imaginary part: 9.53674e-07Disregarding imaginary part 
Warning! Delta_tau diagonal term has max imaginary part: 1.19209e-06Disregarding imaginary part 
Warning! Delta_tau diagonal term has max imaginary part: 1.13249e-06Disregarding imaginary part 
Warning! Delta_tau diagonal term has max imaginary part: 1.01328e-06Disregarding imaginary part 
Warning! Delta_tau diagonal term has max imaginary part: 1.13249e-06Disregarding imaginary part 
Warning! Delta_tau diagonal term has max imaginary part: 1.05798e-06Disregarding imaginary part 
The local Hamiltonian of the problem:
3.34269*c_dag('down',0)*c('down',5) + -9.08878*c_dag('down',0)*c('down',4) + -32.2345*c_dag('down',0)*c('down',3) + 16.7775*c_dag('down',0)*c('down',2) + 8.47353*c_dag('down',0)*c('down',1) + -13489.7*c_dag('down',0)*c('down',0) + 6.24428*c_dag('down',1)*c('down',5) + -2.63636*c_dag('down',1)*c('down',4) + 6.99653*c_dag('down',1)*c('down',3) + -4.61176*c_dag('down',1)*c('down',2) + -22036.9*c_dag('down',1)*c('down',1) + 8.47353*c_dag('down',1)*c('down',0) + -8.9367*c_dag('down',2)*c('down',5) + -8.02361*c_dag('down',2)*c('down',4) + -0.496478*c_dag('down',2)*c('down',3) + -22167.4*c_dag('down',2)*c('down',2) + -4.61176*c_dag('down',2)*c('down',1) + 16.7775*c_dag('down',2)*c('down',0) + 3.51577*c_dag('down',3)*c('down',5) + -9.39206*c_dag('down',3)*c('down',4) + -22163.1*c_dag('down',3)*c('down',3) + -0.496478*c_dag('down',3)*c('down',2) + 6.99653*c_dag('down',3)*c('down',1) + -32.2345*c_dag('down',3)*c('down',0) + -0.489128*c_dag('down',4)*c('down',5) + -22030.4*c_dag('down',4)*c('down',4) + -9.39206*c_dag('down',4)*c('down',3) + -8.02361*c_dag('down',4)*c('down',2) + -2.63636*c_dag('down',4)*c('down',1) + -9.08878*c_dag('down',4)*c('down',0) + -22169.1*c_dag('down',5)*c('down',5) + -0.489128*c_dag('down',5)*c('down',4) + 3.51577*c_dag('down',5)*c('down',3) + -8.9367*c_dag('down',5)*c('down',2) + 6.24428*c_dag('down',5)*c('down',1) + 3.34269*c_dag('down',5)*c('down',0) + 19.1934*c_dag('up',0)*c('up',5) + -10.6934*c_dag('up',0)*c('up',4) + -36.8335*c_dag('up',0)*c('up',3) + 26.4368*c_dag('up',0)*c('up',2) + 15.0614*c_dag('up',0)*c('up',1) + -13586.1*c_dag('up',0)*c('up',0) + 7.50881*c_dag('up',1)*c('up',5) + -2.654*c_dag('up',1)*c('up',4) + 4.71606*c_dag('up',1)*c('up',3) + -3.39894*c_dag('up',1)*c('up',2) + -22036.1*c_dag('up',1)*c('up',1) + 15.0614*c_dag('up',1)*c('up',0) + -6.14581*c_dag('up',2)*c('up',5) + -8.33949*c_dag('up',2)*c('up',4) + -3.69645*c_dag('up',2)*c('up',3) + -22164.8*c_dag('up',2)*c('up',2) + -3.39894*c_dag('up',2)*c('up',1) + 26.4368*c_dag('up',2)*c('up',0) + -0.392026*c_dag('up',3)*c('up',5) + -9.15928*c_dag('up',3)*c('up',4) + -22160.6*c_dag('up',3)*c('up',3) + -3.69645*c_dag('up',3)*c('up',2) + 4.71606*c_dag('up',3)*c('up',1) + -36.8335*c_dag('up',3)*c('up',0) + -0.773789*c_dag('up',4)*c('up',5) + -22029.9*c_dag('up',4)*c('up',4) + -9.15928*c_dag('up',4)*c('up',3) + -8.33949*c_dag('up',4)*c('up',2) + -2.654*c_dag('up',4)*c('up',1) + -10.6934*c_dag('up',4)*c('up',0) + -22166.2*c_dag('up',5)*c('up',5) + -0.773789*c_dag('up',5)*c('up',4) + -0.392026*c_dag('up',5)*c('up',3) + -6.14581*c_dag('up',5)*c('up',2) + 7.50881*c_dag('up',5)*c('up',1) + 19.1934*c_dag('up',5)*c('up',0) + 4*c_dag('down',0)*c_dag('up',0)*c('up',0)*c('down',0) + 4*c_dag('down',1)*c_dag('up',1)*c('up',1)*c('down',1) + 4*c_dag('down',2)*c_dag('up',2)*c('up',2)*c('down',2) + 4*c_dag('down',3)*c_dag('up',3)*c('up',3)*c('down',3) + 4*c_dag('down',4)*c_dag('up',4)*c('up',4)*c('down',4) + 4*c_dag('down',5)*c_dag('up',5)*c('up',5)*c('down',5)
Using autopartition algorithm to partition the local Hilbert space
Warning! Delta_tau diagonal term has max imaginary part: 1.13249e-06Disregarding imaginary part 
Warning! Delta_tau diagonal term has max imaginary part: 1.19209e-06Disregarding imaginary part 
Warning! Delta_tau diagonal term has max imaginary part: 1.07288e-06Disregarding imaginary part 
Warning! Delta_tau diagonal term has max imaginary part: 1.07288e-06Disregarding imaginary part 
Warning! Delta_tau diagonal term has max imaginary part: 1.19209e-06Disregarding imaginary part 
Warning! Delta_tau diagonal term has max imaginary part: 1.2517e-06Disregarding imaginary part 
Warning! Delta_tau diagonal term has max imaginary part: 9.53674e-07Disregarding imaginary part 
Warning! Delta_tau diagonal term has max imaginary part: 1.19209e-06Disregarding imaginary part 
Warning! Delta_tau diagonal term has max imaginary part: 1.13249e-06Disregarding imaginary part 
Warning! Delta_tau diagonal term has max imaginary part: 1.01328e-06Disregarding imaginary part 
Warning! Delta_tau diagonal term has max imaginary part: 1.13249e-06Disregarding imaginary part 
Warning! Delta_tau diagonal term has max imaginary part: 1.05798e-06Disregarding imaginary part 
The local Hamiltonian of the problem:
3.34269*c_dag('down',0)*c('down',5) + -9.08878*c_dag('down',0)*c('down',4) + -32.2345*c_dag('down',0)*c('down',3) + 16.7775*c_dag('down',0)*c('down',2) + 8.47353*c_dag('down',0)*c('down',1) + -13489.7*c_dag('down',0)*c('down',0) + 6.24428*c_dag('down',1)*c('down',5) + -2.63636*c_dag('down',1)*c('down',4) + 6.99653*c_dag('down',1)*c('down',3) + -4.61176*c_dag('down',1)*c('down',2) + -22036.9*c_dag('down',1)*c('down',1) + 8.47353*c_dag('down',1)*c('down',0) + -8.9367*c_dag('down',2)*c('down',5) + -8.02361*c_dag('down',2)*c('down',4) + -0.496478*c_dag('down',2)*c('down',3) + -22167.4*c_dag('down',2)*c('down',2) + -4.61176*c_dag('down',2)*c('down',1) + 16.7775*c_dag('down',2)*c('down',0) + 3.51577*c_dag('down',3)*c('down',5) + -9.39206*c_dag('down',3)*c('down',4) + -22163.1*c_dag('down',3)*c('down',3) + -0.496478*c_dag('down',3)*c('down',2) + 6.99653*c_dag('down',3)*c('down',1) + -32.2345*c_dag('down',3)*c('down',0) + -0.489128*c_dag('down',4)*c('down',5) + -22030.4*c_dag('down',4)*c('down',4) + -9.39206*c_dag('down',4)*c('down',3) + -8.02361*c_dag('down',4)*c('down',2) + -2.63636*c_dag('down',4)*c('down',1) + -9.08878*c_dag('down',4)*c('down',0) + -22169.1*c_dag('down',5)*c('down',5) + -0.489128*c_dag('down',5)*c('down',4) + 3.51577*c_dag('down',5)*c('down',3) + -8.9367*c_dag('down',5)*c('down',2) + 6.24428*c_dag('down',5)*c('down',1) + 3.34269*c_dag('down',5)*c('down',0) + 19.1934*c_dag('up',0)*c('up',5) + -10.6934*c_dag('up',0)*c('up',4) + -36.8335*c_dag('up',0)*c('up',3) + 26.4368*c_dag('up',0)*c('up',2) + 15.0614*c_dag('up',0)*c('up',1) + -13586.1*c_dag('up',0)*c('up',0) + 7.50881*c_dag('up',1)*c('up',5) + -2.654*c_dag('up',1)*c('up',4) + 4.71606*c_dag('up',1)*c('up',3) + -3.39894*c_dag('up',1)*c('up',2) + -22036.1*c_dag('up',1)*c('up',1) + 15.0614*c_dag('up',1)*c('up',0) + -6.14581*c_dag('up',2)*c('up',5) + -8.33949*c_dag('up',2)*c('up',4) + -3.69645*c_dag('up',2)*c('up',3) + -22164.8*c_dag('up',2)*c('up',2) + -3.39894*c_dag('up',2)*c('up',1) + 26.4368*c_dag('up',2)*c('up',0) + -0.392026*c_dag('up',3)*c('up',5) + -9.15928*c_dag('up',3)*c('up',4) + -22160.6*c_dag('up',3)*c('up',3) + -3.69645*c_dag('up',3)*c('up',2) + 4.71606*c_dag('up',3)*c('up',1) + -36.8335*c_dag('up',3)*c('up',0) + -0.773789*c_dag('up',4)*c('up',5) + -22029.9*c_dag('up',4)*c('up',4) + -9.15928*c_dag('up',4)*c('up',3) + -8.33949*c_dag('up',4)*c('up',2) + -2.654*c_dag('up',4)*c('up',1) + -10.6934*c_dag('up',4)*c('up',0) + -22166.2*c_dag('up',5)*c('up',5) + -0.773789*c_dag('up',5)*c('up',4) + -0.392026*c_dag('up',5)*c('up',3) + -6.14581*c_dag('up',5)*c('up',2) + 7.50881*c_dag('up',5)*c('up',1) + 19.1934*c_dag('up',5)*c('up',0) + 4*c_dag('down',0)*c_dag('up',0)*c('up',0)*c('down',0) + 4*c_dag('down',1)*c_dag('up',1)*c('up',1)*c('down',1) + 4*c_dag('down',2)*c_dag('up',2)*c('up',2)*c('down',2) + 4*c_dag('down',3)*c_dag('up',3)*c('up',3)*c('down',3) + 4*c_dag('down',4)*c_dag('up',4)*c('up',4)*c('down',4) + 4*c_dag('down',5)*c_dag('up',5)*c('up',5)*c('down',5)
Using autopartition algorithm to partition the local Hilbert space
Warning! Delta_tau diagonal term has max imaginary part: 1.13249e-06Disregarding imaginary part 
Warning! Delta_tau diagonal term has max imaginary part: 1.19209e-06Disregarding imaginary part 
Warning! Delta_tau diagonal term has max imaginary part: 1.07288e-06Disregarding imaginary part 
Warning! Delta_tau diagonal term has max imaginary part: 1.07288e-06Disregarding imaginary part 
Warning! Delta_tau diagonal term has max imaginary part: 1.19209e-06Disregarding imaginary part 
Warning! Delta_tau diagonal term has max imaginary part: 1.2517e-06Disregarding imaginary part 
Warning! Delta_tau diagonal term has max imaginary part: 9.53674e-07Disregarding imaginary part 
Warning! Delta_tau diagonal term has max imaginary part: 1.19209e-06Disregarding imaginary part 
Warning! Delta_tau diagonal term has max imaginary part: 1.13249e-06Disregarding imaginary part 
Warning! Delta_tau diagonal term has max imaginary part: 1.01328e-06Disregarding imaginary part 
Warning! Delta_tau diagonal term has max imaginary part: 1.13249e-06Disregarding imaginary part 
Warning! Delta_tau diagonal term has max imaginary part: 1.05798e-06Disregarding imaginary part 
The local Hamiltonian of the problem:
3.34269*c_dag('down',0)*c('down',5) + -9.08878*c_dag('down',0)*c('down',4) + -32.2345*c_dag('down',0)*c('down',3) + 16.7775*c_dag('down',0)*c('down',2) + 8.47353*c_dag('down',0)*c('down',1) + -13489.7*c_dag('down',0)*c('down',0) + 6.24428*c_dag('down',1)*c('down',5) + -2.63636*c_dag('down',1)*c('down',4) + 6.99653*c_dag('down',1)*c('down',3) + -4.61176*c_dag('down',1)*c('down',2) + -22036.9*c_dag('down',1)*c('down',1) + 8.47353*c_dag('down',1)*c('down',0) + -8.9367*c_dag('down',2)*c('down',5) + -8.02361*c_dag('down',2)*c('down',4) + -0.496478*c_dag('down',2)*c('down',3) + -22167.4*c_dag('down',2)*c('down',2) + -4.61176*c_dag('down',2)*c('down',1) + 16.7775*c_dag('down',2)*c('down',0) + 3.51577*c_dag('down',3)*c('down',5) + -9.39206*c_dag('down',3)*c('down',4) + -22163.1*c_dag('down',3)*c('down',3) + -0.496478*c_dag('down',3)*c('down',2) + 6.99653*c_dag('down',3)*c('down',1) + -32.2345*c_dag('down',3)*c('down',0) + -0.489128*c_dag('down',4)*c('down',5) + -22030.4*c_dag('down',4)*c('down',4) + -9.39206*c_dag('down',4)*c('down',3) + -8.02361*c_dag('down',4)*c('down',2) + -2.63636*c_dag('down',4)*c('down',1) + -9.08878*c_dag('down',4)*c('down',0) + -22169.1*c_dag('down',5)*c('down',5) + -0.489128*c_dag('down',5)*c('down',4) + 3.51577*c_dag('down',5)*c('down',3) + -8.9367*c_dag('down',5)*c('down',2) + 6.24428*c_dag('down',5)*c('down',1) + 3.34269*c_dag('down',5)*c('down',0) + 19.1934*c_dag('up',0)*c('up',5) + -10.6934*c_dag('up',0)*c('up',4) + -36.8335*c_dag('up',0)*c('up',3) + 26.4368*c_dag('up',0)*c('up',2) + 15.0614*c_dag('up',0)*c('up',1) + -13586.1*c_dag('up',0)*c('up',0) + 7.50881*c_dag('up',1)*c('up',5) + -2.654*c_dag('up',1)*c('up',4) + 4.71606*c_dag('up',1)*c('up',3) + -3.39894*c_dag('up',1)*c('up',2) + -22036.1*c_dag('up',1)*c('up',1) + 15.0614*c_dag('up',1)*c('up',0) + -6.14581*c_dag('up',2)*c('up',5) + -8.33949*c_dag('up',2)*c('up',4) + -3.69645*c_dag('up',2)*c('up',3) + -22164.8*c_dag('up',2)*c('up',2) + -3.39894*c_dag('up',2)*c('up',1) + 26.4368*c_dag('up',2)*c('up',0) + -0.392026*c_dag('up',3)*c('up',5) + -9.15928*c_dag('up',3)*c('up',4) + -22160.6*c_dag('up',3)*c('up',3) + -3.69645*c_dag('up',3)*c('up',2) + 4.71606*c_dag('up',3)*c('up',1) + -36.8335*c_dag('up',3)*c('up',0) + -0.773789*c_dag('up',4)*c('up',5) + -22029.9*c_dag('up',4)*c('up',4) + -9.15928*c_dag('up',4)*c('up',3) + -8.33949*c_dag('up',4)*c('up',2) + -2.654*c_dag('up',4)*c('up',1) + -10.6934*c_dag('up',4)*c('up',0) + -22166.2*c_dag('up',5)*c('up',5) + -0.773789*c_dag('up',5)*c('up',4) + -0.392026*c_dag('up',5)*c('up',3) + -6.14581*c_dag('up',5)*c('up',2) + 7.50881*c_dag('up',5)*c('up',1) + 19.1934*c_dag('up',5)*c('up',0) + 4*c_dag('down',0)*c_dag('up',0)*c('up',0)*c('down',0) + 4*c_dag('down',1)*c_dag('up',1)*c('up',1)*c('down',1) + 4*c_dag('down',2)*c_dag('up',2)*c('up',2)*c('down',2) + 4*c_dag('down',3)*c_dag('up',3)*c('up',3)*c('down',3) + 4*c_dag('down',4)*c_dag('up',4)*c('up',4)*c('down',4) + 4*c_dag('down',5)*c_dag('up',5)*c('up',5)*c('down',5)
Using autopartition algorithm to partition the local Hilbert space

╔╦╗╦═╗╦╔═╗ ╔═╗  ┌─┐┌┬┐┬ ┬┬ ┬┌┐ 
 ║ ╠╦╝║║═╬╗╚═╗  │   │ ├─┤└┬┘├┴┐
 ╩ ╩╚═╩╚═╝╚╚═╝  └─┘ ┴ ┴ ┴ ┴ └─┘



[Rank 0] Collect results: Waiting for all mpi-threads to finish accumulating...
[Rank 0] Timings for all measures:
Measure               | seconds   
Auto-correlation time | 0.00115318
Average order         | 0.000589205
Average sign          | 0.000571119
G_tau measure         | 0.00667722
Total measure time    | 0.00899073
[Rank 0] Acceptance rate for all moves:
Move set Insert two operators: 4.99978e-06
  Move  Insert Delta_up: 0
  Move  Insert Delta_down: 9.9962e-06
Move set Remove two operators: 0
  Move  Remove Delta_up: 0
  Move  Remove Delta_down: 0
Move set Insert four operators: 0
  Move  Insert Delta_up_up: 0
  Move  Insert Delta_up_down: 0
  Move  Insert Delta_down_up: 0
  Move  Insert Delta_down_down: 0
Move set Remove four operators: 0
  Move  Remove Delta_up_up: 0
  Move  Remove Delta_up_down: 0
  Move  Remove Delta_down_up: 0
  Move  Remove Delta_down_down: 0
Move  Shift one operator: 4.98975e-06
[Rank 0] Warmup lasted: 0.124855 seconds [00:00:00]
[Rank 0] Simulation lasted: 0.732368 seconds [00:00:00]
[Rank 0] Number of measures: 20000
Total number of measures: 20000
Average sign: -0.2099
Average order: 0.60495
Auto-correlation time: 535.246
Warning! Delta_tau diagonal term has max imaginary part: 1.13249e-06Disregarding imaginary part 
Warning! Delta_tau diagonal term has max imaginary part: 1.19209e-06Disregarding imaginary part 
Warning! Delta_tau diagonal term has max imaginary part: 1.07288e-06Disregarding imaginary part 
Warning! Delta_tau diagonal term has max imaginary part: 1.07288e-06Disregarding imaginary part 
Warning! Delta_tau diagonal term has max imaginary part: 1.19209e-06Disregarding imaginary part 
Warning! Delta_tau diagonal term has max imaginary part: 1.2517e-06Disregarding imaginary part 
Warning! Delta_tau diagonal term has max imaginary part: 9.53674e-07Disregarding imaginary part 
Warning! Delta_tau diagonal term has max imaginary part: 1.19209e-06Disregarding imaginary part 
Warning! Delta_tau diagonal term has max imaginary part: 1.13249e-06Disregarding imaginary part 
Warning! Delta_tau diagonal term has max imaginary part: 1.01328e-06Disregarding imaginary part 
Warning! Delta_tau diagonal term has max imaginary part: 1.13249e-06Disregarding imaginary part 
Warning! Delta_tau diagonal term has max imaginary part: 1.05798e-06Disregarding imaginary part 
The local Hamiltonian of the problem:
3.34269*c_dag('down',0)*c('down',5) + -9.08878*c_dag('down',0)*c('down',4) + -32.2345*c_dag('down',0)*c('down',3) + 16.7775*c_dag('down',0)*c('down',2) + 8.47353*c_dag('down',0)*c('down',1) + -13489.7*c_dag('down',0)*c('down',0) + 6.24428*c_dag('down',1)*c('down',5) + -2.63636*c_dag('down',1)*c('down',4) + 6.99653*c_dag('down',1)*c('down',3) + -4.61176*c_dag('down',1)*c('down',2) + -22036.9*c_dag('down',1)*c('down',1) + 8.47353*c_dag('down',1)*c('down',0) + -8.9367*c_dag('down',2)*c('down',5) + -8.02361*c_dag('down',2)*c('down',4) + -0.496478*c_dag('down',2)*c('down',3) + -22167.4*c_dag('down',2)*c('down',2) + -4.61176*c_dag('down',2)*c('down',1) + 16.7775*c_dag('down',2)*c('down',0) + 3.51577*c_dag('down',3)*c('down',5) + -9.39206*c_dag('down',3)*c('down',4) + -22163.1*c_dag('down',3)*c('down',3) + -0.496478*c_dag('down',3)*c('down',2) + 6.99653*c_dag('down',3)*c('down',1) + -32.2345*c_dag('down',3)*c('down',0) + -0.489128*c_dag('down',4)*c('down',5) + -22030.4*c_dag('down',4)*c('down',4) + -9.39206*c_dag('down',4)*c('down',3) + -8.02361*c_dag('down',4)*c('down',2) + -2.63636*c_dag('down',4)*c('down',1) + -9.08878*c_dag('down',4)*c('down',0) + -22169.1*c_dag('down',5)*c('down',5) + -0.489128*c_dag('down',5)*c('down',4) + 3.51577*c_dag('down',5)*c('down',3) + -8.9367*c_dag('down',5)*c('down',2) + 6.24428*c_dag('down',5)*c('down',1) + 3.34269*c_dag('down',5)*c('down',0) + 19.1934*c_dag('up',0)*c('up',5) + -10.6934*c_dag('up',0)*c('up',4) + -36.8335*c_dag('up',0)*c('up',3) + 26.4368*c_dag('up',0)*c('up',2) + 15.0614*c_dag('up',0)*c('up',1) + -13586.1*c_dag('up',0)*c('up',0) + 7.50881*c_dag('up',1)*c('up',5) + -2.654*c_dag('up',1)*c('up',4) + 4.71606*c_dag('up',1)*c('up',3) + -3.39894*c_dag('up',1)*c('up',2) + -22036.1*c_dag('up',1)*c('up',1) + 15.0614*c_dag('up',1)*c('up',0) + -6.14581*c_dag('up',2)*c('up',5) + -8.33949*c_dag('up',2)*c('up',4) + -3.69645*c_dag('up',2)*c('up',3) + -22164.8*c_dag('up',2)*c('up',2) + -3.39894*c_dag('up',2)*c('up',1) + 26.4368*c_dag('up',2)*c('up',0) + -0.392026*c_dag('up',3)*c('up',5) + -9.15928*c_dag('up',3)*c('up',4) + -22160.6*c_dag('up',3)*c('up',3) + -3.69645*c_dag('up',3)*c('up',2) + 4.71606*c_dag('up',3)*c('up',1) + -36.8335*c_dag('up',3)*c('up',0) + -0.773789*c_dag('up',4)*c('up',5) + -22029.9*c_dag('up',4)*c('up',4) + -9.15928*c_dag('up',4)*c('up',3) + -8.33949*c_dag('up',4)*c('up',2) + -2.654*c_dag('up',4)*c('up',1) + -10.6934*c_dag('up',4)*c('up',0) + -22166.2*c_dag('up',5)*c('up',5) + -0.773789*c_dag('up',5)*c('up',4) + -0.392026*c_dag('up',5)*c('up',3) + -6.14581*c_dag('up',5)*c('up',2) + 7.50881*c_dag('up',5)*c('up',1) + 19.1934*c_dag('up',5)*c('up',0) + 4*c_dag('down',0)*c_dag('up',0)*c('up',0)*c('down',0) + 4*c_dag('down',1)*c_dag('up',1)*c('up',1)*c('down',1) + 4*c_dag('down',2)*c_dag('up',2)*c('up',2)*c('down',2) + 4*c_dag('down',3)*c_dag('up',3)*c('up',3)*c('down',3) + 4*c_dag('down',4)*c_dag('up',4)*c('up',4)*c('down',4) + 4*c_dag('down',5)*c_dag('up',5)*c('up',5)*c('down',5)
Using autopartition algorithm to partition the local Hilbert space


[Rank 0] Collect results: Waiting for all mpi-threads to finish accumulating...
[Rank 0] Timings for all measures:
Measure               | seconds   
Auto-correlation time | 0.00112381
Average order         | 0.000556777
Average sign          | 0.000499041
G_tau measure         | 0.00676093
Total measure time    | 0.00894056
[Rank 0] Acceptance rate for all moves:
Move set Insert two operators: 4.99978e-06
  Move  Insert Delta_up: 0
  Move  Insert Delta_down: 9.9962e-06
Move set Remove two operators: 0
  Move  Remove Delta_up: 0
  Move  Remove Delta_down: 0
Move set Insert four operators: 0
  Move  Insert Delta_up_up: 0
  Move  Insert Delta_up_down: 0
  Move  Insert Delta_down_up: 0
  Move  Insert Delta_down_down: 0
Move set Remove four operators: 0
  Move  Remove Delta_up_up: 0
  Move  Remove Delta_up_down: 0
  Move  Remove Delta_down_up: 0
  Move  Remove Delta_down_down: 0
Move  Shift one operator: 4.98975e-06
[Rank 0] Warmup lasted: 0.12666 seconds [00:00:00]
[Rank 0] Simulation lasted: 0.739597 seconds [00:00:00]
[Rank 0] Number of measures: 20000
Total number of measures: 20000
Average sign: -0.2099
Average order: 0.60495
Auto-correlation time: 535.246

╔╦╗╦═╗╦╔═╗ ╔═╗  ┌─┐┌┬┐┬ ┬┬ ┬┌┐ 
 ║ ╠╦╝║║═╬╗╚═╗  │   │ ├─┤└┬┘├┴┐
 ╩ ╩╚═╩╚═╝╚╚═╝  └─┘ ┴ ┴ ┴ ┴ └─┘

Warning! Delta_tau diagonal term has max imaginary part: 1.13249e-06Disregarding imaginary part 
Warning! Delta_tau diagonal term has max imaginary part: 1.19209e-06Disregarding imaginary part 
Warning! Delta_tau diagonal term has max imaginary part: 1.07288e-06Disregarding imaginary part 
Warning! Delta_tau diagonal term has max imaginary part: 1.07288e-06Disregarding imaginary part 
Warning! Delta_tau diagonal term has max imaginary part: 1.19209e-06Disregarding imaginary part 
Warning! Delta_tau diagonal term has max imaginary part: 1.2517e-06Disregarding imaginary part 
Warning! Delta_tau diagonal term has max imaginary part: 9.53674e-07Disregarding imaginary part 
Warning! Delta_tau diagonal term has max imaginary part: 1.19209e-06Disregarding imaginary part 
Warning! Delta_tau diagonal term has max imaginary part: 1.13249e-06Disregarding imaginary part 
Warning! Delta_tau diagonal term has max imaginary part: 1.01328e-06Disregarding imaginary part 
Warning! Delta_tau diagonal term has max imaginary part: 1.13249e-06Disregarding imaginary part 
Warning! Delta_tau diagonal term has max imaginary part: 1.05798e-06Disregarding imaginary part 
The local Hamiltonian of the problem:
3.34269*c_dag('down',0)*c('down',5) + -9.08878*c_dag('down',0)*c('down',4) + -32.2345*c_dag('down',0)*c('down',3) + 16.7775*c_dag('down',0)*c('down',2) + 8.47353*c_dag('down',0)*c('down',1) + -13489.7*c_dag('down',0)*c('down',0) + 6.24428*c_dag('down',1)*c('down',5) + -2.63636*c_dag('down',1)*c('down',4) + 6.99653*c_dag('down',1)*c('down',3) + -4.61176*c_dag('down',1)*c('down',2) + -22036.9*c_dag('down',1)*c('down',1) + 8.47353*c_dag('down',1)*c('down',0) + -8.9367*c_dag('down',2)*c('down',5) + -8.02361*c_dag('down',2)*c('down',4) + -0.496478*c_dag('down',2)*c('down',3) + -22167.4*c_dag('down',2)*c('down',2) + -4.61176*c_dag('down',2)*c('down',1) + 16.7775*c_dag('down',2)*c('down',0) + 3.51577*c_dag('down',3)*c('down',5) + -9.39206*c_dag('down',3)*c('down',4) + -22163.1*c_dag('down',3)*c('down',3) + -0.496478*c_dag('down',3)*c('down',2) + 6.99653*c_dag('down',3)*c('down',1) + -32.2345*c_dag('down',3)*c('down',0) + -0.489128*c_dag('down',4)*c('down',5) + -22030.4*c_dag('down',4)*c('down',4) + -9.39206*c_dag('down',4)*c('down',3) + -8.02361*c_dag('down',4)*c('down',2) + -2.63636*c_dag('down',4)*c('down',1) + -9.08878*c_dag('down',4)*c('down',0) + -22169.1*c_dag('down',5)*c('down',5) + -0.489128*c_dag('down',5)*c('down',4) + 3.51577*c_dag('down',5)*c('down',3) + -8.9367*c_dag('down',5)*c('down',2) + 6.24428*c_dag('down',5)*c('down',1) + 3.34269*c_dag('down',5)*c('down',0) + 19.1934*c_dag('up',0)*c('up',5) + -10.6934*c_dag('up',0)*c('up',4) + -36.8335*c_dag('up',0)*c('up',3) + 26.4368*c_dag('up',0)*c('up',2) + 15.0614*c_dag('up',0)*c('up',1) + -13586.1*c_dag('up',0)*c('up',0) + 7.50881*c_dag('up',1)*c('up',5) + -2.654*c_dag('up',1)*c('up',4) + 4.71606*c_dag('up',1)*c('up',3) + -3.39894*c_dag('up',1)*c('up',2) + -22036.1*c_dag('up',1)*c('up',1) + 15.0614*c_dag('up',1)*c('up',0) + -6.14581*c_dag('up',2)*c('up',5) + -8.33949*c_dag('up',2)*c('up',4) + -3.69645*c_dag('up',2)*c('up',3) + -22164.8*c_dag('up',2)*c('up',2) + -3.39894*c_dag('up',2)*c('up',1) + 26.4368*c_dag('up',2)*c('up',0) + -0.392026*c_dag('up',3)*c('up',5) + -9.15928*c_dag('up',3)*c('up',4) + -22160.6*c_dag('up',3)*c('up',3) + -3.69645*c_dag('up',3)*c('up',2) + 4.71606*c_dag('up',3)*c('up',1) + -36.8335*c_dag('up',3)*c('up',0) + -0.773789*c_dag('up',4)*c('up',5) + -22029.9*c_dag('up',4)*c('up',4) + -9.15928*c_dag('up',4)*c('up',3) + -8.33949*c_dag('up',4)*c('up',2) + -2.654*c_dag('up',4)*c('up',1) + -10.6934*c_dag('up',4)*c('up',0) + -22166.2*c_dag('up',5)*c('up',5) + -0.773789*c_dag('up',5)*c('up',4) + -0.392026*c_dag('up',5)*c('up',3) + -6.14581*c_dag('up',5)*c('up',2) + 7.50881*c_dag('up',5)*c('up',1) + 19.1934*c_dag('up',5)*c('up',0) + 4*c_dag('down',0)*c_dag('up',0)*c('up',0)*c('down',0) + 4*c_dag('down',1)*c_dag('up',1)*c('up',1)*c('down',1) + 4*c_dag('down',2)*c_dag('up',2)*c('up',2)*c('down',2) + 4*c_dag('down',3)*c_dag('up',3)*c('up',3)*c('down',3) + 4*c_dag('down',4)*c_dag('up',4)*c('up',4)*c('down',4) + 4*c_dag('down',5)*c_dag('up',5)*c('up',5)*c('down',5)
Using autopartition algorithm to partition the local Hilbert space

╔╦╗╦═╗╦╔═╗ ╔═╗  ┌─┐┌┬┐┬ ┬┬ ┬┌┐ 
 ║ ╠╦╝║║═╬╗╚═╗  │   │ ├─┤└┬┘├┴┐
 ╩ ╩╚═╩╚═╝╚╚═╝  └─┘ ┴ ┴ ┴ ┴ └─┘

Warning! Delta_tau diagonal term has max imaginary part: 1.13249e-06Disregarding imaginary part 
Warning! Delta_tau diagonal term has max imaginary part: 1.19209e-06Disregarding imaginary part 
Warning! Delta_tau diagonal term has max imaginary part: 1.07288e-06Disregarding imaginary part 
Warning! Delta_tau diagonal term has max imaginary part: 1.07288e-06Disregarding imaginary part 
Warning! Delta_tau diagonal term has max imaginary part: 1.19209e-06Disregarding imaginary part 
Warning! Delta_tau diagonal term has max imaginary part: 1.2517e-06Disregarding imaginary part 
Warning! Delta_tau diagonal term has max imaginary part: 9.53674e-07Disregarding imaginary part 
Warning! Delta_tau diagonal term has max imaginary part: 1.19209e-06Disregarding imaginary part 
Warning! Delta_tau diagonal term has max imaginary part: 1.13249e-06Disregarding imaginary part 
Warning! Delta_tau diagonal term has max imaginary part: 1.01328e-06Disregarding imaginary part 
Warning! Delta_tau diagonal term has max imaginary part: 1.13249e-06Disregarding imaginary part 
Warning! Delta_tau diagonal term has max imaginary part: 1.05798e-06Disregarding imaginary part 
The local Hamiltonian of the problem:
3.34269*c_dag('down',0)*c('down',5) + -9.08878*c_dag('down',0)*c('down',4) + -32.2345*c_dag('down',0)*c('down',3) + 16.7775*c_dag('down',0)*c('down',2) + 8.47353*c_dag('down',0)*c('down',1) + -13489.7*c_dag('down',0)*c('down',0) + 6.24428*c_dag('down',1)*c('down',5) + -2.63636*c_dag('down',1)*c('down',4) + 6.99653*c_dag('down',1)*c('down',3) + -4.61176*c_dag('down',1)*c('down',2) + -22036.9*c_dag('down',1)*c('down',1) + 8.47353*c_dag('down',1)*c('down',0) + -8.9367*c_dag('down',2)*c('down',5) + -8.02361*c_dag('down',2)*c('down',4) + -0.496478*c_dag('down',2)*c('down',3) + -22167.4*c_dag('down',2)*c('down',2) + -4.61176*c_dag('down',2)*c('down',1) + 16.7775*c_dag('down',2)*c('down',0) + 3.51577*c_dag('down',3)*c('down',5) + -9.39206*c_dag('down',3)*c('down',4) + -22163.1*c_dag('down',3)*c('down',3) + -0.496478*c_dag('down',3)*c('down',2) + 6.99653*c_dag('down',3)*c('down',1) + -32.2345*c_dag('down',3)*c('down',0) + -0.489128*c_dag('down',4)*c('down',5) + -22030.4*c_dag('down',4)*c('down',4) + -9.39206*c_dag('down',4)*c('down',3) + -8.02361*c_dag('down',4)*c('down',2) + -2.63636*c_dag('down',4)*c('down',1) + -9.08878*c_dag('down',4)*c('down',0) + -22169.1*c_dag('down',5)*c('down',5) + -0.489128*c_dag('down',5)*c('down',4) + 3.51577*c_dag('down',5)*c('down',3) + -8.9367*c_dag('down',5)*c('down',2) + 6.24428*c_dag('down',5)*c('down',1) + 3.34269*c_dag('down',5)*c('down',0) + 19.1934*c_dag('up',0)*c('up',5) + -10.6934*c_dag('up',0)*c('up',4) + -36.8335*c_dag('up',0)*c('up',3) + 26.4368*c_dag('up',0)*c('up',2) + 15.0614*c_dag('up',0)*c('up',1) + -13586.1*c_dag('up',0)*c('up',0) + 7.50881*c_dag('up',1)*c('up',5) + -2.654*c_dag('up',1)*c('up',4) + 4.71606*c_dag('up',1)*c('up',3) + -3.39894*c_dag('up',1)*c('up',2) + -22036.1*c_dag('up',1)*c('up',1) + 15.0614*c_dag('up',1)*c('up',0) + -6.14581*c_dag('up',2)*c('up',5) + -8.33949*c_dag('up',2)*c('up',4) + -3.69645*c_dag('up',2)*c('up',3) + -22164.8*c_dag('up',2)*c('up',2) + -3.39894*c_dag('up',2)*c('up',1) + 26.4368*c_dag('up',2)*c('up',0) + -0.392026*c_dag('up',3)*c('up',5) + -9.15928*c_dag('up',3)*c('up',4) + -22160.6*c_dag('up',3)*c('up',3) + -3.69645*c_dag('up',3)*c('up',2) + 4.71606*c_dag('up',3)*c('up',1) + -36.8335*c_dag('up',3)*c('up',0) + -0.773789*c_dag('up',4)*c('up',5) + -22029.9*c_dag('up',4)*c('up',4) + -9.15928*c_dag('up',4)*c('up',3) + -8.33949*c_dag('up',4)*c('up',2) + -2.654*c_dag('up',4)*c('up',1) + -10.6934*c_dag('up',4)*c('up',0) + -22166.2*c_dag('up',5)*c('up',5) + -0.773789*c_dag('up',5)*c('up',4) + -0.392026*c_dag('up',5)*c('up',3) + -6.14581*c_dag('up',5)*c('up',2) + 7.50881*c_dag('up',5)*c('up',1) + 19.1934*c_dag('up',5)*c('up',0) + 4*c_dag('down',0)*c_dag('up',0)*c('up',0)*c('down',0) + 4*c_dag('down',1)*c_dag('up',1)*c('up',1)*c('down',1) + 4*c_dag('down',2)*c_dag('up',2)*c('up',2)*c('down',2) + 4*c_dag('down',3)*c_dag('up',3)*c('up',3)*c('down',3) + 4*c_dag('down',4)*c_dag('up',4)*c('up',4)*c('down',4) + 4*c_dag('down',5)*c_dag('up',5)*c('up',5)*c('down',5)
Using autopartition algorithm to partition the local Hilbert space


[Rank 0] Collect results: Waiting for all mpi-threads to finish accumulating...


[Rank 0] Timings for all measures:
Measure               | seconds   
Auto-correlation time | 0.00122487
Average order         | 0.000578391
Average sign          | 0.000529372
G_tau measure         | 0.00676244
Total measure time    | 0.00909508
[Rank 0] Acceptance rate for all moves:
Move set Insert two operators: 4.99978e-06
  Move  Insert Delta_up: 0
  Move  Insert Delta_down: 9.9962e-06
Move set Remove two operators: 0
  Move  Remove Delta_up: 0
  Move  Remove Delta_down: 0
Move set Insert four operators: 0
  Move  Insert Delta_up_up: 0
  Move  Insert Delta_up_down: 0
  Move  Insert Delta_down_up: 0
  Move  Insert Delta_down_down: 0
Move set Remove four operators: 0
  Move  Remove Delta_up_up: 0
  Move  Remove Delta_up_down: 0
  Move  Remove Delta_down_up: 0
  Move  Remove Delta_down_down: 0
Move  Shift one operator: 4.98975e-06
[Rank 0] Warmup lasted: 0.126827 seconds [00:00:00]
[Rank 0] Simulation lasted: 0.736557 seconds [00:00:00]
[Rank 0] Number of measures: 20000
Total number of measures: 20000
Average sign: -0.2099
Average order: 0.60495
Auto-correlation time: 535.246
[Rank 0] Collect results: Waiting for all mpi-threads to finish accumulating...
[Rank 0] Timings for all measures:
Measure               | seconds   
Auto-correlation time | 0.001161  
Average order         | 0.000560515
Average sign          | 0.000532251
G_tau measure         | 0.00685191
Total measure time    | 0.00910568
[Rank 0] Acceptance rate for all moves:
Move set Insert two operators: 4.99978e-06
  Move  Insert Delta_up: 0
  Move  Insert Delta_down: 9.9962e-06
Move set Remove two operators: 0
  Move  Remove Delta_up: 0
  Move  Remove Delta_down: 0
Move set Insert four operators: 0
  Move  Insert Delta_up_up: 0
  Move  Insert Delta_up_down: 0
  Move  Insert Delta_down_up: 0
  Move  Insert Delta_down_down: 0
Move set Remove four operators: 0
  Move  Remove Delta_up_up: 0
  Move  Remove Delta_up_down: 0
  Move  Remove Delta_down_up: 0
  Move  Remove Delta_down_down: 0
Move  Shift one operator: 4.98975e-06
[Rank 0] Warmup lasted: 0.126281 seconds [00:00:00]
[Rank 0] Simulation lasted: 0.735063 seconds [00:00:00]
[Rank 0] Number of measures: 20000
Total number of measures: 20000
Average sign: -0.2099
Average order: 0.60495
Auto-correlation time: 535.246

╔╦╗╦═╗╦╔═╗ ╔═╗  ┌─┐┌┬┐┬ ┬┬ ┬┌┐ 
 ║ ╠╦╝║║═╬╗╚═╗  │   │ ├─┤└┬┘├┴┐
 ╩ ╩╚═╩╚═╝╚╚═╝  └─┘ ┴ ┴ ┴ ┴ └─┘


╔╦╗╦═╗╦╔═╗ ╔═╗  ┌─┐┌┬┐┬ ┬┬ ┬┌┐ 
 ║ ╠╦╝║║═╬╗╚═╗  │   │ ├─┤└┬┘├┴┐
 ╩ ╩╚═╩╚═╝╚╚═╝  └─┘ ┴ ┴ ┴ ┴ └─┘

Warning! Delta_tau diagonal term has max imaginary part: 1.13249e-06Disregarding imaginary part 
Warning! Delta_tau diagonal term has max imaginary part: 1.19209e-06Disregarding imaginary part 
Warning! Delta_tau diagonal term has max imaginary part: 1.07288e-06Disregarding imaginary part 
Warning! Delta_tau diagonal term has max imaginary part: 1.07288e-06Disregarding imaginary part 
Warning! Delta_tau diagonal term has max imaginary part: 1.19209e-06Disregarding imaginary part 
Warning! Delta_tau diagonal term has max imaginary part: 1.2517e-06Disregarding imaginary part 
Warning! Delta_tau diagonal term has max imaginary part: 9.53674e-07Disregarding imaginary part 
Warning! Delta_tau diagonal term has max imaginary part: 1.19209e-06Disregarding imaginary part 
Warning! Delta_tau diagonal term has max imaginary part: 1.13249e-06Disregarding imaginary part 
Warning! Delta_tau diagonal term has max imaginary part: 1.01328e-06Disregarding imaginary part 
Warning! Delta_tau diagonal term has max imaginary part: 1.13249e-06Disregarding imaginary part 
Warning! Delta_tau diagonal term has max imaginary part: 1.05798e-06Disregarding imaginary part 
The local Hamiltonian of the problem:
3.34269*c_dag('down',0)*c('down',5) + -9.08878*c_dag('down',0)*c('down',4) + -32.2345*c_dag('down',0)*c('down',3) + 16.7775*c_dag('down',0)*c('down',2) + 8.47353*c_dag('down',0)*c('down',1) + -13489.7*c_dag('down',0)*c('down',0) + 6.24428*c_dag('down',1)*c('down',5) + -2.63636*c_dag('down',1)*c('down',4) + 6.99653*c_dag('down',1)*c('down',3) + -4.61176*c_dag('down',1)*c('down',2) + -22036.9*c_dag('down',1)*c('down',1) + 8.47353*c_dag('down',1)*c('down',0) + -8.9367*c_dag('down',2)*c('down',5) + -8.02361*c_dag('down',2)*c('down',4) + -0.496478*c_dag('down',2)*c('down',3) + -22167.4*c_dag('down',2)*c('down',2) + -4.61176*c_dag('down',2)*c('down',1) + 16.7775*c_dag('down',2)*c('down',0) + 3.51577*c_dag('down',3)*c('down',5) + -9.39206*c_dag('down',3)*c('down',4) + -22163.1*c_dag('down',3)*c('down',3) + -0.496478*c_dag('down',3)*c('down',2) + 6.99653*c_dag('down',3)*c('down',1) + -32.2345*c_dag('down',3)*c('down',0) + -0.489128*c_dag('down',4)*c('down',5) + -22030.4*c_dag('down',4)*c('down',4) + -9.39206*c_dag('down',4)*c('down',3) + -8.02361*c_dag('down',4)*c('down',2) + -2.63636*c_dag('down',4)*c('down',1) + -9.08878*c_dag('down',4)*c('down',0) + -22169.1*c_dag('down',5)*c('down',5) + -0.489128*c_dag('down',5)*c('down',4) + 3.51577*c_dag('down',5)*c('down',3) + -8.9367*c_dag('down',5)*c('down',2) + 6.24428*c_dag('down',5)*c('down',1) + 3.34269*c_dag('down',5)*c('down',0) + 19.1934*c_dag('up',0)*c('up',5) + -10.6934*c_dag('up',0)*c('up',4) + -36.8335*c_dag('up',0)*c('up',3) + 26.4368*c_dag('up',0)*c('up',2) + 15.0614*c_dag('up',0)*c('up',1) + -13586.1*c_dag('up',0)*c('up',0) + 7.50881*c_dag('up',1)*c('up',5) + -2.654*c_dag('up',1)*c('up',4) + 4.71606*c_dag('up',1)*c('up',3) + -3.39894*c_dag('up',1)*c('up',2) + -22036.1*c_dag('up',1)*c('up',1) + 15.0614*c_dag('up',1)*c('up',0) + -6.14581*c_dag('up',2)*c('up',5) + -8.33949*c_dag('up',2)*c('up',4) + -3.69645*c_dag('up',2)*c('up',3) + -22164.8*c_dag('up',2)*c('up',2) + -3.39894*c_dag('up',2)*c('up',1) + 26.4368*c_dag('up',2)*c('up',0) + -0.392026*c_dag('up',3)*c('up',5) + -9.15928*c_dag('up',3)*c('up',4) + -22160.6*c_dag('up',3)*c('up',3) + -3.69645*c_dag('up',3)*c('up',2) + 4.71606*c_dag('up',3)*c('up',1) + -36.8335*c_dag('up',3)*c('up',0) + -0.773789*c_dag('up',4)*c('up',5) + -22029.9*c_dag('up',4)*c('up',4) + -9.15928*c_dag('up',4)*c('up',3) + -8.33949*c_dag('up',4)*c('up',2) + -2.654*c_dag('up',4)*c('up',1) + -10.6934*c_dag('up',4)*c('up',0) + -22166.2*c_dag('up',5)*c('up',5) + -0.773789*c_dag('up',5)*c('up',4) + -0.392026*c_dag('up',5)*c('up',3) + -6.14581*c_dag('up',5)*c('up',2) + 7.50881*c_dag('up',5)*c('up',1) + 19.1934*c_dag('up',5)*c('up',0) + 4*c_dag('down',0)*c_dag('up',0)*c('up',0)*c('down',0) + 4*c_dag('down',1)*c_dag('up',1)*c('up',1)*c('down',1) + 4*c_dag('down',2)*c_dag('up',2)*c('up',2)*c('down',2) + 4*c_dag('down',3)*c_dag('up',3)*c('up',3)*c('down',3) + 4*c_dag('down',4)*c_dag('up',4)*c('up',4)*c('down',4) + 4*c_dag('down',5)*c_dag('up',5)*c('up',5)*c('down',5)
Using autopartition algorithm to partition the local Hilbert space
Warning! Delta_tau diagonal term has max imaginary part: 1.13249e-06Disregarding imaginary part 
Warning! Delta_tau diagonal term has max imaginary part: 1.19209e-06Disregarding imaginary part 
Warning! Delta_tau diagonal term has max imaginary part: 1.07288e-06Disregarding imaginary part 
Warning! Delta_tau diagonal term has max imaginary part: 1.07288e-06Disregarding imaginary part 
Warning! Delta_tau diagonal term has max imaginary part: 1.19209e-06Disregarding imaginary part 
Warning! Delta_tau diagonal term has max imaginary part: 1.2517e-06Disregarding imaginary part 
Warning! Delta_tau diagonal term has max imaginary part: 9.53674e-07Disregarding imaginary part 
Warning! Delta_tau diagonal term has max imaginary part: 1.19209e-06Disregarding imaginary part 
Warning! Delta_tau diagonal term has max imaginary part: 1.13249e-06Disregarding imaginary part 
Warning! Delta_tau diagonal term has max imaginary part: 1.01328e-06Disregarding imaginary part 
Warning! Delta_tau diagonal term has max imaginary part: 1.13249e-06Disregarding imaginary part 
Warning! Delta_tau diagonal term has max imaginary part: 1.05798e-06Disregarding imaginary part 
The local Hamiltonian of the problem:
3.34269*c_dag('down',0)*c('down',5) + -9.08878*c_dag('down',0)*c('down',4) + -32.2345*c_dag('down',0)*c('down',3) + 16.7775*c_dag('down',0)*c('down',2) + 8.47353*c_dag('down',0)*c('down',1) + -13489.7*c_dag('down',0)*c('down',0) + 6.24428*c_dag('down',1)*c('down',5) + -2.63636*c_dag('down',1)*c('down',4) + 6.99653*c_dag('down',1)*c('down',3) + -4.61176*c_dag('down',1)*c('down',2) + -22036.9*c_dag('down',1)*c('down',1) + 8.47353*c_dag('down',1)*c('down',0) + -8.9367*c_dag('down',2)*c('down',5) + -8.02361*c_dag('down',2)*c('down',4) + -0.496478*c_dag('down',2)*c('down',3) + -22167.4*c_dag('down',2)*c('down',2) + -4.61176*c_dag('down',2)*c('down',1) + 16.7775*c_dag('down',2)*c('down',0) + 3.51577*c_dag('down',3)*c('down',5) + -9.39206*c_dag('down',3)*c('down',4) + -22163.1*c_dag('down',3)*c('down',3) + -0.496478*c_dag('down',3)*c('down',2) + 6.99653*c_dag('down',3)*c('down',1) + -32.2345*c_dag('down',3)*c('down',0) + -0.489128*c_dag('down',4)*c('down',5) + -22030.4*c_dag('down',4)*c('down',4) + -9.39206*c_dag('down',4)*c('down',3) + -8.02361*c_dag('down',4)*c('down',2) + -2.63636*c_dag('down',4)*c('down',1) + -9.08878*c_dag('down',4)*c('down',0) + -22169.1*c_dag('down',5)*c('down',5) + -0.489128*c_dag('down',5)*c('down',4) + 3.51577*c_dag('down',5)*c('down',3) + -8.9367*c_dag('down',5)*c('down',2) + 6.24428*c_dag('down',5)*c('down',1) + 3.34269*c_dag('down',5)*c('down',0) + 19.1934*c_dag('up',0)*c('up',5) + -10.6934*c_dag('up',0)*c('up',4) + -36.8335*c_dag('up',0)*c('up',3) + 26.4368*c_dag('up',0)*c('up',2) + 15.0614*c_dag('up',0)*c('up',1) + -13586.1*c_dag('up',0)*c('up',0) + 7.50881*c_dag('up',1)*c('up',5) + -2.654*c_dag('up',1)*c('up',4) + 4.71606*c_dag('up',1)*c('up',3) + -3.39894*c_dag('up',1)*c('up',2) + -22036.1*c_dag('up',1)*c('up',1) + 15.0614*c_dag('up',1)*c('up',0) + -6.14581*c_dag('up',2)*c('up',5) + -8.33949*c_dag('up',2)*c('up',4) + -3.69645*c_dag('up',2)*c('up',3) + -22164.8*c_dag('up',2)*c('up',2) + -3.39894*c_dag('up',2)*c('up',1) + 26.4368*c_dag('up',2)*c('up',0) + -0.392026*c_dag('up',3)*c('up',5) + -9.15928*c_dag('up',3)*c('up',4) + -22160.6*c_dag('up',3)*c('up',3) + -3.69645*c_dag('up',3)*c('up',2) + 4.71606*c_dag('up',3)*c('up',1) + -36.8335*c_dag('up',3)*c('up',0) + -0.773789*c_dag('up',4)*c('up',5) + -22029.9*c_dag('up',4)*c('up',4) + -9.15928*c_dag('up',4)*c('up',3) + -8.33949*c_dag('up',4)*c('up',2) + -2.654*c_dag('up',4)*c('up',1) + -10.6934*c_dag('up',4)*c('up',0) + -22166.2*c_dag('up',5)*c('up',5) + -0.773789*c_dag('up',5)*c('up',4) + -0.392026*c_dag('up',5)*c('up',3) + -6.14581*c_dag('up',5)*c('up',2) + 7.50881*c_dag('up',5)*c('up',1) + 19.1934*c_dag('up',5)*c('up',0) + 4*c_dag('down',0)*c_dag('up',0)*c('up',0)*c('down',0) + 4*c_dag('down',1)*c_dag('up',1)*c('up',1)*c('down',1) + 4*c_dag('down',2)*c_dag('up',2)*c('up',2)*c('down',2) + 4*c_dag('down',3)*c_dag('up',3)*c('up',3)*c('down',3) + 4*c_dag('down',4)*c_dag('up',4)*c('up',4)*c('down',4) + 4*c_dag('down',5)*c_dag('up',5)*c('up',5)*c('down',5)
Using autopartition algorithm to partition the local Hilbert space
Found 49 subspaces.

Warming up ...
Found 49 subspaces.

Warming up ...
18:26:28  78% ETA 00:00:00 cycle 3919 of 5000
Found 49 subspaces.

Warming up ...



Accumulating ...
Found 49 subspaces.

Warming up ...
18:26:28  78% ETA 00:00:00 cycle 3906 of 5000



Accumulating ...
Found 49 subspaces.

Warming up ...
Found 49 subspaces.
18:26:28  78% ETA 00:00:00 cycle 3926 of 5000

Warming up ...
18:26:28  19% ETA 00:00:00 cycle 3904 of 20000



Accumulating ...
18:26:28  78% ETA 00:00:00 cycle 3908 of 5000



Accumulating ...
Found 49 subspaces.
18:26:28  19% ETA 00:00:00 cycle 3874 of 20000

Warming up ...
18:26:28  78% ETA 00:00:00 cycle 3919 of 5000
18:26:28  78% ETA 00:00:00 cycle 3931 of 5000
Found 49 subspaces.
Found 49 subspaces.



Accumulating ...

Warming up ...
Found 49 subspaces.

Warming up ...
Found 49 subspaces.
18:26:28  19% ETA 00:00:00 cycle 3919 of 20000



Accumulating ...

Warming up ...

Warming up ...
18:26:28  19% ETA 00:00:00 cycle 3890 of 20000
18:26:28  79% ETA 00:00:00 cycle 3976 of 5000



Accumulating ...
Found 49 subspaces.
18:26:28  19% ETA 00:00:00 cycle 3972 of 20000

Warming up ...
18:26:28  78% ETA 00:00:00 cycle 3924 of 5000
18:26:28  78% ETA 00:00:00 cycle 3913 of 5000
18:26:28  19% ETA 00:00:00 cycle 3987 of 20000
18:26:28  78% ETA 00:00:00 cycle 3919 of 5000
Found 49 subspaces.
18:26:28  78% ETA 00:00:00 cycle 3930 of 5000

Warming up ...



Accumulating ...



Accumulating ...



Accumulating ...



Accumulating ...
18:26:28  19% ETA 00:00:00 cycle 3938 of 20000
18:26:28  79% ETA 00:00:00 cycle 3957 of 5000
Found 49 subspaces.

Warming up ...



Accumulating ...
18:26:28  79% ETA 00:00:00 cycle 3979 of 5000
18:26:28  19% ETA 00:00:00 cycle 3922 of 20000
18:26:28  19% ETA 00:00:00 cycle 3915 of 20000
18:26:28  19% ETA 00:00:00 cycle 3926 of 20000
18:26:28  19% ETA 00:00:00 cycle 3910 of 20000



Accumulating ...
18:26:28  78% ETA 00:00:00 cycle 3942 of 5000
18:26:28  19% ETA 00:00:00 cycle 3928 of 20000



Accumulating ...
18:26:28  20% ETA 00:00:00 cycle 4031 of 20000
Found 49 subspaces.

Warming up ...
Found 49 subspaces.
18:26:28  19% ETA 00:00:00 cycle 3895 of 20000

Warming up ...
18:26:28  78% ETA 00:00:00 cycle 3914 of 5000


[Rank 0] Collect results: Waiting for all mpi-threads to finish accumulating...
[Rank 0] Timings for all measures:
Measure               | seconds   
Auto-correlation time | 0.00113955
Average order         | 0.000571435
Average sign          | 0.000568793
G_tau measure         | 0.00628095
Total measure time    | 0.00856073
[Rank 0] Acceptance rate for all moves:
Move set Insert two operators: 4.99978e-06
  Move  Insert Delta_up: 0
  Move  Insert Delta_down: 9.9962e-06
Move set Remove two operators: 0
  Move  Remove Delta_up: 0
  Move  Remove Delta_down: 0
Move set Insert four operators: 0
  Move  Insert Delta_up_up: 0
  Move  Insert Delta_up_down: 0
  Move  Insert Delta_down_up: 0
  Move  Insert Delta_down_down: 0
Move set Remove four operators: 0
  Move  Remove Delta_up_up: 0
  Move  Remove Delta_up_down: 0
  Move  Remove Delta_down_up: 0
  Move  Remove Delta_down_down: 0
Move  Shift one operator: 4.98975e-06
[Rank 0] Warmup lasted: 0.127573 seconds [00:00:00]
[Rank 0] Simulation lasted: 0.736895 seconds [00:00:00]
[Rank 0] Number of measures: 20000
Total number of measures: 20000
Average sign: -0.2099
Average order: 0.60495
Auto-correlation time: 535.246
18:26:28  79% ETA 00:00:00 cycle 3984 of 5000



Accumulating ...



Accumulating ...


[Rank 0] Collect results: Waiting for all mpi-threads to finish accumulating...
[Rank 0] Timings for all measures:
Measure               | seconds   
Auto-correlation time | 0.0011684 
Average order         | 0.000590494
Average sign          | 0.000561277
G_tau measure         | 0.00658411
Total measure time    | 0.00890428
[Rank 0] Acceptance rate for all moves:
Move set Insert two operators: 4.99978e-06
  Move  Insert Delta_up: 0
  Move  Insert Delta_down: 9.9962e-06
Move set Remove two operators: 0
  Move  Remove Delta_up: 0
  Move  Remove Delta_down: 0
Move set Insert four operators: 0
  Move  Insert Delta_up_up: 0
  Move  Insert Delta_up_down: 0
  Move  Insert Delta_down_up: 0
  Move  Insert Delta_down_down: 0
Move set Remove four operators: 0
  Move  Remove Delta_up_up: 0
  Move  Remove Delta_up_down: 0
  Move  Remove Delta_down_up: 0
  Move  Remove Delta_down_down: 0
Move  Shift one operator: 4.98975e-06
[Rank 0] Warmup lasted: 0.128108 seconds [00:00:00]
[Rank 0] Simulation lasted: 0.731049 seconds [00:00:00]
[Rank 0] Number of measures: 20000
Total number of measures: 20000
Average sign: -0.2099
Average order: 0.60495
Auto-correlation time: 535.246

╔╦╗╦═╗╦╔═╗ ╔═╗  ┌─┐┌┬┐┬ ┬┬ ┬┌┐ 
 ║ ╠╦╝║║═╬╗╚═╗  │   │ ├─┤└┬┘├┴┐
 ╩ ╩╚═╩╚═╝╚╚═╝  └─┘ ┴ ┴ ┴ ┴ └─┘



[Rank 0] Collect results: Waiting for all mpi-threads to finish accumulating...
[Rank 0] Timings for all measures:
Measure               | seconds   
Auto-correlation time | 0.0011327 
Average order         | 0.000561357
Average sign          | 0.000432243
G_tau measure         | 0.00667072
Total measure time    | 0.00879703
[Rank 0] Acceptance rate for all moves:
Move set Insert two operators: 4.99978e-06
  Move  Insert Delta_up: 0
  Move  Insert Delta_down: 9.9962e-06
Move set Remove two operators: 0
  Move  Remove Delta_up: 0
  Move  Remove Delta_down: 0
Move set Insert four operators: 0
  Move  Insert Delta_up_up: 0
  Move  Insert Delta_up_down: 0
  Move  Insert Delta_down_up: 0
  Move  Insert Delta_down_down: 0
Move set Remove four operators: 0
  Move  Remove Delta_up_up: 0
  Move  Remove Delta_up_down: 0
  Move  Remove Delta_down_up: 0
  Move  Remove Delta_down_down: 0
Move  Shift one operator: 4.98975e-06
[Rank 0] Warmup lasted: 0.127644 seconds [00:00:00]
[Rank 0] Simulation lasted: 0.726391 seconds [00:00:00]
[Rank 0] Number of measures: 20000
Total number of measures: 20000
Average sign: -0.2099
Average order: 0.60495
Auto-correlation time: 535.246
Warning! Delta_tau diagonal term has max imaginary part: 1.13249e-06Disregarding imaginary part 
Warning! Delta_tau diagonal term has max imaginary part: 1.19209e-06Disregarding imaginary part 
Warning! Delta_tau diagonal term has max imaginary part: 1.07288e-06Disregarding imaginary part 
Warning! Delta_tau diagonal term has max imaginary part: 1.07288e-06Disregarding imaginary part 
Warning! Delta_tau diagonal term has max imaginary part: 1.19209e-06Disregarding imaginary part 
Warning! Delta_tau diagonal term has max imaginary part: 1.2517e-06Disregarding imaginary part 
Warning! Delta_tau diagonal term has max imaginary part: 9.53674e-07Disregarding imaginary part 
Warning! Delta_tau diagonal term has max imaginary part: 1.19209e-06Disregarding imaginary part 
Warning! Delta_tau diagonal term has max imaginary part: 1.13249e-06Disregarding imaginary part 
Warning! Delta_tau diagonal term has max imaginary part: 1.01328e-06Disregarding imaginary part 
Warning! Delta_tau diagonal term has max imaginary part: 1.13249e-06Disregarding imaginary part 
Warning! Delta_tau diagonal term has max imaginary part: 1.05798e-06Disregarding imaginary part 
The local Hamiltonian of the problem:
3.34269*c_dag('down',0)*c('down',5) + -9.08878*c_dag('down',0)*c('down',4) + -32.2345*c_dag('down',0)*c('down',3) + 16.7775*c_dag('down',0)*c('down',2) + 8.47353*c_dag('down',0)*c('down',1) + -13489.7*c_dag('down',0)*c('down',0) + 6.24428*c_dag('down',1)*c('down',5) + -2.63636*c_dag('down',1)*c('down',4) + 6.99653*c_dag('down',1)*c('down',3) + -4.61176*c_dag('down',1)*c('down',2) + -22036.9*c_dag('down',1)*c('down',1) + 8.47353*c_dag('down',1)*c('down',0) + -8.9367*c_dag('down',2)*c('down',5) + -8.02361*c_dag('down',2)*c('down',4) + -0.496478*c_dag('down',2)*c('down',3) + -22167.4*c_dag('down',2)*c('down',2) + -4.61176*c_dag('down',2)*c('down',1) + 16.7775*c_dag('down',2)*c('down',0) + 3.51577*c_dag('down',3)*c('down',5) + -9.39206*c_dag('down',3)*c('down',4) + -22163.1*c_dag('down',3)*c('down',3) + -0.496478*c_dag('down',3)*c('down',2) + 6.99653*c_dag('down',3)*c('down',1) + -32.2345*c_dag('down',3)*c('down',0) + -0.489128*c_dag('down',4)*c('down',5) + -22030.4*c_dag('down',4)*c('down',4) + -9.39206*c_dag('down',4)*c('down',3) + -8.02361*c_dag('down',4)*c('down',2) + -2.63636*c_dag('down',4)*c('down',1) + -9.08878*c_dag('down',4)*c('down',0) + -22169.1*c_dag('down',5)*c('down',5) + -0.489128*c_dag('down',5)*c('down',4) + 3.51577*c_dag('down',5)*c('down',3) + -8.9367*c_dag('down',5)*c('down',2) + 6.24428*c_dag('down',5)*c('down',1) + 3.34269*c_dag('down',5)*c('down',0) + 19.1934*c_dag('up',0)*c('up',5) + -10.6934*c_dag('up',0)*c('up',4) + -36.8335*c_dag('up',0)*c('up',3) + 26.4368*c_dag('up',0)*c('up',2) + 15.0614*c_dag('up',0)*c('up',1) + -13586.1*c_dag('up',0)*c('up',0) + 7.50881*c_dag('up',1)*c('up',5) + -2.654*c_dag('up',1)*c('up',4) + 4.71606*c_dag('up',1)*c('up',3) + -3.39894*c_dag('up',1)*c('up',2) + -22036.1*c_dag('up',1)*c('up',1) + 15.0614*c_dag('up',1)*c('up',0) + -6.14581*c_dag('up',2)*c('up',5) + -8.33949*c_dag('up',2)*c('up',4) + -3.69645*c_dag('up',2)*c('up',3) + -22164.8*c_dag('up',2)*c('up',2) + -3.39894*c_dag('up',2)*c('up',1) + 26.4368*c_dag('up',2)*c('up',0) + -0.392026*c_dag('up',3)*c('up',5) + -9.15928*c_dag('up',3)*c('up',4) + -22160.6*c_dag('up',3)*c('up',3) + -3.69645*c_dag('up',3)*c('up',2) + 4.71606*c_dag('up',3)*c('up',1) + -36.8335*c_dag('up',3)*c('up',0) + -0.773789*c_dag('up',4)*c('up',5) + -22029.9*c_dag('up',4)*c('up',4) + -9.15928*c_dag('up',4)*c('up',3) + -8.33949*c_dag('up',4)*c('up',2) + -2.654*c_dag('up',4)*c('up',1) + -10.6934*c_dag('up',4)*c('up',0) + -22166.2*c_dag('up',5)*c('up',5) + -0.773789*c_dag('up',5)*c('up',4) + -0.392026*c_dag('up',5)*c('up',3) + -6.14581*c_dag('up',5)*c('up',2) + 7.50881*c_dag('up',5)*c('up',1) + 19.1934*c_dag('up',5)*c('up',0) + 4*c_dag('down',0)*c_dag('up',0)*c('up',0)*c('down',0) + 4*c_dag('down',1)*c_dag('up',1)*c('up',1)*c('down',1) + 4*c_dag('down',2)*c_dag('up',2)*c('up',2)*c('down',2) + 4*c_dag('down',3)*c_dag('up',3)*c('up',3)*c('down',3) + 4*c_dag('down',4)*c_dag('up',4)*c('up',4)*c('down',4) + 4*c_dag('down',5)*c_dag('up',5)*c('up',5)*c('down',5)
Using autopartition algorithm to partition the local Hilbert space
18:26:29  19% ETA 00:00:00 cycle 3875 of 20000

╔╦╗╦═╗╦╔═╗ ╔═╗  ┌─┐┌┬┐┬ ┬┬ ┬┌┐ 
 ║ ╠╦╝║║═╬╗╚═╗  │   │ ├─┤└┬┘├┴┐
 ╩ ╩╚═╩╚═╝╚╚═╝  └─┘ ┴ ┴ ┴ ┴ └─┘



[Rank 0] Collect results: Waiting for all mpi-threads to finish accumulating...
18:26:29  19% ETA 00:00:00 cycle 3907 of 20000
[Rank 0] Timings for all measures:
Measure               | seconds   
Auto-correlation time | 0.001203  
Average order         | 0.000599709
Average sign          | 0.000536495
G_tau measure         | 0.00676578
Total measure time    | 0.00910498
[Rank 0] Acceptance rate for all moves:
Move set Insert two operators: 4.99978e-06
  Move  Insert Delta_up: 0
  Move  Insert Delta_down: 9.9962e-06
Move set Remove two operators: 0
  Move  Remove Delta_up: 0
  Move  Remove Delta_down: 0
Move set Insert four operators: 0
  Move  Insert Delta_up_up: 0
  Move  Insert Delta_up_down: 0
  Move  Insert Delta_down_up: 0
  Move  Insert Delta_down_down: 0
Move set Remove four operators: 0
  Move  Remove Delta_up_up: 0
  Move  Remove Delta_up_down: 0
  Move  Remove Delta_down_up: 0
  Move  Remove Delta_down_down: 0
Move  Shift one operator: 4.98975e-06
[Rank 0] Warmup lasted: 0.127783 seconds [00:00:00]
[Rank 0] Simulation lasted: 0.730757 seconds [00:00:00]
[Rank 0] Number of measures: 20000
Total number of measures: 20000
Average sign: -0.2099
Average order: 0.60495
Auto-correlation time: 535.246
Warning! Delta_tau diagonal term has max imaginary part: 1.13249e-06Disregarding imaginary part 
Warning! Delta_tau diagonal term has max imaginary part: 1.19209e-06Disregarding imaginary part 
Warning! Delta_tau diagonal term has max imaginary part: 1.07288e-06Disregarding imaginary part 
Warning! Delta_tau diagonal term has max imaginary part: 1.07288e-06Disregarding imaginary part 
Warning! Delta_tau diagonal term has max imaginary part: 1.19209e-06Disregarding imaginary part 
Warning! Delta_tau diagonal term has max imaginary part: 1.2517e-06Disregarding imaginary part 
Warning! Delta_tau diagonal term has max imaginary part: 9.53674e-07Disregarding imaginary part 
Warning! Delta_tau diagonal term has max imaginary part: 1.19209e-06Disregarding imaginary part 
Warning! Delta_tau diagonal term has max imaginary part: 1.13249e-06Disregarding imaginary part 
Warning! Delta_tau diagonal term has max imaginary part: 1.01328e-06Disregarding imaginary part 
Warning! Delta_tau diagonal term has max imaginary part: 1.13249e-06Disregarding imaginary part 
Warning! Delta_tau diagonal term has max imaginary part: 1.05798e-06Disregarding imaginary part 
The local Hamiltonian of the problem:
3.34269*c_dag('down',0)*c('down',5) + -9.08878*c_dag('down',0)*c('down',4) + -32.2345*c_dag('down',0)*c('down',3) + 16.7775*c_dag('down',0)*c('down',2) + 8.47353*c_dag('down',0)*c('down',1) + -13489.7*c_dag('down',0)*c('down',0) + 6.24428*c_dag('down',1)*c('down',5) + -2.63636*c_dag('down',1)*c('down',4) + 6.99653*c_dag('down',1)*c('down',3) + -4.61176*c_dag('down',1)*c('down',2) + -22036.9*c_dag('down',1)*c('down',1) + 8.47353*c_dag('down',1)*c('down',0) + -8.9367*c_dag('down',2)*c('down',5) + -8.02361*c_dag('down',2)*c('down',4) + -0.496478*c_dag('down',2)*c('down',3) + -22167.4*c_dag('down',2)*c('down',2) + -4.61176*c_dag('down',2)*c('down',1) + 16.7775*c_dag('down',2)*c('down',0) + 3.51577*c_dag('down',3)*c('down',5) + -9.39206*c_dag('down',3)*c('down',4) + -22163.1*c_dag('down',3)*c('down',3) + -0.496478*c_dag('down',3)*c('down',2) + 6.99653*c_dag('down',3)*c('down',1) + -32.2345*c_dag('down',3)*c('down',0) + -0.489128*c_dag('down',4)*c('down',5) + -22030.4*c_dag('down',4)*c('down',4) + -9.39206*c_dag('down',4)*c('down',3) + -8.02361*c_dag('down',4)*c('down',2) + -2.63636*c_dag('down',4)*c('down',1) + -9.08878*c_dag('down',4)*c('down',0) + -22169.1*c_dag('down',5)*c('down',5) + -0.489128*c_dag('down',5)*c('down',4) + 3.51577*c_dag('down',5)*c('down',3) + -8.9367*c_dag('down',5)*c('down',2) + 6.24428*c_dag('down',5)*c('down',1) + 3.34269*c_dag('down',5)*c('down',0) + 19.1934*c_dag('up',0)*c('up',5) + -10.6934*c_dag('up',0)*c('up',4) + -36.8335*c_dag('up',0)*c('up',3) + 26.4368*c_dag('up',0)*c('up',2) + 15.0614*c_dag('up',0)*c('up',1) + -13586.1*c_dag('up',0)*c('up',0) + 7.50881*c_dag('up',1)*c('up',5) + -2.654*c_dag('up',1)*c('up',4) + 4.71606*c_dag('up',1)*c('up',3) + -3.39894*c_dag('up',1)*c('up',2) + -22036.1*c_dag('up',1)*c('up',1) + 15.0614*c_dag('up',1)*c('up',0) + -6.14581*c_dag('up',2)*c('up',5) + -8.33949*c_dag('up',2)*c('up',4) + -3.69645*c_dag('up',2)*c('up',3) + -22164.8*c_dag('up',2)*c('up',2) + -3.39894*c_dag('up',2)*c('up',1) + 26.4368*c_dag('up',2)*c('up',0) + -0.392026*c_dag('up',3)*c('up',5) + -9.15928*c_dag('up',3)*c('up',4) + -22160.6*c_dag('up',3)*c('up',3) + -3.69645*c_dag('up',3)*c('up',2) + 4.71606*c_dag('up',3)*c('up',1) + -36.8335*c_dag('up',3)*c('up',0) + -0.773789*c_dag('up',4)*c('up',5) + -22029.9*c_dag('up',4)*c('up',4) + -9.15928*c_dag('up',4)*c('up',3) + -8.33949*c_dag('up',4)*c('up',2) + -2.654*c_dag('up',4)*c('up',1) + -10.6934*c_dag('up',4)*c('up',0) + -22166.2*c_dag('up',5)*c('up',5) + -0.773789*c_dag('up',5)*c('up',4) + -0.392026*c_dag('up',5)*c('up',3) + -6.14581*c_dag('up',5)*c('up',2) + 7.50881*c_dag('up',5)*c('up',1) + 19.1934*c_dag('up',5)*c('up',0) + 4*c_dag('down',0)*c_dag('up',0)*c('up',0)*c('down',0) + 4*c_dag('down',1)*c_dag('up',1)*c('up',1)*c('down',1) + 4*c_dag('down',2)*c_dag('up',2)*c('up',2)*c('down',2) + 4*c_dag('down',3)*c_dag('up',3)*c('up',3)*c('down',3) + 4*c_dag('down',4)*c_dag('up',4)*c('up',4)*c('down',4) + 4*c_dag('down',5)*c_dag('up',5)*c('up',5)*c('down',5)
Using autopartition algorithm to partition the local Hilbert space

╔╦╗╦═╗╦╔═╗ ╔═╗  ┌─┐┌┬┐┬ ┬┬ ┬┌┐ 
 ║ ╠╦╝║║═╬╗╚═╗  │   │ ├─┤└┬┘├┴┐
 ╩ ╩╚═╩╚═╝╚╚═╝  └─┘ ┴ ┴ ┴ ┴ └─┘



[Rank 0] Collect results: Waiting for all mpi-threads to finish accumulating...
[Rank 0] Timings for all measures:
Measure               | seconds   
Auto-correlation time | 0.00114312
Average order         | 0.000592941
Average sign          | 0.000550051
G_tau measure         | 0.00671148
Total measure time    | 0.00899759
[Rank 0] Acceptance rate for all moves:
Move set Insert two operators: 4.99978e-06
  Move  Insert Delta_up: 0
  Move  Insert Delta_down: 9.9962e-06
Move set Remove two operators: 0
  Move  Remove Delta_up: 0
  Move  Remove Delta_down: 0
Move set Insert four operators: 0
  Move  Insert Delta_up_up: 0
  Move  Insert Delta_up_down: 0
  Move  Insert Delta_down_up: 0
  Move  Insert Delta_down_down: 0
Move set Remove four operators: 0
  Move  Remove Delta_up_up: 0
  Move  Remove Delta_up_down: 0
  Move  Remove Delta_down_up: 0
  Move  Remove Delta_down_down: 0
Move  Shift one operator: 4.98975e-06
[Rank 0] Warmup lasted: 0.12757 seconds [00:00:00]
[Rank 0] Simulation lasted: 0.730364 seconds [00:00:00]
[Rank 0] Number of measures: 20000
Total number of measures: 20000
Average sign: -0.2099
Average order: 0.60495
Auto-correlation time: 535.246


[Rank 0] Collect results: Waiting for all mpi-threads to finish accumulating...
[Rank 0] Timings for all measures:
Measure               | seconds   
Auto-correlation time | 0.0011243 
Average order         | 0.00057664
Average sign          | 0.000436748
G_tau measure         | 0.00700403
Total measure time    | 0.00914171
[Rank 0] Acceptance rate for all moves:
Move set Insert two operators: 4.99978e-06
  Move  Insert Delta_up: 0
  Move  Insert Delta_down: 9.9962e-06
Move set Remove two operators: 0
  Move  Remove Delta_up: 0
  Move  Remove Delta_down: 0
Move set Insert four operators: 0
  Move  Insert Delta_up_up: 0
  Move  Insert Delta_up_down: 0
  Move  Insert Delta_down_up: 0
  Move  Insert Delta_down_down: 0
Move set Remove four operators: 0
  Move  Remove Delta_up_up: 0
  Move  Remove Delta_up_down: 0
  Move  Remove Delta_down_up: 0
  Move  Remove Delta_down_down: 0
Move  Shift one operator: 4.98975e-06
[Rank 0] Warmup lasted: 0.127163 seconds [00:00:00]
[Rank 0] Simulation lasted: 0.729338 seconds [00:00:00]
[Rank 0] Number of measures: 20000
Total number of measures: 20000
Average sign: -0.2099
Average order: 0.60495
Auto-correlation time: 535.246

╔╦╗╦═╗╦╔═╗ ╔═╗  ┌─┐┌┬┐┬ ┬┬ ┬┌┐ 
 ║ ╠╦╝║║═╬╗╚═╗  │   │ ├─┤└┬┘├┴┐
 ╩ ╩╚═╩╚═╝╚╚═╝  └─┘ ┴ ┴ ┴ ┴ └─┘

Warning! Delta_tau diagonal term has max imaginary part: 1.13249e-06Disregarding imaginary part 
Warning! Delta_tau diagonal term has max imaginary part: 1.19209e-06Disregarding imaginary part 
Warning! Delta_tau diagonal term has max imaginary part: 1.07288e-06Disregarding imaginary part 
Warning! Delta_tau diagonal term has max imaginary part: 1.07288e-06Disregarding imaginary part 
Warning! Delta_tau diagonal term has max imaginary part: 1.19209e-06Disregarding imaginary part 
Warning! Delta_tau diagonal term has max imaginary part: 1.2517e-06Disregarding imaginary part 
Warning! Delta_tau diagonal term has max imaginary part: 9.53674e-07Disregarding imaginary part 
Warning! Delta_tau diagonal term has max imaginary part: 1.19209e-06Disregarding imaginary part 
Warning! Delta_tau diagonal term has max imaginary part: 1.13249e-06Disregarding imaginary part 
Warning! Delta_tau diagonal term has max imaginary part: 1.01328e-06Disregarding imaginary part 
Warning! Delta_tau diagonal term has max imaginary part: 1.13249e-06Disregarding imaginary part 
Warning! Delta_tau diagonal term has max imaginary part: 1.05798e-06Disregarding imaginary part 
The local Hamiltonian of the problem:
3.34269*c_dag('down',0)*c('down',5) + -9.08878*c_dag('down',0)*c('down',4) + -32.2345*c_dag('down',0)*c('down',3) + 16.7775*c_dag('down',0)*c('down',2) + 8.47353*c_dag('down',0)*c('down',1) + -13489.7*c_dag('down',0)*c('down',0) + 6.24428*c_dag('down',1)*c('down',5) + -2.63636*c_dag('down',1)*c('down',4) + 6.99653*c_dag('down',1)*c('down',3) + -4.61176*c_dag('down',1)*c('down',2) + -22036.9*c_dag('down',1)*c('down',1) + 8.47353*c_dag('down',1)*c('down',0) + -8.9367*c_dag('down',2)*c('down',5) + -8.02361*c_dag('down',2)*c('down',4) + -0.496478*c_dag('down',2)*c('down',3) + -22167.4*c_dag('down',2)*c('down',2) + -4.61176*c_dag('down',2)*c('down',1) + 16.7775*c_dag('down',2)*c('down',0) + 3.51577*c_dag('down',3)*c('down',5) + -9.39206*c_dag('down',3)*c('down',4) + -22163.1*c_dag('down',3)*c('down',3) + -0.496478*c_dag('down',3)*c('down',2) + 6.99653*c_dag('down',3)*c('down',1) + -32.2345*c_dag('down',3)*c('down',0) + -0.489128*c_dag('down',4)*c('down',5) + -22030.4*c_dag('down',4)*c('down',4) + -9.39206*c_dag('down',4)*c('down',3) + -8.02361*c_dag('down',4)*c('down',2) + -2.63636*c_dag('down',4)*c('down',1) + -9.08878*c_dag('down',4)*c('down',0) + -22169.1*c_dag('down',5)*c('down',5) + -0.489128*c_dag('down',5)*c('down',4) + 3.51577*c_dag('down',5)*c('down',3) + -8.9367*c_dag('down',5)*c('down',2) + 6.24428*c_dag('down',5)*c('down',1) + 3.34269*c_dag('down',5)*c('down',0) + 19.1934*c_dag('up',0)*c('up',5) + -10.6934*c_dag('up',0)*c('up',4) + -36.8335*c_dag('up',0)*c('up',3) + 26.4368*c_dag('up',0)*c('up',2) + 15.0614*c_dag('up',0)*c('up',1) + -13586.1*c_dag('up',0)*c('up',0) + 7.50881*c_dag('up',1)*c('up',5) + -2.654*c_dag('up',1)*c('up',4) + 4.71606*c_dag('up',1)*c('up',3) + -3.39894*c_dag('up',1)*c('up',2) + -22036.1*c_dag('up',1)*c('up',1) + 15.0614*c_dag('up',1)*c('up',0) + -6.14581*c_dag('up',2)*c('up',5) + -8.33949*c_dag('up',2)*c('up',4) + -3.69645*c_dag('up',2)*c('up',3) + -22164.8*c_dag('up',2)*c('up',2) + -3.39894*c_dag('up',2)*c('up',1) + 26.4368*c_dag('up',2)*c('up',0) + -0.392026*c_dag('up',3)*c('up',5) + -9.15928*c_dag('up',3)*c('up',4) + -22160.6*c_dag('up',3)*c('up',3) + -3.69645*c_dag('up',3)*c('up',2) + 4.71606*c_dag('up',3)*c('up',1) + -36.8335*c_dag('up',3)*c('up',0) + -0.773789*c_dag('up',4)*c('up',5) + -22029.9*c_dag('up',4)*c('up',4) + -9.15928*c_dag('up',4)*c('up',3) + -8.33949*c_dag('up',4)*c('up',2) + -2.654*c_dag('up',4)*c('up',1) + -10.6934*c_dag('up',4)*c('up',0) + -22166.2*c_dag('up',5)*c('up',5) + -0.773789*c_dag('up',5)*c('up',4) + -0.392026*c_dag('up',5)*c('up',3) + -6.14581*c_dag('up',5)*c('up',2) + 7.50881*c_dag('up',5)*c('up',1) + 19.1934*c_dag('up',5)*c('up',0) + 4*c_dag('down',0)*c_dag('up',0)*c('up',0)*c('down',0) + 4*c_dag('down',1)*c_dag('up',1)*c('up',1)*c('down',1) + 4*c_dag('down',2)*c_dag('up',2)*c('up',2)*c('down',2) + 4*c_dag('down',3)*c_dag('up',3)*c('up',3)*c('down',3) + 4*c_dag('down',4)*c_dag('up',4)*c('up',4)*c('down',4) + 4*c_dag('down',5)*c_dag('up',5)*c('up',5)*c('down',5)
Using autopartition algorithm to partition the local Hilbert space
Warning! Delta_tau diagonal term has max imaginary part: 1.13249e-06Disregarding imaginary part 
Warning! Delta_tau diagonal term has max imaginary part: 1.19209e-06Disregarding imaginary part 
Warning! Delta_tau diagonal term has max imaginary part: 1.07288e-06Disregarding imaginary part 
Warning! Delta_tau diagonal term has max imaginary part: 1.07288e-06Disregarding imaginary part 
Warning! Delta_tau diagonal term has max imaginary part: 1.19209e-06Disregarding imaginary part 
Warning! Delta_tau diagonal term has max imaginary part: 1.2517e-06Disregarding imaginary part 
Warning! Delta_tau diagonal term has max imaginary part: 9.53674e-07Disregarding imaginary part 
Warning! Delta_tau diagonal term has max imaginary part: 1.19209e-06Disregarding imaginary part 
Warning! Delta_tau diagonal term has max imaginary part: 1.13249e-06Disregarding imaginary part 
Warning! Delta_tau diagonal term has max imaginary part: 1.01328e-06Disregarding imaginary part 
Warning! Delta_tau diagonal term has max imaginary part: 1.13249e-06Disregarding imaginary part 
Warning! Delta_tau diagonal term has max imaginary part: 1.05798e-06Disregarding imaginary part 
The local Hamiltonian of the problem:
3.34269*c_dag('down',0)*c('down',5) + -9.08878*c_dag('down',0)*c('down',4) + -32.2345*c_dag('down',0)*c('down',3) + 16.7775*c_dag('down',0)*c('down',2) + 8.47353*c_dag('down',0)*c('down',1) + -13489.7*c_dag('down',0)*c('down',0) + 6.24428*c_dag('down',1)*c('down',5) + -2.63636*c_dag('down',1)*c('down',4) + 6.99653*c_dag('down',1)*c('down',3) + -4.61176*c_dag('down',1)*c('down',2) + -22036.9*c_dag('down',1)*c('down',1) + 8.47353*c_dag('down',1)*c('down',0) + -8.9367*c_dag('down',2)*c('down',5) + -8.02361*c_dag('down',2)*c('down',4) + -0.496478*c_dag('down',2)*c('down',3) + -22167.4*c_dag('down',2)*c('down',2) + -4.61176*c_dag('down',2)*c('down',1) + 16.7775*c_dag('down',2)*c('down',0) + 3.51577*c_dag('down',3)*c('down',5) + -9.39206*c_dag('down',3)*c('down',4) + -22163.1*c_dag('down',3)*c('down',3) + -0.496478*c_dag('down',3)*c('down',2) + 6.99653*c_dag('down',3)*c('down',1) + -32.2345*c_dag('down',3)*c('down',0) + -0.489128*c_dag('down',4)*c('down',5) + -22030.4*c_dag('down',4)*c('down',4) + -9.39206*c_dag('down',4)*c('down',3) + -8.02361*c_dag('down',4)*c('down',2) + -2.63636*c_dag('down',4)*c('down',1) + -9.08878*c_dag('down',4)*c('down',0) + -22169.1*c_dag('down',5)*c('down',5) + -0.489128*c_dag('down',5)*c('down',4) + 3.51577*c_dag('down',5)*c('down',3) + -8.9367*c_dag('down',5)*c('down',2) + 6.24428*c_dag('down',5)*c('down',1) + 3.34269*c_dag('down',5)*c('down',0) + 19.1934*c_dag('up',0)*c('up',5) + -10.6934*c_dag('up',0)*c('up',4) + -36.8335*c_dag('up',0)*c('up',3) + 26.4368*c_dag('up',0)*c('up',2) + 15.0614*c_dag('up',0)*c('up',1) + -13586.1*c_dag('up',0)*c('up',0) + 7.50881*c_dag('up',1)*c('up',5) + -2.654*c_dag('up',1)*c('up',4) + 4.71606*c_dag('up',1)*c('up',3) + -3.39894*c_dag('up',1)*c('up',2) + -22036.1*c_dag('up',1)*c('up',1) + 15.0614*c_dag('up',1)*c('up',0) + -6.14581*c_dag('up',2)*c('up',5) + -8.33949*c_dag('up',2)*c('up',4) + -3.69645*c_dag('up',2)*c('up',3) + -22164.8*c_dag('up',2)*c('up',2) + -3.39894*c_dag('up',2)*c('up',1) + 26.4368*c_dag('up',2)*c('up',0) + -0.392026*c_dag('up',3)*c('up',5) + -9.15928*c_dag('up',3)*c('up',4) + -22160.6*c_dag('up',3)*c('up',3) + -3.69645*c_dag('up',3)*c('up',2) + 4.71606*c_dag('up',3)*c('up',1) + -36.8335*c_dag('up',3)*c('up',0) + -0.773789*c_dag('up',4)*c('up',5) + -22029.9*c_dag('up',4)*c('up',4) + -9.15928*c_dag('up',4)*c('up',3) + -8.33949*c_dag('up',4)*c('up',2) + -2.654*c_dag('up',4)*c('up',1) + -10.6934*c_dag('up',4)*c('up',0) + -22166.2*c_dag('up',5)*c('up',5) + -0.773789*c_dag('up',5)*c('up',4) + -0.392026*c_dag('up',5)*c('up',3) + -6.14581*c_dag('up',5)*c('up',2) + 7.50881*c_dag('up',5)*c('up',1) + 19.1934*c_dag('up',5)*c('up',0) + 4*c_dag('down',0)*c_dag('up',0)*c('up',0)*c('down',0) + 4*c_dag('down',1)*c_dag('up',1)*c('up',1)*c('down',1) + 4*c_dag('down',2)*c_dag('up',2)*c('up',2)*c('down',2) + 4*c_dag('down',3)*c_dag('up',3)*c('up',3)*c('down',3) + 4*c_dag('down',4)*c_dag('up',4)*c('up',4)*c('down',4) + 4*c_dag('down',5)*c_dag('up',5)*c('up',5)*c('down',5)
Using autopartition algorithm to partition the local Hilbert space

╔╦╗╦═╗╦╔═╗ ╔═╗  ┌─┐┌┬┐┬ ┬┬ ┬┌┐ 
 ║ ╠╦╝║║═╬╗╚═╗  │   │ ├─┤└┬┘├┴┐
 ╩ ╩╚═╩╚═╝╚╚═╝  └─┘ ┴ ┴ ┴ ┴ └─┘



[Rank 0] Collect results: Waiting for all mpi-threads to finish accumulating...
[Rank 0] Timings for all measures:
Measure               | seconds   
Auto-correlation time | 0.0011569 
Average order         | 0.000586924
Average sign          | 0.00057674
G_tau measure         | 0.00667828
Total measure time    | 0.00899884
[Rank 0] Acceptance rate for all moves:
Move set Insert two operators: 4.99978e-06
  Move  Insert Delta_up: 0
  Move  Insert Delta_down: 9.9962e-06
Move set Remove two operators: 0
  Move  Remove Delta_up: 0
  Move  Remove Delta_down: 0
Move set Insert four operators: 0
  Move  Insert Delta_up_up: 0
  Move  Insert Delta_up_down: 0
  Move  Insert Delta_down_up: 0
  Move  Insert Delta_down_down: 0
Move set Remove four operators: 0
  Move  Remove Delta_up_up: 0
  Move  Remove Delta_up_down: 0
  Move  Remove Delta_down_up: 0
  Move  Remove Delta_down_down: 0
Move  Shift one operator: 4.98975e-06
[Rank 0] Warmup lasted: 0.12538 seconds [00:00:00]
[Rank 0] Simulation lasted: 0.733723 seconds [00:00:00]
[Rank 0] Number of measures: 20000
Total number of measures: 20000
Average sign: -0.2099
Average order: 0.60495
Auto-correlation time: 535.246

╔╦╗╦═╗╦╔═╗ ╔═╗  ┌─┐┌┬┐┬ ┬┬ ┬┌┐ 
 ║ ╠╦╝║║═╬╗╚═╗  │   │ ├─┤└┬┘├┴┐
 ╩ ╩╚═╩╚═╝╚╚═╝  └─┘ ┴ ┴ ┴ ┴ └─┘

Warning! Delta_tau diagonal term has max imaginary part: 1.13249e-06Disregarding imaginary part 
Warning! Delta_tau diagonal term has max imaginary part: 1.19209e-06Disregarding imaginary part 
Warning! Delta_tau diagonal term has max imaginary part: 1.07288e-06Disregarding imaginary part 
Warning! Delta_tau diagonal term has max imaginary part: 1.07288e-06Disregarding imaginary part 
Warning! Delta_tau diagonal term has max imaginary part: 1.19209e-06Disregarding imaginary part 
Warning! Delta_tau diagonal term has max imaginary part: 1.2517e-06Disregarding imaginary part 
Warning! Delta_tau diagonal term has max imaginary part: 9.53674e-07Disregarding imaginary part 
Warning! Delta_tau diagonal term has max imaginary part: 1.19209e-06Disregarding imaginary part 
Warning! Delta_tau diagonal term has max imaginary part: 1.13249e-06Disregarding imaginary part 
Warning! Delta_tau diagonal term has max imaginary part: 1.01328e-06Disregarding imaginary part 
Warning! Delta_tau diagonal term has max imaginary part: 1.13249e-06Disregarding imaginary part 
Warning! Delta_tau diagonal term has max imaginary part: 1.05798e-06Disregarding imaginary part 
The local Hamiltonian of the problem:
3.34269*c_dag('down',0)*c('down',5) + -9.08878*c_dag('down',0)*c('down',4) + -32.2345*c_dag('down',0)*c('down',3) + 16.7775*c_dag('down',0)*c('down',2) + 8.47353*c_dag('down',0)*c('down',1) + -13489.7*c_dag('down',0)*c('down',0) + 6.24428*c_dag('down',1)*c('down',5) + -2.63636*c_dag('down',1)*c('down',4) + 6.99653*c_dag('down',1)*c('down',3) + -4.61176*c_dag('down',1)*c('down',2) + -22036.9*c_dag('down',1)*c('down',1) + 8.47353*c_dag('down',1)*c('down',0) + -8.9367*c_dag('down',2)*c('down',5) + -8.02361*c_dag('down',2)*c('down',4) + -0.496478*c_dag('down',2)*c('down',3) + -22167.4*c_dag('down',2)*c('down',2) + -4.61176*c_dag('down',2)*c('down',1) + 16.7775*c_dag('down',2)*c('down',0) + 3.51577*c_dag('down',3)*c('down',5) + -9.39206*c_dag('down',3)*c('down',4) + -22163.1*c_dag('down',3)*c('down',3) + -0.496478*c_dag('down',3)*c('down',2) + 6.99653*c_dag('down',3)*c('down',1) + -32.2345*c_dag('down',3)*c('down',0) + -0.489128*c_dag('down',4)*c('down',5) + -22030.4*c_dag('down',4)*c('down',4) + -9.39206*c_dag('down',4)*c('down',3) + -8.02361*c_dag('down',4)*c('down',2) + -2.63636*c_dag('down',4)*c('down',1) + -9.08878*c_dag('down',4)*c('down',0) + -22169.1*c_dag('down',5)*c('down',5) + -0.489128*c_dag('down',5)*c('down',4) + 3.51577*c_dag('down',5)*c('down',3) + -8.9367*c_dag('down',5)*c('down',2) + 6.24428*c_dag('down',5)*c('down',1) + 3.34269*c_dag('down',5)*c('down',0) + 19.1934*c_dag('up',0)*c('up',5) + -10.6934*c_dag('up',0)*c('up',4) + -36.8335*c_dag('up',0)*c('up',3) + 26.4368*c_dag('up',0)*c('up',2) + 15.0614*c_dag('up',0)*c('up',1) + -13586.1*c_dag('up',0)*c('up',0) + 7.50881*c_dag('up',1)*c('up',5) + -2.654*c_dag('up',1)*c('up',4) + 4.71606*c_dag('up',1)*c('up',3) + -3.39894*c_dag('up',1)*c('up',2) + -22036.1*c_dag('up',1)*c('up',1) + 15.0614*c_dag('up',1)*c('up',0) + -6.14581*c_dag('up',2)*c('up',5) + -8.33949*c_dag('up',2)*c('up',4) + -3.69645*c_dag('up',2)*c('up',3) + -22164.8*c_dag('up',2)*c('up',2) + -3.39894*c_dag('up',2)*c('up',1) + 26.4368*c_dag('up',2)*c('up',0) + -0.392026*c_dag('up',3)*c('up',5) + -9.15928*c_dag('up',3)*c('up',4) + -22160.6*c_dag('up',3)*c('up',3) + -3.69645*c_dag('up',3)*c('up',2) + 4.71606*c_dag('up',3)*c('up',1) + -36.8335*c_dag('up',3)*c('up',0) + -0.773789*c_dag('up',4)*c('up',5) + -22029.9*c_dag('up',4)*c('up',4) + -9.15928*c_dag('up',4)*c('up',3) + -8.33949*c_dag('up',4)*c('up',2) + -2.654*c_dag('up',4)*c('up',1) + -10.6934*c_dag('up',4)*c('up',0) + -22166.2*c_dag('up',5)*c('up',5) + -0.773789*c_dag('up',5)*c('up',4) + -0.392026*c_dag('up',5)*c('up',3) + -6.14581*c_dag('up',5)*c('up',2) + 7.50881*c_dag('up',5)*c('up',1) + 19.1934*c_dag('up',5)*c('up',0) + 4*c_dag('down',0)*c_dag('up',0)*c('up',0)*c('down',0) + 4*c_dag('down',1)*c_dag('up',1)*c('up',1)*c('down',1) + 4*c_dag('down',2)*c_dag('up',2)*c('up',2)*c('down',2) + 4*c_dag('down',3)*c_dag('up',3)*c('up',3)*c('down',3) + 4*c_dag('down',4)*c_dag('up',4)*c('up',4)*c('down',4) + 4*c_dag('down',5)*c_dag('up',5)*c('up',5)*c('down',5)
Using autopartition algorithm to partition the local Hilbert space
Warning! Delta_tau diagonal term has max imaginary part: 1.13249e-06Disregarding imaginary part 
Warning! Delta_tau diagonal term has max imaginary part: 1.19209e-06Disregarding imaginary part 
Warning! Delta_tau diagonal term has max imaginary part: 1.07288e-06Disregarding imaginary part 
Warning! Delta_tau diagonal term has max imaginary part: 1.07288e-06Disregarding imaginary part 
Warning! Delta_tau diagonal term has max imaginary part: 1.19209e-06Disregarding imaginary part 
Warning! Delta_tau diagonal term has max imaginary part: 1.2517e-06Disregarding imaginary part 
Warning! Delta_tau diagonal term has max imaginary part: 9.53674e-07Disregarding imaginary part 
Warning! Delta_tau diagonal term has max imaginary part: 1.19209e-06Disregarding imaginary part 
Warning! Delta_tau diagonal term has max imaginary part: 1.13249e-06Disregarding imaginary part 
Warning! Delta_tau diagonal term has max imaginary part: 1.01328e-06Disregarding imaginary part 
Warning! Delta_tau diagonal term has max imaginary part: 1.13249e-06Disregarding imaginary part 
Warning! Delta_tau diagonal term has max imaginary part: 1.05798e-06Disregarding imaginary part 
The local Hamiltonian of the problem:
3.34269*c_dag('down',0)*c('down',5) + -9.08878*c_dag('down',0)*c('down',4) + -32.2345*c_dag('down',0)*c('down',3) + 16.7775*c_dag('down',0)*c('down',2) + 8.47353*c_dag('down',0)*c('down',1) + -13489.7*c_dag('down',0)*c('down',0) + 6.24428*c_dag('down',1)*c('down',5) + -2.63636*c_dag('down',1)*c('down',4) + 6.99653*c_dag('down',1)*c('down',3) + -4.61176*c_dag('down',1)*c('down',2) + -22036.9*c_dag('down',1)*c('down',1) + 8.47353*c_dag('down',1)*c('down',0) + -8.9367*c_dag('down',2)*c('down',5) + -8.02361*c_dag('down',2)*c('down',4) + -0.496478*c_dag('down',2)*c('down',3) + -22167.4*c_dag('down',2)*c('down',2) + -4.61176*c_dag('down',2)*c('down',1) + 16.7775*c_dag('down',2)*c('down',0) + 3.51577*c_dag('down',3)*c('down',5) + -9.39206*c_dag('down',3)*c('down',4) + -22163.1*c_dag('down',3)*c('down',3) + -0.496478*c_dag('down',3)*c('down',2) + 6.99653*c_dag('down',3)*c('down',1) + -32.2345*c_dag('down',3)*c('down',0) + -0.489128*c_dag('down',4)*c('down',5) + -22030.4*c_dag('down',4)*c('down',4) + -9.39206*c_dag('down',4)*c('down',3) + -8.02361*c_dag('down',4)*c('down',2) + -2.63636*c_dag('down',4)*c('down',1) + -9.08878*c_dag('down',4)*c('down',0) + -22169.1*c_dag('down',5)*c('down',5) + -0.489128*c_dag('down',5)*c('down',4) + 3.51577*c_dag('down',5)*c('down',3) + -8.9367*c_dag('down',5)*c('down',2) + 6.24428*c_dag('down',5)*c('down',1) + 3.34269*c_dag('down',5)*c('down',0) + 19.1934*c_dag('up',0)*c('up',5) + -10.6934*c_dag('up',0)*c('up',4) + -36.8335*c_dag('up',0)*c('up',3) + 26.4368*c_dag('up',0)*c('up',2) + 15.0614*c_dag('up',0)*c('up',1) + -13586.1*c_dag('up',0)*c('up',0) + 7.50881*c_dag('up',1)*c('up',5) + -2.654*c_dag('up',1)*c('up',4) + 4.71606*c_dag('up',1)*c('up',3) + -3.39894*c_dag('up',1)*c('up',2) + -22036.1*c_dag('up',1)*c('up',1) + 15.0614*c_dag('up',1)*c('up',0) + -6.14581*c_dag('up',2)*c('up',5) + -8.33949*c_dag('up',2)*c('up',4) + -3.69645*c_dag('up',2)*c('up',3) + -22164.8*c_dag('up',2)*c('up',2) + -3.39894*c_dag('up',2)*c('up',1) + 26.4368*c_dag('up',2)*c('up',0) + -0.392026*c_dag('up',3)*c('up',5) + -9.15928*c_dag('up',3)*c('up',4) + -22160.6*c_dag('up',3)*c('up',3) + -3.69645*c_dag('up',3)*c('up',2) + 4.71606*c_dag('up',3)*c('up',1) + -36.8335*c_dag('up',3)*c('up',0) + -0.773789*c_dag('up',4)*c('up',5) + -22029.9*c_dag('up',4)*c('up',4) + -9.15928*c_dag('up',4)*c('up',3) + -8.33949*c_dag('up',4)*c('up',2) + -2.654*c_dag('up',4)*c('up',1) + -10.6934*c_dag('up',4)*c('up',0) + -22166.2*c_dag('up',5)*c('up',5) + -0.773789*c_dag('up',5)*c('up',4) + -0.392026*c_dag('up',5)*c('up',3) + -6.14581*c_dag('up',5)*c('up',2) + 7.50881*c_dag('up',5)*c('up',1) + 19.1934*c_dag('up',5)*c('up',0) + 4*c_dag('down',0)*c_dag('up',0)*c('up',0)*c('down',0) + 4*c_dag('down',1)*c_dag('up',1)*c('up',1)*c('down',1) + 4*c_dag('down',2)*c_dag('up',2)*c('up',2)*c('down',2) + 4*c_dag('down',3)*c_dag('up',3)*c('up',3)*c('down',3) + 4*c_dag('down',4)*c_dag('up',4)*c('up',4)*c('down',4) + 4*c_dag('down',5)*c_dag('up',5)*c('up',5)*c('down',5)
Using autopartition algorithm to partition the local Hilbert space


[Rank 0] Collect results: Waiting for all mpi-threads to finish accumulating...
[Rank 0] Timings for all measures:
Measure               | seconds   
Auto-correlation time | 0.00115171
Average order         | 0.000584192
Average sign          | 0.000534454
G_tau measure         | 0.00658642
Total measure time    | 0.00885678
[Rank 0] Acceptance rate for all moves:
Move set Insert two operators: 4.99978e-06
  Move  Insert Delta_up: 0
  Move  Insert Delta_down: 9.9962e-06
Move set Remove two operators: 0
  Move  Remove Delta_up: 0
  Move  Remove Delta_down: 0
Move set Insert four operators: 0
  Move  Insert Delta_up_up: 0
  Move  Insert Delta_up_down: 0
  Move  Insert Delta_down_up: 0
  Move  Insert Delta_down_down: 0
Move set Remove four operators: 0
  Move  Remove Delta_up_up: 0
  Move  Remove Delta_up_down: 0
  Move  Remove Delta_down_up: 0
  Move  Remove Delta_down_down: 0
Move  Shift one operator: 4.98975e-06
[Rank 0] Warmup lasted: 0.127478 seconds [00:00:00]
[Rank 0] Simulation lasted: 0.738453 seconds [00:00:00]
[Rank 0] Number of measures: 20000
Total number of measures: 20000
Average sign: -0.2099
Average order: 0.60495
Auto-correlation time: 535.246


[Rank 0] Collect results: Waiting for all mpi-threads to finish accumulating...


[Rank 0] Collect results: Waiting for all mpi-threads to finish accumulating...
[Rank 0] Timings for all measures:
Measure               | seconds   
Auto-correlation time | 0.00113335
Average order         | 0.000595347
Average sign          | 0.000556226
G_tau measure         | 0.00659479
Total measure time    | 0.00887971
[Rank 0] Acceptance rate for all moves:
Move set Insert two operators: 4.99978e-06
  Move  Insert Delta_up: 0
  Move  Insert Delta_down: 9.9962e-06
Move set Remove two operators: 0
  Move  Remove Delta_up: 0
  Move  Remove Delta_down: 0
Move set Insert four operators: 0
  Move  Insert Delta_up_up: 0
  Move  Insert Delta_up_down: 0
  Move  Insert Delta_down_up: 0
  Move  Insert Delta_down_down: 0
Move set Remove four operators: 0
  Move  Remove Delta_up_up: 0
  Move  Remove Delta_up_down: 0
  Move  Remove Delta_down_up: 0
  Move  Remove Delta_down_down: 0
Move  Shift one operator: 4.98975e-06
[Rank 0] Warmup lasted: 0.127782 seconds [00:00:00]
[Rank 0] Simulation lasted: 0.740862 seconds [00:00:00]
[Rank 0] Number of measures: 20000
Total number of measures: 20000
Average sign: -0.2099
Average order: 0.60495
Auto-correlation time: 535.246
[Rank 0] Timings for all measures:
Measure               | seconds   
Auto-correlation time | 0.00114127
Average order         | 0.000584066
Average sign          | 0.000539323
G_tau measure         | 0.00648602
Total measure time    | 0.00875067
[Rank 0] Acceptance rate for all moves:
Move set Insert two operators: 4.99978e-06
  Move  Insert Delta_up: 0
  Move  Insert Delta_down: 9.9962e-06
Move set Remove two operators: 0
  Move  Remove Delta_up: 0
  Move  Remove Delta_down: 0
Move set Insert four operators: 0
  Move  Insert Delta_up_up: 0
  Move  Insert Delta_up_down: 0
  Move  Insert Delta_down_up: 0
  Move  Insert Delta_down_down: 0
Move set Remove four operators: 0
  Move  Remove Delta_up_up: 0
  Move  Remove Delta_up_down: 0
  Move  Remove Delta_down_up: 0
  Move  Remove Delta_down_down: 0
Move  Shift one operator: 4.98975e-06
[Rank 0] Warmup lasted: 0.12755 seconds [00:00:00]
[Rank 0] Simulation lasted: 0.738313 seconds [00:00:00]
[Rank 0] Number of measures: 20000
Total number of measures: 20000
Average sign: -0.2099
Average order: 0.60495
Auto-correlation time: 535.246


[Rank 0] Collect results: Waiting for all mpi-threads to finish accumulating...
[Rank 0] Timings for all measures:
Measure               | seconds   
Auto-correlation time | 0.00115033
Average order         | 0.000586001
Average sign          | 0.00054275
G_tau measure         | 0.00716495
Total measure time    | 0.00944403
[Rank 0] Acceptance rate for all moves:
Move set Insert two operators: 4.99978e-06
  Move  Insert Delta_up: 0
  Move  Insert Delta_down: 9.9962e-06
Move set Remove two operators: 0
  Move  Remove Delta_up: 0
  Move  Remove Delta_down: 0
Move set Insert four operators: 0
  Move  Insert Delta_up_up: 0
  Move  Insert Delta_up_down: 0
  Move  Insert Delta_down_up: 0
  Move  Insert Delta_down_down: 0
Move set Remove four operators: 0
  Move  Remove Delta_up_up: 0
  Move  Remove Delta_up_down: 0
  Move  Remove Delta_down_up: 0
  Move  Remove Delta_down_down: 0
Move  Shift one operator: 4.98975e-06
[Rank 0] Warmup lasted: 0.12725 seconds [00:00:00]
[Rank 0] Simulation lasted: 0.740322 seconds [00:00:00]
[Rank 0] Number of measures: 20000
Total number of measures: 20000
Average sign: -0.2099
Average order: 0.60495
Auto-correlation time: 535.246

╔╦╗╦═╗╦╔═╗ ╔═╗  ┌─┐┌┬┐┬ ┬┬ ┬┌┐ 
 ║ ╠╦╝║║═╬╗╚═╗  │   │ ├─┤└┬┘├┴┐
 ╩ ╩╚═╩╚═╝╚╚═╝  └─┘ ┴ ┴ ┴ ┴ └─┘

Warning! Delta_tau diagonal term has max imaginary part: 1.13249e-06Disregarding imaginary part 
Warning! Delta_tau diagonal term has max imaginary part: 1.19209e-06Disregarding imaginary part 
Warning! Delta_tau diagonal term has max imaginary part: 1.07288e-06Disregarding imaginary part 
Warning! Delta_tau diagonal term has max imaginary part: 1.07288e-06Disregarding imaginary part 
Warning! Delta_tau diagonal term has max imaginary part: 1.19209e-06Disregarding imaginary part 
Warning! Delta_tau diagonal term has max imaginary part: 1.2517e-06Disregarding imaginary part 
Warning! Delta_tau diagonal term has max imaginary part: 9.53674e-07Disregarding imaginary part 
Warning! Delta_tau diagonal term has max imaginary part: 1.19209e-06Disregarding imaginary part 
Warning! Delta_tau diagonal term has max imaginary part: 1.13249e-06Disregarding imaginary part 
Warning! Delta_tau diagonal term has max imaginary part: 1.01328e-06Disregarding imaginary part 
Warning! Delta_tau diagonal term has max imaginary part: 1.13249e-06Disregarding imaginary part 
Warning! Delta_tau diagonal term has max imaginary part: 1.05798e-06Disregarding imaginary part 
The local Hamiltonian of the problem:
3.34269*c_dag('down',0)*c('down',5) + -9.08878*c_dag('down',0)*c('down',4) + -32.2345*c_dag('down',0)*c('down',3) + 16.7775*c_dag('down',0)*c('down',2) + 8.47353*c_dag('down',0)*c('down',1) + -13489.7*c_dag('down',0)*c('down',0) + 6.24428*c_dag('down',1)*c('down',5) + -2.63636*c_dag('down',1)*c('down',4) + 6.99653*c_dag('down',1)*c('down',3) + -4.61176*c_dag('down',1)*c('down',2) + -22036.9*c_dag('down',1)*c('down',1) + 8.47353*c_dag('down',1)*c('down',0) + -8.9367*c_dag('down',2)*c('down',5) + -8.02361*c_dag('down',2)*c('down',4) + -0.496478*c_dag('down',2)*c('down',3) + -22167.4*c_dag('down',2)*c('down',2) + -4.61176*c_dag('down',2)*c('down',1) + 16.7775*c_dag('down',2)*c('down',0) + 3.51577*c_dag('down',3)*c('down',5) + -9.39206*c_dag('down',3)*c('down',4) + -22163.1*c_dag('down',3)*c('down',3) + -0.496478*c_dag('down',3)*c('down',2) + 6.99653*c_dag('down',3)*c('down',1) + -32.2345*c_dag('down',3)*c('down',0) + -0.489128*c_dag('down',4)*c('down',5) + -22030.4*c_dag('down',4)*c('down',4) + -9.39206*c_dag('down',4)*c('down',3) + -8.02361*c_dag('down',4)*c('down',2) + -2.63636*c_dag('down',4)*c('down',1) + -9.08878*c_dag('down',4)*c('down',0) + -22169.1*c_dag('down',5)*c('down',5) + -0.489128*c_dag('down',5)*c('down',4) + 3.51577*c_dag('down',5)*c('down',3) + -8.9367*c_dag('down',5)*c('down',2) + 6.24428*c_dag('down',5)*c('down',1) + 3.34269*c_dag('down',5)*c('down',0) + 19.1934*c_dag('up',0)*c('up',5) + -10.6934*c_dag('up',0)*c('up',4) + -36.8335*c_dag('up',0)*c('up',3) + 26.4368*c_dag('up',0)*c('up',2) + 15.0614*c_dag('up',0)*c('up',1) + -13586.1*c_dag('up',0)*c('up',0) + 7.50881*c_dag('up',1)*c('up',5) + -2.654*c_dag('up',1)*c('up',4) + 4.71606*c_dag('up',1)*c('up',3) + -3.39894*c_dag('up',1)*c('up',2) + -22036.1*c_dag('up',1)*c('up',1) + 15.0614*c_dag('up',1)*c('up',0) + -6.14581*c_dag('up',2)*c('up',5) + -8.33949*c_dag('up',2)*c('up',4) + -3.69645*c_dag('up',2)*c('up',3) + -22164.8*c_dag('up',2)*c('up',2) + -3.39894*c_dag('up',2)*c('up',1) + 26.4368*c_dag('up',2)*c('up',0) + -0.392026*c_dag('up',3)*c('up',5) + -9.15928*c_dag('up',3)*c('up',4) + -22160.6*c_dag('up',3)*c('up',3) + -3.69645*c_dag('up',3)*c('up',2) + 4.71606*c_dag('up',3)*c('up',1) + -36.8335*c_dag('up',3)*c('up',0) + -0.773789*c_dag('up',4)*c('up',5) + -22029.9*c_dag('up',4)*c('up',4) + -9.15928*c_dag('up',4)*c('up',3) + -8.33949*c_dag('up',4)*c('up',2) + -2.654*c_dag('up',4)*c('up',1) + -10.6934*c_dag('up',4)*c('up',0) + -22166.2*c_dag('up',5)*c('up',5) + -0.773789*c_dag('up',5)*c('up',4) + -0.392026*c_dag('up',5)*c('up',3) + -6.14581*c_dag('up',5)*c('up',2) + 7.50881*c_dag('up',5)*c('up',1) + 19.1934*c_dag('up',5)*c('up',0) + 4*c_dag('down',0)*c_dag('up',0)*c('up',0)*c('down',0) + 4*c_dag('down',1)*c_dag('up',1)*c('up',1)*c('down',1) + 4*c_dag('down',2)*c_dag('up',2)*c('up',2)*c('down',2) + 4*c_dag('down',3)*c_dag('up',3)*c('up',3)*c('down',3) + 4*c_dag('down',4)*c_dag('up',4)*c('up',4)*c('down',4) + 4*c_dag('down',5)*c_dag('up',5)*c('up',5)*c('down',5)
Using autopartition algorithm to partition the local Hilbert space

╔╦╗╦═╗╦╔═╗ ╔═╗  ┌─┐┌┬┐┬ ┬┬ ┬┌┐ 
 ║ ╠╦╝║║═╬╗╚═╗  │   │ ├─┤└┬┘├┴┐
 ╩ ╩╚═╩╚═╝╚╚═╝  └─┘ ┴ ┴ ┴ ┴ └─┘


╔╦╗╦═╗╦╔═╗ ╔═╗  ┌─┐┌┬┐┬ ┬┬ ┬┌┐ 
 ║ ╠╦╝║║═╬╗╚═╗  │   │ ├─┤└┬┘├┴┐
 ╩ ╩╚═╩╚═╝╚╚═╝  └─┘ ┴ ┴ ┴ ┴ └─┘




╔╦╗╦═╗╦╔═╗ ╔═╗  ┌─┐┌┬┐┬ ┬┬ ┬┌┐ 
 ║ ╠╦╝║║═╬╗╚═╗  │   │ ├─┤└┬┘├┴┐
 ╩ ╩╚═╩╚═╝╚╚═╝  └─┘ ┴ ┴ ┴ ┴ └─┘

[Rank 0] Collect results: Waiting for all mpi-threads to finish accumulating...
[Rank 0] Timings for all measures:
Measure               | seconds   
Auto-correlation time | 0.00111478
Average order         | 0.00055893
Average sign          | 0.000445428
G_tau measure         | 0.00702355
Total measure time    | 0.00914269
[Rank 0] Acceptance rate for all moves:
Move set Insert two operators: 4.99978e-06
  Move  Insert Delta_up: 0
  Move  Insert Delta_down: 9.9962e-06
Move set Remove two operators: 0
  Move  Remove Delta_up: 0
  Move  Remove Delta_down: 0
Move set Insert four operators: 0
  Move  Insert Delta_up_up: 0
  Move  Insert Delta_up_down: 0
  Move  Insert Delta_down_up: 0
  Move  Insert Delta_down_down: 0
Move set Remove four operators: 0
  Move  Remove Delta_up_up: 0
  Move  Remove Delta_up_down: 0
  Move  Remove Delta_down_up: 0
  Move  Remove Delta_down_down: 0
Move  Shift one operator: 4.98975e-06
[Rank 0] Warmup lasted: 0.126605 seconds [00:00:00]
[Rank 0] Simulation lasted: 0.737912 seconds [00:00:00]
[Rank 0] Number of measures: 20000
Total number of measures: 20000
Average sign: -0.2099
Average order: 0.60495
Auto-correlation time: 535.246

╔╦╗╦═╗╦╔═╗ ╔═╗  ┌─┐┌┬┐┬ ┬┬ ┬┌┐ 
 ║ ╠╦╝║║═╬╗╚═╗  │   │ ├─┤└┬┘├┴┐
 ╩ ╩╚═╩╚═╝╚╚═╝  └─┘ ┴ ┴ ┴ ┴ └─┘



[Rank 0] Collect results: Waiting for all mpi-threads to finish accumulating...
[Rank 0] Timings for all measures:
Measure               | seconds   
Auto-correlation time | 0.0011141 
Average order         | 0.000565177
Average sign          | 0.000500358
G_tau measure         | 0.0066704 
Total measure time    | 0.00885004
[Rank 0] Acceptance rate for all moves:
Move set Insert two operators: 4.99978e-06
  Move  Insert Delta_up: 0
  Move  Insert Delta_down: 9.9962e-06
Move set Remove two operators: 0
  Move  Remove Delta_up: 0
  Move  Remove Delta_down: 0
Move set Insert four operators: 0
  Move  Insert Delta_up_up: 0
  Move  Insert Delta_up_down: 0
  Move  Insert Delta_down_up: 0
  Move  Insert Delta_down_down: 0
Move set Remove four operators: 0
  Move  Remove Delta_up_up: 0
  Move  Remove Delta_up_down: 0
  Move  Remove Delta_down_up: 0
  Move  Remove Delta_down_down: 0
Move  Shift one operator: 4.98975e-06
[Rank 0] Warmup lasted: 0.125505 seconds [00:00:00]
[Rank 0] Simulation lasted: 0.734566 seconds [00:00:00]
[Rank 0] Number of measures: 20000
Total number of measures: 20000
Average sign: -0.2099
Average order: 0.60495
Auto-correlation time: 535.246
Warning! Delta_tau diagonal term has max imaginary part: 1.13249e-06Disregarding imaginary part 
Warning! Delta_tau diagonal term has max imaginary part: 1.19209e-06Disregarding imaginary part 
Warning! Delta_tau diagonal term has max imaginary part: 1.07288e-06Disregarding imaginary part 
Warning! Delta_tau diagonal term has max imaginary part: 1.07288e-06Disregarding imaginary part 
Warning! Delta_tau diagonal term has max imaginary part: 1.19209e-06Disregarding imaginary part 
Warning! Delta_tau diagonal term has max imaginary part: 1.2517e-06Disregarding imaginary part 
Warning! Delta_tau diagonal term has max imaginary part: 9.53674e-07Disregarding imaginary part 
Warning! Delta_tau diagonal term has max imaginary part: 1.19209e-06Disregarding imaginary part 
Warning! Delta_tau diagonal term has max imaginary part: 1.13249e-06Disregarding imaginary part 
Warning! Delta_tau diagonal term has max imaginary part: 1.01328e-06Disregarding imaginary part 
Warning! Delta_tau diagonal term has max imaginary part: 1.13249e-06Disregarding imaginary part 
Warning! Delta_tau diagonal term has max imaginary part: 1.05798e-06Disregarding imaginary part 
The local Hamiltonian of the problem:
3.34269*c_dag('down',0)*c('down',5) + -9.08878*c_dag('down',0)*c('down',4) + -32.2345*c_dag('down',0)*c('down',3) + 16.7775*c_dag('down',0)*c('down',2) + 8.47353*c_dag('down',0)*c('down',1) + -13489.7*c_dag('down',0)*c('down',0) + 6.24428*c_dag('down',1)*c('down',5) + -2.63636*c_dag('down',1)*c('down',4) + 6.99653*c_dag('down',1)*c('down',3) + -4.61176*c_dag('down',1)*c('down',2) + -22036.9*c_dag('down',1)*c('down',1) + 8.47353*c_dag('down',1)*c('down',0) + -8.9367*c_dag('down',2)*c('down',5) + -8.02361*c_dag('down',2)*c('down',4) + -0.496478*c_dag('down',2)*c('down',3) + -22167.4*c_dag('down',2)*c('down',2) + -4.61176*c_dag('down',2)*c('down',1) + 16.7775*c_dag('down',2)*c('down',0) + 3.51577*c_dag('down',3)*c('down',5) + -9.39206*c_dag('down',3)*c('down',4) + -22163.1*c_dag('down',3)*c('down',3) + -0.496478*c_dag('down',3)*c('down',2) + 6.99653*c_dag('down',3)*c('down',1) + -32.2345*c_dag('down',3)*c('down',0) + -0.489128*c_dag('down',4)*c('down',5) + -22030.4*c_dag('down',4)*c('down',4) + -9.39206*c_dag('down',4)*c('down',3) + -8.02361*c_dag('down',4)*c('down',2) + -2.63636*c_dag('down',4)*c('down',1) + -9.08878*c_dag('down',4)*c('down',0) + -22169.1*c_dag('down',5)*c('down',5) + -0.489128*c_dag('down',5)*c('down',4) + 3.51577*c_dag('down',5)*c('down',3) + -8.9367*c_dag('down',5)*c('down',2) + 6.24428*c_dag('down',5)*c('down',1) + 3.34269*c_dag('down',5)*c('down',0) + 19.1934*c_dag('up',0)*c('up',5) + -10.6934*c_dag('up',0)*c('up',4) + -36.8335*c_dag('up',0)*c('up',3) + 26.4368*c_dag('up',0)*c('up',2) + 15.0614*c_dag('up',0)*c('up',1) + -13586.1*c_dag('up',0)*c('up',0) + 7.50881*c_dag('up',1)*c('up',5) + -2.654*c_dag('up',1)*c('up',4) + 4.71606*c_dag('up',1)*c('up',3) + -3.39894*c_dag('up',1)*c('up',2) + -22036.1*c_dag('up',1)*c('up',1) + 15.0614*c_dag('up',1)*c('up',0) + -6.14581*c_dag('up',2)*c('up',5) + -8.33949*c_dag('up',2)*c('up',4) + -3.69645*c_dag('up',2)*c('up',3) + -22164.8*c_dag('up',2)*c('up',2) + -3.39894*c_dag('up',2)*c('up',1) + 26.4368*c_dag('up',2)*c('up',0) + -0.392026*c_dag('up',3)*c('up',5) + -9.15928*c_dag('up',3)*c('up',4) + -22160.6*c_dag('up',3)*c('up',3) + -3.69645*c_dag('up',3)*c('up',2) + 4.71606*c_dag('up',3)*c('up',1) + -36.8335*c_dag('up',3)*c('up',0) + -0.773789*c_dag('up',4)*c('up',5) + -22029.9*c_dag('up',4)*c('up',4) + -9.15928*c_dag('up',4)*c('up',3) + -8.33949*c_dag('up',4)*c('up',2) + -2.654*c_dag('up',4)*c('up',1) + -10.6934*c_dag('up',4)*c('up',0) + -22166.2*c_dag('up',5)*c('up',5) + -0.773789*c_dag('up',5)*c('up',4) + -0.392026*c_dag('up',5)*c('up',3) + -6.14581*c_dag('up',5)*c('up',2) + 7.50881*c_dag('up',5)*c('up',1) + 19.1934*c_dag('up',5)*c('up',0) + 4*c_dag('down',0)*c_dag('up',0)*c('up',0)*c('down',0) + 4*c_dag('down',1)*c_dag('up',1)*c('up',1)*c('down',1) + 4*c_dag('down',2)*c_dag('up',2)*c('up',2)*c('down',2) + 4*c_dag('down',3)*c_dag('up',3)*c('up',3)*c('down',3) + 4*c_dag('down',4)*c_dag('up',4)*c('up',4)*c('down',4) + 4*c_dag('down',5)*c_dag('up',5)*c('up',5)*c('down',5)
Using autopartition algorithm to partition the local Hilbert space
Warning! Delta_tau diagonal term has max imaginary part: 1.13249e-06Disregarding imaginary part 
Warning! Delta_tau diagonal term has max imaginary part: 1.19209e-06Disregarding imaginary part 
Warning! Delta_tau diagonal term has max imaginary part: 1.07288e-06Disregarding imaginary part 
Warning! Delta_tau diagonal term has max imaginary part: 1.07288e-06Disregarding imaginary part 
Warning! Delta_tau diagonal term has max imaginary part: 1.19209e-06Disregarding imaginary part 
Warning! Delta_tau diagonal term has max imaginary part: 1.2517e-06Disregarding imaginary part 
Warning! Delta_tau diagonal term has max imaginary part: 9.53674e-07Disregarding imaginary part 
Warning! Delta_tau diagonal term has max imaginary part: 1.19209e-06Disregarding imaginary part 
Warning! Delta_tau diagonal term has max imaginary part: 1.13249e-06Disregarding imaginary part 
Warning! Delta_tau diagonal term has max imaginary part: 1.01328e-06Disregarding imaginary part 
Warning! Delta_tau diagonal term has max imaginary part: 1.13249e-06Disregarding imaginary part 
Warning! Delta_tau diagonal term has max imaginary part: 1.05798e-06Disregarding imaginary part 
The local Hamiltonian of the problem:
3.34269*c_dag('down',0)*c('down',5) + -9.08878*c_dag('down',0)*c('down',4) + -32.2345*c_dag('down',0)*c('down',3) + 16.7775*c_dag('down',0)*c('down',2) + 8.47353*c_dag('down',0)*c('down',1) + -13489.7*c_dag('down',0)*c('down',0) + 6.24428*c_dag('down',1)*c('down',5) + -2.63636*c_dag('down',1)*c('down',4) + 6.99653*c_dag('down',1)*c('down',3) + -4.61176*c_dag('down',1)*c('down',2) + -22036.9*c_dag('down',1)*c('down',1) + 8.47353*c_dag('down',1)*c('down',0) + -8.9367*c_dag('down',2)*c('down',5) + -8.02361*c_dag('down',2)*c('down',4) + -0.496478*c_dag('down',2)*c('down',3) + -22167.4*c_dag('down',2)*c('down',2) + -4.61176*c_dag('down',2)*c('down',1) + 16.7775*c_dag('down',2)*c('down',0) + 3.51577*c_dag('down',3)*c('down',5) + -9.39206*c_dag('down',3)*c('down',4) + -22163.1*c_dag('down',3)*c('down',3) + -0.496478*c_dag('down',3)*c('down',2) + 6.99653*c_dag('down',3)*c('down',1) + -32.2345*c_dag('down',3)*c('down',0) + -0.489128*c_dag('down',4)*c('down',5) + -22030.4*c_dag('down',4)*c('down',4) + -9.39206*c_dag('down',4)*c('down',3) + -8.02361*c_dag('down',4)*c('down',2) + -2.63636*c_dag('down',4)*c('down',1) + -9.08878*c_dag('down',4)*c('down',0) + -22169.1*c_dag('down',5)*c('down',5) + -0.489128*c_dag('down',5)*c('down',4) + 3.51577*c_dag('down',5)*c('down',3) + -8.9367*c_dag('down',5)*c('down',2) + 6.24428*c_dag('down',5)*c('down',1) + 3.34269*c_dag('down',5)*c('down',0) + 19.1934*c_dag('up',0)*c('up',5) + -10.6934*c_dag('up',0)*c('up',4) + -36.8335*c_dag('up',0)*c('up',3) + 26.4368*c_dag('up',0)*c('up',2) + 15.0614*c_dag('up',0)*c('up',1) + -13586.1*c_dag('up',0)*c('up',0) + 7.50881*c_dag('up',1)*c('up',5) + -2.654*c_dag('up',1)*c('up',4) + 4.71606*c_dag('up',1)*c('up',3) + -3.39894*c_dag('up',1)*c('up',2) + -22036.1*c_dag('up',1)*c('up',1) + 15.0614*c_dag('up',1)*c('up',0) + -6.14581*c_dag('up',2)*c('up',5) + -8.33949*c_dag('up',2)*c('up',4) + -3.69645*c_dag('up',2)*c('up',3) + -22164.8*c_dag('up',2)*c('up',2) + -3.39894*c_dag('up',2)*c('up',1) + 26.4368*c_dag('up',2)*c('up',0) + -0.392026*c_dag('up',3)*c('up',5) + -9.15928*c_dag('up',3)*c('up',4) + -22160.6*c_dag('up',3)*c('up',3) + -3.69645*c_dag('up',3)*c('up',2) + 4.71606*c_dag('up',3)*c('up',1) + -36.8335*c_dag('up',3)*c('up',0) + -0.773789*c_dag('up',4)*c('up',5) + -22029.9*c_dag('up',4)*c('up',4) + -9.15928*c_dag('up',4)*c('up',3) + -8.33949*c_dag('up',4)*c('up',2) + -2.654*c_dag('up',4)*c('up',1) + -10.6934*c_dag('up',4)*c('up',0) + -22166.2*c_dag('up',5)*c('up',5) + -0.773789*c_dag('up',5)*c('up',4) + -0.392026*c_dag('up',5)*c('up',3) + -6.14581*c_dag('up',5)*c('up',2) + 7.50881*c_dag('up',5)*c('up',1) + 19.1934*c_dag('up',5)*c('up',0) + 4*c_dag('down',0)*c_dag('up',0)*c('up',0)*c('down',0) + 4*c_dag('down',1)*c_dag('up',1)*c('up',1)*c('down',1) + 4*c_dag('down',2)*c_dag('up',2)*c('up',2)*c('down',2) + 4*c_dag('down',3)*c_dag('up',3)*c('up',3)*c('down',3) + 4*c_dag('down',4)*c_dag('up',4)*c('up',4)*c('down',4) + 4*c_dag('down',5)*c_dag('up',5)*c('up',5)*c('down',5)
Using autopartition algorithm to partition the local Hilbert space
Warning! Delta_tau diagonal term has max imaginary part: 1.13249e-06Disregarding imaginary part 
Warning! Delta_tau diagonal term has max imaginary part: 1.19209e-06Disregarding imaginary part 
Warning! Delta_tau diagonal term has max imaginary part: 1.07288e-06Disregarding imaginary part 
Warning! Delta_tau diagonal term has max imaginary part: 1.07288e-06Disregarding imaginary part 
Warning! Delta_tau diagonal term has max imaginary part: 1.19209e-06Disregarding imaginary part 
Warning! Delta_tau diagonal term has max imaginary part: 1.2517e-06Disregarding imaginary part 
Warning! Delta_tau diagonal term has max imaginary part: 9.53674e-07Disregarding imaginary part 
Warning! Delta_tau diagonal term has max imaginary part: 1.19209e-06Disregarding imaginary part 
Warning! Delta_tau diagonal term has max imaginary part: 1.13249e-06Disregarding imaginary part 
Warning! Delta_tau diagonal term has max imaginary part: 1.01328e-06Disregarding imaginary part 
Warning! Delta_tau diagonal term has max imaginary part: 1.13249e-06Disregarding imaginary part 
Warning! Delta_tau diagonal term has max imaginary part: 1.05798e-06Disregarding imaginary part 
The local Hamiltonian of the problem:
3.34269*c_dag('down',0)*c('down',5) + -9.08878*c_dag('down',0)*c('down',4) + -32.2345*c_dag('down',0)*c('down',3) + 16.7775*c_dag('down',0)*c('down',2) + 8.47353*c_dag('down',0)*c('down',1) + -13489.7*c_dag('down',0)*c('down',0) + 6.24428*c_dag('down',1)*c('down',5) + -2.63636*c_dag('down',1)*c('down',4) + 6.99653*c_dag('down',1)*c('down',3) + -4.61176*c_dag('down',1)*c('down',2) + -22036.9*c_dag('down',1)*c('down',1) + 8.47353*c_dag('down',1)*c('down',0) + -8.9367*c_dag('down',2)*c('down',5) + -8.02361*c_dag('down',2)*c('down',4) + -0.496478*c_dag('down',2)*c('down',3) + -22167.4*c_dag('down',2)*c('down',2) + -4.61176*c_dag('down',2)*c('down',1) + 16.7775*c_dag('down',2)*c('down',0) + 3.51577*c_dag('down',3)*c('down',5) + -9.39206*c_dag('down',3)*c('down',4) + -22163.1*c_dag('down',3)*c('down',3) + -0.496478*c_dag('down',3)*c('down',2) + 6.99653*c_dag('down',3)*c('down',1) + -32.2345*c_dag('down',3)*c('down',0) + -0.489128*c_dag('down',4)*c('down',5) + -22030.4*c_dag('down',4)*c('down',4) + -9.39206*c_dag('down',4)*c('down',3) + -8.02361*c_dag('down',4)*c('down',2) + -2.63636*c_dag('down',4)*c('down',1) + -9.08878*c_dag('down',4)*c('down',0) + -22169.1*c_dag('down',5)*c('down',5) + -0.489128*c_dag('down',5)*c('down',4) + 3.51577*c_dag('down',5)*c('down',3) + -8.9367*c_dag('down',5)*c('down',2) + 6.24428*c_dag('down',5)*c('down',1) + 3.34269*c_dag('down',5)*c('down',0) + 19.1934*c_dag('up',0)*c('up',5) + -10.6934*c_dag('up',0)*c('up',4) + -36.8335*c_dag('up',0)*c('up',3) + 26.4368*c_dag('up',0)*c('up',2) + 15.0614*c_dag('up',0)*c('up',1) + -13586.1*c_dag('up',0)*c('up',0) + 7.50881*c_dag('up',1)*c('up',5) + -2.654*c_dag('up',1)*c('up',4) + 4.71606*c_dag('up',1)*c('up',3) + -3.39894*c_dag('up',1)*c('up',2) + -22036.1*c_dag('up',1)*c('up',1) + 15.0614*c_dag('up',1)*c('up',0) + -6.14581*c_dag('up',2)*c('up',5) + -8.33949*c_dag('up',2)*c('up',4) + -3.69645*c_dag('up',2)*c('up',3) + -22164.8*c_dag('up',2)*c('up',2) + -3.39894*c_dag('up',2)*c('up',1) + 26.4368*c_dag('up',2)*c('up',0) + -0.392026*c_dag('up',3)*c('up',5) + -9.15928*c_dag('up',3)*c('up',4) + -22160.6*c_dag('up',3)*c('up',3) + -3.69645*c_dag('up',3)*c('up',2) + 4.71606*c_dag('up',3)*c('up',1) + -36.8335*c_dag('up',3)*c('up',0) + -0.773789*c_dag('up',4)*c('up',5) + -22029.9*c_dag('up',4)*c('up',4) + -9.15928*c_dag('up',4)*c('up',3) + -8.33949*c_dag('up',4)*c('up',2) + -2.654*c_dag('up',4)*c('up',1) + -10.6934*c_dag('up',4)*c('up',0) + -22166.2*c_dag('up',5)*c('up',5) + -0.773789*c_dag('up',5)*c('up',4) + -0.392026*c_dag('up',5)*c('up',3) + -6.14581*c_dag('up',5)*c('up',2) + 7.50881*c_dag('up',5)*c('up',1) + 19.1934*c_dag('up',5)*c('up',0) + 4*c_dag('down',0)*c_dag('up',0)*c('up',0)*c('down',0) + 4*c_dag('down',1)*c_dag('up',1)*c('up',1)*c('down',1) + 4*c_dag('down',2)*c_dag('up',2)*c('up',2)*c('down',2) + 4*c_dag('down',3)*c_dag('up',3)*c('up',3)*c('down',3) + 4*c_dag('down',4)*c_dag('up',4)*c('up',4)*c('down',4) + 4*c_dag('down',5)*c_dag('up',5)*c('up',5)*c('down',5)
Using autopartition algorithm to partition the local Hilbert space
Warning! Delta_tau diagonal term has max imaginary part: 1.13249e-06Disregarding imaginary part 
Warning! Delta_tau diagonal term has max imaginary part: 1.19209e-06Disregarding imaginary part 
Warning! Delta_tau diagonal term has max imaginary part: 1.07288e-06Disregarding imaginary part 
Warning! Delta_tau diagonal term has max imaginary part: 1.07288e-06Disregarding imaginary part 
Warning! Delta_tau diagonal term has max imaginary part: 1.19209e-06Disregarding imaginary part 
Warning! Delta_tau diagonal term has max imaginary part: 1.2517e-06Disregarding imaginary part 
Warning! Delta_tau diagonal term has max imaginary part: 9.53674e-07Disregarding imaginary part 
Warning! Delta_tau diagonal term has max imaginary part: 1.19209e-06Disregarding imaginary part 
Warning! Delta_tau diagonal term has max imaginary part: 1.13249e-06Disregarding imaginary part 
Warning! Delta_tau diagonal term has max imaginary part: 1.01328e-06Disregarding imaginary part 
Warning! Delta_tau diagonal term has max imaginary part: 1.13249e-06Disregarding imaginary part 
Warning! Delta_tau diagonal term has max imaginary part: 1.05798e-06Disregarding imaginary part 
The local Hamiltonian of the problem:
3.34269*c_dag('down',0)*c('down',5) + -9.08878*c_dag('down',0)*c('down',4) + -32.2345*c_dag('down',0)*c('down',3) + 16.7775*c_dag('down',0)*c('down',2) + 8.47353*c_dag('down',0)*c('down',1) + -13489.7*c_dag('down',0)*c('down',0) + 6.24428*c_dag('down',1)*c('down',5) + -2.63636*c_dag('down',1)*c('down',4) + 6.99653*c_dag('down',1)*c('down',3) + -4.61176*c_dag('down',1)*c('down',2) + -22036.9*c_dag('down',1)*c('down',1) + 8.47353*c_dag('down',1)*c('down',0) + -8.9367*c_dag('down',2)*c('down',5) + -8.02361*c_dag('down',2)*c('down',4) + -0.496478*c_dag('down',2)*c('down',3) + -22167.4*c_dag('down',2)*c('down',2) + -4.61176*c_dag('down',2)*c('down',1) + 16.7775*c_dag('down',2)*c('down',0) + 3.51577*c_dag('down',3)*c('down',5) + -9.39206*c_dag('down',3)*c('down',4) + -22163.1*c_dag('down',3)*c('down',3) + -0.496478*c_dag('down',3)*c('down',2) + 6.99653*c_dag('down',3)*c('down',1) + -32.2345*c_dag('down',3)*c('down',0) + -0.489128*c_dag('down',4)*c('down',5) + -22030.4*c_dag('down',4)*c('down',4) + -9.39206*c_dag('down',4)*c('down',3) + -8.02361*c_dag('down',4)*c('down',2) + -2.63636*c_dag('down',4)*c('down',1) + -9.08878*c_dag('down',4)*c('down',0) + -22169.1*c_dag('down',5)*c('down',5) + -0.489128*c_dag('down',5)*c('down',4) + 3.51577*c_dag('down',5)*c('down',3) + -8.9367*c_dag('down',5)*c('down',2) + 6.24428*c_dag('down',5)*c('down',1) + 3.34269*c_dag('down',5)*c('down',0) + 19.1934*c_dag('up',0)*c('up',5) + -10.6934*c_dag('up',0)*c('up',4) + -36.8335*c_dag('up',0)*c('up',3) + 26.4368*c_dag('up',0)*c('up',2) + 15.0614*c_dag('up',0)*c('up',1) + -13586.1*c_dag('up',0)*c('up',0) + 7.50881*c_dag('up',1)*c('up',5) + -2.654*c_dag('up',1)*c('up',4) + 4.71606*c_dag('up',1)*c('up',3) + -3.39894*c_dag('up',1)*c('up',2) + -22036.1*c_dag('up',1)*c('up',1) + 15.0614*c_dag('up',1)*c('up',0) + -6.14581*c_dag('up',2)*c('up',5) + -8.33949*c_dag('up',2)*c('up',4) + -3.69645*c_dag('up',2)*c('up',3) + -22164.8*c_dag('up',2)*c('up',2) + -3.39894*c_dag('up',2)*c('up',1) + 26.4368*c_dag('up',2)*c('up',0) + -0.392026*c_dag('up',3)*c('up',5) + -9.15928*c_dag('up',3)*c('up',4) + -22160.6*c_dag('up',3)*c('up',3) + -3.69645*c_dag('up',3)*c('up',2) + 4.71606*c_dag('up',3)*c('up',1) + -36.8335*c_dag('up',3)*c('up',0) + -0.773789*c_dag('up',4)*c('up',5) + -22029.9*c_dag('up',4)*c('up',4) + -9.15928*c_dag('up',4)*c('up',3) + -8.33949*c_dag('up',4)*c('up',2) + -2.654*c_dag('up',4)*c('up',1) + -10.6934*c_dag('up',4)*c('up',0) + -22166.2*c_dag('up',5)*c('up',5) + -0.773789*c_dag('up',5)*c('up',4) + -0.392026*c_dag('up',5)*c('up',3) + -6.14581*c_dag('up',5)*c('up',2) + 7.50881*c_dag('up',5)*c('up',1) + 19.1934*c_dag('up',5)*c('up',0) + 4*c_dag('down',0)*c_dag('up',0)*c('up',0)*c('down',0) + 4*c_dag('down',1)*c_dag('up',1)*c('up',1)*c('down',1) + 4*c_dag('down',2)*c_dag('up',2)*c('up',2)*c('down',2) + 4*c_dag('down',3)*c_dag('up',3)*c('up',3)*c('down',3) + 4*c_dag('down',4)*c_dag('up',4)*c('up',4)*c('down',4) + 4*c_dag('down',5)*c_dag('up',5)*c('up',5)*c('down',5)
Using autopartition algorithm to partition the local Hilbert space

╔╦╗╦═╗╦╔═╗ ╔═╗  ┌─┐┌┬┐┬ ┬┬ ┬┌┐ 
 ║ ╠╦╝║║═╬╗╚═╗  │   │ ├─┤└┬┘├┴┐
 ╩ ╩╚═╩╚═╝╚╚═╝  └─┘ ┴ ┴ ┴ ┴ └─┘


╔╦╗╦═╗╦╔═╗ ╔═╗  ┌─┐┌┬┐┬ ┬┬ ┬┌┐ 
 ║ ╠╦╝║║═╬╗╚═╗  │   │ ├─┤└┬┘├┴┐
 ╩ ╩╚═╩╚═╝╚╚═╝  └─┘ ┴ ┴ ┴ ┴ └─┘

Warning! Delta_tau diagonal term has max imaginary part: 1.13249e-06Disregarding imaginary part 
Warning! Delta_tau diagonal term has max imaginary part: 1.19209e-06Disregarding imaginary part 
Warning! Delta_tau diagonal term has max imaginary part: 1.07288e-06Disregarding imaginary part 
Warning! Delta_tau diagonal term has max imaginary part: 1.07288e-06Disregarding imaginary part 
Warning! Delta_tau diagonal term has max imaginary part: 1.19209e-06Disregarding imaginary part 
Warning! Delta_tau diagonal term has max imaginary part: 1.2517e-06Disregarding imaginary part 
Warning! Delta_tau diagonal term has max imaginary part: 9.53674e-07Disregarding imaginary part 
Warning! Delta_tau diagonal term has max imaginary part: 1.19209e-06Disregarding imaginary part 
Warning! Delta_tau diagonal term has max imaginary part: 1.13249e-06Disregarding imaginary part 
Warning! Delta_tau diagonal term has max imaginary part: 1.01328e-06Disregarding imaginary part 
Warning! Delta_tau diagonal term has max imaginary part: 1.13249e-06Disregarding imaginary part 
Warning! Delta_tau diagonal term has max imaginary part: 1.05798e-06Disregarding imaginary part 
The local Hamiltonian of the problem:
3.34269*c_dag('down',0)*c('down',5) + -9.08878*c_dag('down',0)*c('down',4) + -32.2345*c_dag('down',0)*c('down',3) + 16.7775*c_dag('down',0)*c('down',2) + 8.47353*c_dag('down',0)*c('down',1) + -13489.7*c_dag('down',0)*c('down',0) + 6.24428*c_dag('down',1)*c('down',5) + -2.63636*c_dag('down',1)*c('down',4) + 6.99653*c_dag('down',1)*c('down',3) + -4.61176*c_dag('down',1)*c('down',2) + -22036.9*c_dag('down',1)*c('down',1) + 8.47353*c_dag('down',1)*c('down',0) + -8.9367*c_dag('down',2)*c('down',5) + -8.02361*c_dag('down',2)*c('down',4) + -0.496478*c_dag('down',2)*c('down',3) + -22167.4*c_dag('down',2)*c('down',2) + -4.61176*c_dag('down',2)*c('down',1) + 16.7775*c_dag('down',2)*c('down',0) + 3.51577*c_dag('down',3)*c('down',5) + -9.39206*c_dag('down',3)*c('down',4) + -22163.1*c_dag('down',3)*c('down',3) + -0.496478*c_dag('down',3)*c('down',2) + 6.99653*c_dag('down',3)*c('down',1) + -32.2345*c_dag('down',3)*c('down',0) + -0.489128*c_dag('down',4)*c('down',5) + -22030.4*c_dag('down',4)*c('down',4) + -9.39206*c_dag('down',4)*c('down',3) + -8.02361*c_dag('down',4)*c('down',2) + -2.63636*c_dag('down',4)*c('down',1) + -9.08878*c_dag('down',4)*c('down',0) + -22169.1*c_dag('down',5)*c('down',5) + -0.489128*c_dag('down',5)*c('down',4) + 3.51577*c_dag('down',5)*c('down',3) + -8.9367*c_dag('down',5)*c('down',2) + 6.24428*c_dag('down',5)*c('down',1) + 3.34269*c_dag('down',5)*c('down',0) + 19.1934*c_dag('up',0)*c('up',5) + -10.6934*c_dag('up',0)*c('up',4) + -36.8335*c_dag('up',0)*c('up',3) + 26.4368*c_dag('up',0)*c('up',2) + 15.0614*c_dag('up',0)*c('up',1) + -13586.1*c_dag('up',0)*c('up',0) + 7.50881*c_dag('up',1)*c('up',5) + -2.654*c_dag('up',1)*c('up',4) + 4.71606*c_dag('up',1)*c('up',3) + -3.39894*c_dag('up',1)*c('up',2) + -22036.1*c_dag('up',1)*c('up',1) + 15.0614*c_dag('up',1)*c('up',0) + -6.14581*c_dag('up',2)*c('up',5) + -8.33949*c_dag('up',2)*c('up',4) + -3.69645*c_dag('up',2)*c('up',3) + -22164.8*c_dag('up',2)*c('up',2) + -3.39894*c_dag('up',2)*c('up',1) + 26.4368*c_dag('up',2)*c('up',0) + -0.392026*c_dag('up',3)*c('up',5) + -9.15928*c_dag('up',3)*c('up',4) + -22160.6*c_dag('up',3)*c('up',3) + -3.69645*c_dag('up',3)*c('up',2) + 4.71606*c_dag('up',3)*c('up',1) + -36.8335*c_dag('up',3)*c('up',0) + -0.773789*c_dag('up',4)*c('up',5) + -22029.9*c_dag('up',4)*c('up',4) + -9.15928*c_dag('up',4)*c('up',3) + -8.33949*c_dag('up',4)*c('up',2) + -2.654*c_dag('up',4)*c('up',1) + -10.6934*c_dag('up',4)*c('up',0) + -22166.2*c_dag('up',5)*c('up',5) + -0.773789*c_dag('up',5)*c('up',4) + -0.392026*c_dag('up',5)*c('up',3) + -6.14581*c_dag('up',5)*c('up',2) + 7.50881*c_dag('up',5)*c('up',1) + 19.1934*c_dag('up',5)*c('up',0) + 4*c_dag('down',0)*c_dag('up',0)*c('up',0)*c('down',0) + 4*c_dag('down',1)*c_dag('up',1)*c('up',1)*c('down',1) + 4*c_dag('down',2)*c_dag('up',2)*c('up',2)*c('down',2) + 4*c_dag('down',3)*c_dag('up',3)*c('up',3)*c('down',3) + 4*c_dag('down',4)*c_dag('up',4)*c('up',4)*c('down',4) + 4*c_dag('down',5)*c_dag('up',5)*c('up',5)*c('down',5)
Using autopartition algorithm to partition the local Hilbert space


[Rank 0] Collect results: Waiting for all mpi-threads to finish accumulating...
Warning! Delta_tau diagonal term has max imaginary part: 1.13249e-06Disregarding imaginary part 
Warning! Delta_tau diagonal term has max imaginary part: 1.19209e-06Disregarding imaginary part 
Warning! Delta_tau diagonal term has max imaginary part: 1.07288e-06Disregarding imaginary part 
Warning! Delta_tau diagonal term has max imaginary part: 1.07288e-06Disregarding imaginary part 
Warning! Delta_tau diagonal term has max imaginary part: 1.19209e-06Disregarding imaginary part 
Warning! Delta_tau diagonal term has max imaginary part: 1.2517e-06Disregarding imaginary part 
Warning! Delta_tau diagonal term has max imaginary part: 9.53674e-07Disregarding imaginary part 
Warning! Delta_tau diagonal term has max imaginary part: 1.19209e-06Disregarding imaginary part 
Warning! Delta_tau diagonal term has max imaginary part: 1.13249e-06Disregarding imaginary part 
Warning! Delta_tau diagonal term has max imaginary part: 1.01328e-06Disregarding imaginary part 
Warning! Delta_tau diagonal term has max imaginary part: 1.13249e-06Disregarding imaginary part 
Warning! Delta_tau diagonal term has max imaginary part: 1.05798e-06Disregarding imaginary part 
The local Hamiltonian of the problem:
3.34269*c_dag('down',0)*c('down',5) + -9.08878*c_dag('down',0)*c('down',4) + -32.2345*c_dag('down',0)*c('down',3) + 16.7775*c_dag('down',0)*c('down',2) + 8.47353*c_dag('down',0)*c('down',1) + -13489.7*c_dag('down',0)*c('down',0) + 6.24428*c_dag('down',1)*c('down',5) + -2.63636*c_dag('down',1)*c('down',4) + 6.99653*c_dag('down',1)*c('down',3) + -4.61176*c_dag('down',1)*c('down',2) + -22036.9*c_dag('down',1)*c('down',1) + 8.47353*c_dag('down',1)*c('down',0) + -8.9367*c_dag('down',2)*c('down',5) + -8.02361*c_dag('down',2)*c('down',4) + -0.496478*c_dag('down',2)*c('down',3) + -22167.4*c_dag('down',2)*c('down',2) + -4.61176*c_dag('down',2)*c('down',1) + 16.7775*c_dag('down',2)*c('down',0) + 3.51577*c_dag('down',3)*c('down',5) + -9.39206*c_dag('down',3)*c('down',4) + -22163.1*c_dag('down',3)*c('down',3) + -0.496478*c_dag('down',3)*c('down',2) + 6.99653*c_dag('down',3)*c('down',1) + -32.2345*c_dag('down',3)*c('down',0) + -0.489128*c_dag('down',4)*c('down',5) + -22030.4*c_dag('down',4)*c('down',4) + -9.39206*c_dag('down',4)*c('down',3) + -8.02361*c_dag('down',4)*c('down',2) + -2.63636*c_dag('down',4)*c('down',1) + -9.08878*c_dag('down',4)*c('down',0) + -22169.1*c_dag('down',5)*c('down',5) + -0.489128*c_dag('down',5)*c('down',4) + 3.51577*c_dag('down',5)*c('down',3) + -8.9367*c_dag('down',5)*c('down',2) + 6.24428*c_dag('down',5)*c('down',1) + 3.34269*c_dag('down',5)*c('down',0) + 19.1934*c_dag('up',0)*c('up',5) + -10.6934*c_dag('up',0)*c('up',4) + -36.8335*c_dag('up',0)*c('up',3) + 26.4368*c_dag('up',0)*c('up',2) + 15.0614*c_dag('up',0)*c('up',1) + -13586.1*c_dag('up',0)*c('up',0) + 7.50881*c_dag('up',1)*c('up',5) + -2.654*c_dag('up',1)*c('up',4) + 4.71606*c_dag('up',1)*c('up',3) + -3.39894*c_dag('up',1)*c('up',2) + -22036.1*c_dag('up',1)*c('up',1) + 15.0614*c_dag('up',1)*c('up',0) + -6.14581*c_dag('up',2)*c('up',5) + -8.33949*c_dag('up',2)*c('up',4) + -3.69645*c_dag('up',2)*c('up',3) + -22164.8*c_dag('up',2)*c('up',2) + -3.39894*c_dag('up',2)*c('up',1) + 26.4368*c_dag('up',2)*c('up',0) + -0.392026*c_dag('up',3)*c('up',5) + -9.15928*c_dag('up',3)*c('up',4) + -22160.6*c_dag('up',3)*c('up',3) + -3.69645*c_dag('up',3)*c('up',2) + 4.71606*c_dag('up',3)*c('up',1) + -36.8335*c_dag('up',3)*c('up',0) + -0.773789*c_dag('up',4)*c('up',5) + -22029.9*c_dag('up',4)*c('up',4) + -9.15928*c_dag('up',4)*c('up',3) + -8.33949*c_dag('up',4)*c('up',2) + -2.654*c_dag('up',4)*c('up',1) + -10.6934*c_dag('up',4)*c('up',0) + -22166.2*c_dag('up',5)*c('up',5) + -0.773789*c_dag('up',5)*c('up',4) + -0.392026*c_dag('up',5)*c('up',3) + -6.14581*c_dag('up',5)*c('up',2) + 7.50881*c_dag('up',5)*c('up',1) + 19.1934*c_dag('up',5)*c('up',0) + 4*c_dag('down',0)*c_dag('up',0)*c('up',0)*c('down',0) + 4*c_dag('down',1)*c_dag('up',1)*c('up',1)*c('down',1) + 4*c_dag('down',2)*c_dag('up',2)*c('up',2)*c('down',2) + 4*c_dag('down',3)*c_dag('up',3)*c('up',3)*c('down',3) + 4*c_dag('down',4)*c_dag('up',4)*c('up',4)*c('down',4) + 4*c_dag('down',5)*c_dag('up',5)*c('up',5)*c('down',5)
Using autopartition algorithm to partition the local Hilbert space
[Rank 0] Timings for all measures:
Measure               | seconds   
Auto-correlation time | 0.00113887
Average order         | 0.000570197
Average sign          | 0.000532356
G_tau measure         | 0.00667941
Total measure time    | 0.00892083
[Rank 0] Acceptance rate for all moves:
Move set Insert two operators: 4.99978e-06
  Move  Insert Delta_up: 0
  Move  Insert Delta_down: 9.9962e-06
Move set Remove two operators: 0
  Move  Remove Delta_up: 0
  Move  Remove Delta_down: 0
Move set Insert four operators: 0
  Move  Insert Delta_up_up: 0
  Move  Insert Delta_up_down: 0
  Move  Insert Delta_down_up: 0
  Move  Insert Delta_down_down: 0
Move set Remove four operators: 0
  Move  Remove Delta_up_up: 0
  Move  Remove Delta_up_down: 0
  Move  Remove Delta_down_up: 0
  Move  Remove Delta_down_down: 0
Move  Shift one operator: 4.98975e-06
[Rank 0] Warmup lasted: 0.12685 seconds [00:00:00]
[Rank 0] Simulation lasted: 0.748009 seconds [00:00:00]
[Rank 0] Number of measures: 20000
Total number of measures: 20000
Average sign: -0.2099
Average order: 0.60495
Auto-correlation time: 535.246

╔╦╗╦═╗╦╔═╗ ╔═╗  ┌─┐┌┬┐┬ ┬┬ ┬┌┐ 
 ║ ╠╦╝║║═╬╗╚═╗  │   │ ├─┤└┬┘├┴┐
 ╩ ╩╚═╩╚═╝╚╚═╝  └─┘ ┴ ┴ ┴ ┴ └─┘

Warning! Delta_tau diagonal term has max imaginary part: 1.13249e-06Disregarding imaginary part 
Warning! Delta_tau diagonal term has max imaginary part: 1.19209e-06Disregarding imaginary part 
Warning! Delta_tau diagonal term has max imaginary part: 1.07288e-06Disregarding imaginary part 
Warning! Delta_tau diagonal term has max imaginary part: 1.07288e-06Disregarding imaginary part 
Warning! Delta_tau diagonal term has max imaginary part: 1.19209e-06Disregarding imaginary part 
Warning! Delta_tau diagonal term has max imaginary part: 1.2517e-06Disregarding imaginary part 
Warning! Delta_tau diagonal term has max imaginary part: 9.53674e-07Disregarding imaginary part 
Warning! Delta_tau diagonal term has max imaginary part: 1.19209e-06Disregarding imaginary part 
Warning! Delta_tau diagonal term has max imaginary part: 1.13249e-06Disregarding imaginary part 
Warning! Delta_tau diagonal term has max imaginary part: 1.01328e-06Disregarding imaginary part 
Warning! Delta_tau diagonal term has max imaginary part: 1.13249e-06Disregarding imaginary part 
Warning! Delta_tau diagonal term has max imaginary part: 1.05798e-06Disregarding imaginary part 
The local Hamiltonian of the problem:
3.34269*c_dag('down',0)*c('down',5) + -9.08878*c_dag('down',0)*c('down',4) + -32.2345*c_dag('down',0)*c('down',3) + 16.7775*c_dag('down',0)*c('down',2) + 8.47353*c_dag('down',0)*c('down',1) + -13489.7*c_dag('down',0)*c('down',0) + 6.24428*c_dag('down',1)*c('down',5) + -2.63636*c_dag('down',1)*c('down',4) + 6.99653*c_dag('down',1)*c('down',3) + -4.61176*c_dag('down',1)*c('down',2) + -22036.9*c_dag('down',1)*c('down',1) + 8.47353*c_dag('down',1)*c('down',0) + -8.9367*c_dag('down',2)*c('down',5) + -8.02361*c_dag('down',2)*c('down',4) + -0.496478*c_dag('down',2)*c('down',3) + -22167.4*c_dag('down',2)*c('down',2) + -4.61176*c_dag('down',2)*c('down',1) + 16.7775*c_dag('down',2)*c('down',0) + 3.51577*c_dag('down',3)*c('down',5) + -9.39206*c_dag('down',3)*c('down',4) + -22163.1*c_dag('down',3)*c('down',3) + -0.496478*c_dag('down',3)*c('down',2) + 6.99653*c_dag('down',3)*c('down',1) + -32.2345*c_dag('down',3)*c('down',0) + -0.489128*c_dag('down',4)*c('down',5) + -22030.4*c_dag('down',4)*c('down',4) + -9.39206*c_dag('down',4)*c('down',3) + -8.02361*c_dag('down',4)*c('down',2) + -2.63636*c_dag('down',4)*c('down',1) + -9.08878*c_dag('down',4)*c('down',0) + -22169.1*c_dag('down',5)*c('down',5) + -0.489128*c_dag('down',5)*c('down',4) + 3.51577*c_dag('down',5)*c('down',3) + -8.9367*c_dag('down',5)*c('down',2) + 6.24428*c_dag('down',5)*c('down',1) + 3.34269*c_dag('down',5)*c('down',0) + 19.1934*c_dag('up',0)*c('up',5) + -10.6934*c_dag('up',0)*c('up',4) + -36.8335*c_dag('up',0)*c('up',3) + 26.4368*c_dag('up',0)*c('up',2) + 15.0614*c_dag('up',0)*c('up',1) + -13586.1*c_dag('up',0)*c('up',0) + 7.50881*c_dag('up',1)*c('up',5) + -2.654*c_dag('up',1)*c('up',4) + 4.71606*c_dag('up',1)*c('up',3) + -3.39894*c_dag('up',1)*c('up',2) + -22036.1*c_dag('up',1)*c('up',1) + 15.0614*c_dag('up',1)*c('up',0) + -6.14581*c_dag('up',2)*c('up',5) + -8.33949*c_dag('up',2)*c('up',4) + -3.69645*c_dag('up',2)*c('up',3) + -22164.8*c_dag('up',2)*c('up',2) + -3.39894*c_dag('up',2)*c('up',1) + 26.4368*c_dag('up',2)*c('up',0) + -0.392026*c_dag('up',3)*c('up',5) + -9.15928*c_dag('up',3)*c('up',4) + -22160.6*c_dag('up',3)*c('up',3) + -3.69645*c_dag('up',3)*c('up',2) + 4.71606*c_dag('up',3)*c('up',1) + -36.8335*c_dag('up',3)*c('up',0) + -0.773789*c_dag('up',4)*c('up',5) + -22029.9*c_dag('up',4)*c('up',4) + -9.15928*c_dag('up',4)*c('up',3) + -8.33949*c_dag('up',4)*c('up',2) + -2.654*c_dag('up',4)*c('up',1) + -10.6934*c_dag('up',4)*c('up',0) + -22166.2*c_dag('up',5)*c('up',5) + -0.773789*c_dag('up',5)*c('up',4) + -0.392026*c_dag('up',5)*c('up',3) + -6.14581*c_dag('up',5)*c('up',2) + 7.50881*c_dag('up',5)*c('up',1) + 19.1934*c_dag('up',5)*c('up',0) + 4*c_dag('down',0)*c_dag('up',0)*c('up',0)*c('down',0) + 4*c_dag('down',1)*c_dag('up',1)*c('up',1)*c('down',1) + 4*c_dag('down',2)*c_dag('up',2)*c('up',2)*c('down',2) + 4*c_dag('down',3)*c_dag('up',3)*c('up',3)*c('down',3) + 4*c_dag('down',4)*c_dag('up',4)*c('up',4)*c('down',4) + 4*c_dag('down',5)*c_dag('up',5)*c('up',5)*c('down',5)
Using autopartition algorithm to partition the local Hilbert space


[Rank 0] Collect results: Waiting for all mpi-threads to finish accumulating...
[Rank 0] Timings for all measures:
Measure               | seconds   
Auto-correlation time | 0.00113137
Average order         | 0.000570712
Average sign          | 0.000446165
G_tau measure         | 0.00666219
Total measure time    | 0.00881044
[Rank 0] Acceptance rate for all moves:
Move set Insert two operators: 4.99978e-06
  Move  Insert Delta_up: 0
  Move  Insert Delta_down: 9.9962e-06
Move set Remove two operators: 0
  Move  Remove Delta_up: 0
  Move  Remove Delta_down: 0
Move set Insert four operators: 0
  Move  Insert Delta_up_up: 0
  Move  Insert Delta_up_down: 0
  Move  Insert Delta_down_up: 0
  Move  Insert Delta_down_down: 0
Move set Remove four operators: 0
  Move  Remove Delta_up_up: 0
  Move  Remove Delta_up_down: 0
  Move  Remove Delta_down_up: 0
  Move  Remove Delta_down_down: 0
Move  Shift one operator: 4.98975e-06
[Rank 0] Warmup lasted: 0.127856 seconds [00:00:00]
[Rank 0] Simulation lasted: 0.743096 seconds [00:00:00]
[Rank 0] Number of measures: 20000
Total number of measures: 20000
Average sign: -0.2099
Average order: 0.60495
Auto-correlation time: 535.246


[Rank 0] Collect results: Waiting for all mpi-threads to finish accumulating...
[Rank 0] Timings for all measures:
Measure               | seconds   
Auto-correlation time | 0.00114312
Average order         | 0.000569147
Average sign          | 0.000456716
G_tau measure         | 0.00677903
Total measure time    | 0.00894801
[Rank 0] Acceptance rate for all moves:
Move set Insert two operators: 4.99978e-06
  Move  Insert Delta_up: 0
  Move  Insert Delta_down: 9.9962e-06
Move set Remove two operators: 0
  Move  Remove Delta_up: 0
  Move  Remove Delta_down: 0
Move set Insert four operators: 0
  Move  Insert Delta_up_up: 0
  Move  Insert Delta_up_down: 0
  Move  Insert Delta_down_up: 0
  Move  Insert Delta_down_down: 0
Move set Remove four operators: 0
  Move  Remove Delta_up_up: 0
  Move  Remove Delta_up_down: 0
  Move  Remove Delta_down_up: 0
  Move  Remove Delta_down_down: 0
Move  Shift one operator: 4.98975e-06
[Rank 0] Warmup lasted: 0.12594 seconds [00:00:00]
[Rank 0] Simulation lasted: 0.740416 seconds [00:00:00]
[Rank 0] Number of measures: 20000
Total number of measures: 20000
Average sign: -0.2099
Average order: 0.60495
Auto-correlation time: 535.246

╔╦╗╦═╗╦╔═╗ ╔═╗  ┌─┐┌┬┐┬ ┬┬ ┬┌┐ 
 ║ ╠╦╝║║═╬╗╚═╗  │   │ ├─┤└┬┘├┴┐
 ╩ ╩╚═╩╚═╝╚╚═╝  └─┘ ┴ ┴ ┴ ┴ └─┘


╔╦╗╦═╗╦╔═╗ ╔═╗  ┌─┐┌┬┐┬ ┬┬ ┬┌┐ 
 ║ ╠╦╝║║═╬╗╚═╗  │   │ ├─┤└┬┘├┴┐
 ╩ ╩╚═╩╚═╝╚╚═╝  └─┘ ┴ ┴ ┴ ┴ └─┘

Warning! Delta_tau diagonal term has max imaginary part: 1.13249e-06Disregarding imaginary part 
Warning! Delta_tau diagonal term has max imaginary part: 1.19209e-06Disregarding imaginary part 
Warning! Delta_tau diagonal term has max imaginary part: 1.07288e-06Disregarding imaginary part 
Warning! Delta_tau diagonal term has max imaginary part: 1.07288e-06Disregarding imaginary part 
Warning! Delta_tau diagonal term has max imaginary part: 1.19209e-06Disregarding imaginary part 
Warning! Delta_tau diagonal term has max imaginary part: 1.2517e-06Disregarding imaginary part 
Warning! Delta_tau diagonal term has max imaginary part: 9.53674e-07Disregarding imaginary part 
Warning! Delta_tau diagonal term has max imaginary part: 1.19209e-06Disregarding imaginary part 
Warning! Delta_tau diagonal term has max imaginary part: 1.13249e-06Disregarding imaginary part 
Warning! Delta_tau diagonal term has max imaginary part: 1.01328e-06Disregarding imaginary part 
Warning! Delta_tau diagonal term has max imaginary part: 1.13249e-06Disregarding imaginary part 
Warning! Delta_tau diagonal term has max imaginary part: 1.05798e-06Disregarding imaginary part 
The local Hamiltonian of the problem:
3.34269*c_dag('down',0)*c('down',5) + -9.08878*c_dag('down',0)*c('down',4) + -32.2345*c_dag('down',0)*c('down',3) + 16.7775*c_dag('down',0)*c('down',2) + 8.47353*c_dag('down',0)*c('down',1) + -13489.7*c_dag('down',0)*c('down',0) + 6.24428*c_dag('down',1)*c('down',5) + -2.63636*c_dag('down',1)*c('down',4) + 6.99653*c_dag('down',1)*c('down',3) + -4.61176*c_dag('down',1)*c('down',2) + -22036.9*c_dag('down',1)*c('down',1) + 8.47353*c_dag('down',1)*c('down',0) + -8.9367*c_dag('down',2)*c('down',5) + -8.02361*c_dag('down',2)*c('down',4) + -0.496478*c_dag('down',2)*c('down',3) + -22167.4*c_dag('down',2)*c('down',2) + -4.61176*c_dag('down',2)*c('down',1) + 16.7775*c_dag('down',2)*c('down',0) + 3.51577*c_dag('down',3)*c('down',5) + -9.39206*c_dag('down',3)*c('down',4) + -22163.1*c_dag('down',3)*c('down',3) + -0.496478*c_dag('down',3)*c('down',2) + 6.99653*c_dag('down',3)*c('down',1) + -32.2345*c_dag('down',3)*c('down',0) + -0.489128*c_dag('down',4)*c('down',5) + -22030.4*c_dag('down',4)*c('down',4) + -9.39206*c_dag('down',4)*c('down',3) + -8.02361*c_dag('down',4)*c('down',2) + -2.63636*c_dag('down',4)*c('down',1) + -9.08878*c_dag('down',4)*c('down',0) + -22169.1*c_dag('down',5)*c('down',5) + -0.489128*c_dag('down',5)*c('down',4) + 3.51577*c_dag('down',5)*c('down',3) + -8.9367*c_dag('down',5)*c('down',2) + 6.24428*c_dag('down',5)*c('down',1) + 3.34269*c_dag('down',5)*c('down',0) + 19.1934*c_dag('up',0)*c('up',5) + -10.6934*c_dag('up',0)*c('up',4) + -36.8335*c_dag('up',0)*c('up',3) + 26.4368*c_dag('up',0)*c('up',2) + 15.0614*c_dag('up',0)*c('up',1) + -13586.1*c_dag('up',0)*c('up',0) + 7.50881*c_dag('up',1)*c('up',5) + -2.654*c_dag('up',1)*c('up',4) + 4.71606*c_dag('up',1)*c('up',3) + -3.39894*c_dag('up',1)*c('up',2) + -22036.1*c_dag('up',1)*c('up',1) + 15.0614*c_dag('up',1)*c('up',0) + -6.14581*c_dag('up',2)*c('up',5) + -8.33949*c_dag('up',2)*c('up',4) + -3.69645*c_dag('up',2)*c('up',3) + -22164.8*c_dag('up',2)*c('up',2) + -3.39894*c_dag('up',2)*c('up',1) + 26.4368*c_dag('up',2)*c('up',0) + -0.392026*c_dag('up',3)*c('up',5) + -9.15928*c_dag('up',3)*c('up',4) + -22160.6*c_dag('up',3)*c('up',3) + -3.69645*c_dag('up',3)*c('up',2) + 4.71606*c_dag('up',3)*c('up',1) + -36.8335*c_dag('up',3)*c('up',0) + -0.773789*c_dag('up',4)*c('up',5) + -22029.9*c_dag('up',4)*c('up',4) + -9.15928*c_dag('up',4)*c('up',3) + -8.33949*c_dag('up',4)*c('up',2) + -2.654*c_dag('up',4)*c('up',1) + -10.6934*c_dag('up',4)*c('up',0) + -22166.2*c_dag('up',5)*c('up',5) + -0.773789*c_dag('up',5)*c('up',4) + -0.392026*c_dag('up',5)*c('up',3) + -6.14581*c_dag('up',5)*c('up',2) + 7.50881*c_dag('up',5)*c('up',1) + 19.1934*c_dag('up',5)*c('up',0) + 4*c_dag('down',0)*c_dag('up',0)*c('up',0)*c('down',0) + 4*c_dag('down',1)*c_dag('up',1)*c('up',1)*c('down',1) + 4*c_dag('down',2)*c_dag('up',2)*c('up',2)*c('down',2) + 4*c_dag('down',3)*c_dag('up',3)*c('up',3)*c('down',3) + 4*c_dag('down',4)*c_dag('up',4)*c('up',4)*c('down',4) + 4*c_dag('down',5)*c_dag('up',5)*c('up',5)*c('down',5)
Using autopartition algorithm to partition the local Hilbert space
Warning! Delta_tau diagonal term has max imaginary part: 1.13249e-06Disregarding imaginary part 
Warning! Delta_tau diagonal term has max imaginary part: 1.19209e-06Disregarding imaginary part 
Warning! Delta_tau diagonal term has max imaginary part: 1.07288e-06Disregarding imaginary part 
Warning! Delta_tau diagonal term has max imaginary part: 1.07288e-06Disregarding imaginary part 
Warning! Delta_tau diagonal term has max imaginary part: 1.19209e-06Disregarding imaginary part 
Warning! Delta_tau diagonal term has max imaginary part: 1.2517e-06Disregarding imaginary part 
Warning! Delta_tau diagonal term has max imaginary part: 9.53674e-07Disregarding imaginary part 
Warning! Delta_tau diagonal term has max imaginary part: 1.19209e-06Disregarding imaginary part 
Warning! Delta_tau diagonal term has max imaginary part: 1.13249e-06Disregarding imaginary part 
Warning! Delta_tau diagonal term has max imaginary part: 1.01328e-06Disregarding imaginary part 
Warning! Delta_tau diagonal term has max imaginary part: 1.13249e-06Disregarding imaginary part 
Warning! Delta_tau diagonal term has max imaginary part: 1.05798e-06Disregarding imaginary part 
The local Hamiltonian of the problem:
3.34269*c_dag('down',0)*c('down',5) + -9.08878*c_dag('down',0)*c('down',4) + -32.2345*c_dag('down',0)*c('down',3) + 16.7775*c_dag('down',0)*c('down',2) + 8.47353*c_dag('down',0)*c('down',1) + -13489.7*c_dag('down',0)*c('down',0) + 6.24428*c_dag('down',1)*c('down',5) + -2.63636*c_dag('down',1)*c('down',4) + 6.99653*c_dag('down',1)*c('down',3) + -4.61176*c_dag('down',1)*c('down',2) + -22036.9*c_dag('down',1)*c('down',1) + 8.47353*c_dag('down',1)*c('down',0) + -8.9367*c_dag('down',2)*c('down',5) + -8.02361*c_dag('down',2)*c('down',4) + -0.496478*c_dag('down',2)*c('down',3) + -22167.4*c_dag('down',2)*c('down',2) + -4.61176*c_dag('down',2)*c('down',1) + 16.7775*c_dag('down',2)*c('down',0) + 3.51577*c_dag('down',3)*c('down',5) + -9.39206*c_dag('down',3)*c('down',4) + -22163.1*c_dag('down',3)*c('down',3) + -0.496478*c_dag('down',3)*c('down',2) + 6.99653*c_dag('down',3)*c('down',1) + -32.2345*c_dag('down',3)*c('down',0) + -0.489128*c_dag('down',4)*c('down',5) + -22030.4*c_dag('down',4)*c('down',4) + -9.39206*c_dag('down',4)*c('down',3) + -8.02361*c_dag('down',4)*c('down',2) + -2.63636*c_dag('down',4)*c('down',1) + -9.08878*c_dag('down',4)*c('down',0) + -22169.1*c_dag('down',5)*c('down',5) + -0.489128*c_dag('down',5)*c('down',4) + 3.51577*c_dag('down',5)*c('down',3) + -8.9367*c_dag('down',5)*c('down',2) + 6.24428*c_dag('down',5)*c('down',1) + 3.34269*c_dag('down',5)*c('down',0) + 19.1934*c_dag('up',0)*c('up',5) + -10.6934*c_dag('up',0)*c('up',4) + -36.8335*c_dag('up',0)*c('up',3) + 26.4368*c_dag('up',0)*c('up',2) + 15.0614*c_dag('up',0)*c('up',1) + -13586.1*c_dag('up',0)*c('up',0) + 7.50881*c_dag('up',1)*c('up',5) + -2.654*c_dag('up',1)*c('up',4) + 4.71606*c_dag('up',1)*c('up',3) + -3.39894*c_dag('up',1)*c('up',2) + -22036.1*c_dag('up',1)*c('up',1) + 15.0614*c_dag('up',1)*c('up',0) + -6.14581*c_dag('up',2)*c('up',5) + -8.33949*c_dag('up',2)*c('up',4) + -3.69645*c_dag('up',2)*c('up',3) + -22164.8*c_dag('up',2)*c('up',2) + -3.39894*c_dag('up',2)*c('up',1) + 26.4368*c_dag('up',2)*c('up',0) + -0.392026*c_dag('up',3)*c('up',5) + -9.15928*c_dag('up',3)*c('up',4) + -22160.6*c_dag('up',3)*c('up',3) + -3.69645*c_dag('up',3)*c('up',2) + 4.71606*c_dag('up',3)*c('up',1) + -36.8335*c_dag('up',3)*c('up',0) + -0.773789*c_dag('up',4)*c('up',5) + -22029.9*c_dag('up',4)*c('up',4) + -9.15928*c_dag('up',4)*c('up',3) + -8.33949*c_dag('up',4)*c('up',2) + -2.654*c_dag('up',4)*c('up',1) + -10.6934*c_dag('up',4)*c('up',0) + -22166.2*c_dag('up',5)*c('up',5) + -0.773789*c_dag('up',5)*c('up',4) + -0.392026*c_dag('up',5)*c('up',3) + -6.14581*c_dag('up',5)*c('up',2) + 7.50881*c_dag('up',5)*c('up',1) + 19.1934*c_dag('up',5)*c('up',0) + 4*c_dag('down',0)*c_dag('up',0)*c('up',0)*c('down',0) + 4*c_dag('down',1)*c_dag('up',1)*c('up',1)*c('down',1) + 4*c_dag('down',2)*c_dag('up',2)*c('up',2)*c('down',2) + 4*c_dag('down',3)*c_dag('up',3)*c('up',3)*c('down',3) + 4*c_dag('down',4)*c_dag('up',4)*c('up',4)*c('down',4) + 4*c_dag('down',5)*c_dag('up',5)*c('up',5)*c('down',5)
Using autopartition algorithm to partition the local Hilbert space
Found 49 subspaces.
Found 49 subspaces.

Warming up ...

Warming up ...
Found 49 subspaces.
Found 49 subspaces.
18:26:35  77% ETA 00:00:00 cycle 3852 of 5000

Warming up ...

Warming up ...
18:26:35  78% ETA 00:00:00 cycle 3915 of 5000



Accumulating ...



Accumulating ...
Found 49 subspaces.
Found 49 subspaces.

Warming up ...

Warming up ...
18:26:35  76% ETA 00:00:00 cycle 3823 of 5000
18:26:35  78% ETA 00:00:00 cycle 3912 of 5000
18:26:35  19% ETA 00:00:00 cycle 3870 of 20000
Found 49 subspaces.



Accumulating ...



Accumulating ...
18:26:35  19% ETA 00:00:00 cycle 3915 of 20000

Warming up ...
18:26:35  77% ETA 00:00:00 cycle 3861 of 5000
18:26:35  78% ETA 00:00:00 cycle 3941 of 5000
Found 49 subspaces.



Accumulating ...



Accumulating ...

Warming up ...
Found 49 subspaces.
Found 49 subspaces.
18:26:35  19% ETA 00:00:00 cycle 3922 of 20000
18:26:35  19% ETA 00:00:00 cycle 3922 of 20000

Warming up ...
Found 49 subspaces.

Warming up ...
18:26:35  79% ETA 00:00:00 cycle 3956 of 5000

Warming up ...



Accumulating ...
18:26:35  19% ETA 00:00:00 cycle 3954 of 20000
18:26:35  19% ETA 00:00:00 cycle 3988 of 20000
18:26:35  76% ETA 00:00:00 cycle 3831 of 5000
Found 49 subspaces.

Warming up ...
18:26:36  78% ETA 00:00:00 cycle 3931 of 5000



Accumulating ...
18:26:36  77% ETA 00:00:00 cycle 3892 of 5000
Found 49 subspaces.
18:26:36  79% ETA 00:00:00 cycle 3951 of 5000



Accumulating ...

Warming up ...
18:26:36  19% ETA 00:00:00 cycle 3949 of 20000



Accumulating ...



Accumulating ...
18:26:36  79% ETA 00:00:00 cycle 3966 of 5000
Found 49 subspaces.
18:26:36  19% ETA 00:00:00 cycle 3922 of 20000

Warming up ...



Accumulating ...
18:26:36  19% ETA 00:00:00 cycle 3896 of 20000
18:26:36  78% ETA 00:00:00 cycle 3940 of 5000
18:26:36  19% ETA 00:00:00 cycle 3908 of 20000
18:26:36  19% ETA 00:00:00 cycle 3915 of 20000



Accumulating ...
18:26:36  78% ETA 00:00:00 cycle 3940 of 5000
18:26:36  20% ETA 00:00:00 cycle 4030 of 20000



Accumulating ...
18:26:36  19% ETA 00:00:00 cycle 3988 of 20000
Found 49 subspaces.

Warming up ...
Found 49 subspaces.

Warming up ...
18:26:36  19% ETA 00:00:00 cycle 3894 of 20000
18:26:36  78% ETA 00:00:00 cycle 3925 of 5000


[Rank 0] Collect results: Waiting for all mpi-threads to finish accumulating...



Accumulating ...
[Rank 0] Timings for all measures:
Measure               | seconds   
Auto-correlation time | 0.00109923
Average order         | 0.000593183
Average sign          | 0.000538519
G_tau measure         | 0.00783691
Total measure time    | 0.0100678 
[Rank 0] Acceptance rate for all moves:
Move set Insert two operators: 4.99978e-06
  Move  Insert Delta_up: 0
  Move  Insert Delta_down: 9.9962e-06
Move set Remove two operators: 0
  Move  Remove Delta_up: 0
  Move  Remove Delta_down: 0
Move set Insert four operators: 0
  Move  Insert Delta_up_up: 0
  Move  Insert Delta_up_down: 0
  Move  Insert Delta_down_up: 0
  Move  Insert Delta_down_down: 0
Move set Remove four operators: 0
  Move  Remove Delta_up_up: 0
  Move  Remove Delta_up_down: 0
  Move  Remove Delta_down_up: 0
  Move  Remove Delta_down_down: 0
Move  Shift one operator: 4.98975e-06
[Rank 0] Warmup lasted: 0.129789 seconds [00:00:00]
[Rank 0] Simulation lasted: 0.732199 seconds [00:00:00]
[Rank 0] Number of measures: 20000
Total number of measures: 20000
Average sign: -0.2099
Average order: 0.60495
Auto-correlation time: 535.246
18:26:36  80% ETA 00:00:00 cycle 4001 of 5000


[Rank 0] Collect results: Waiting for all mpi-threads to finish accumulating...
[Rank 0] Timings for all measures:
Measure               | seconds   
Auto-correlation time | 0.00110384
Average order         | 0.000590687
Average sign          | 0.000504171
G_tau measure         | 0.00671747
Total measure time    | 0.00891617
[Rank 0] Acceptance rate for all moves:
Move set Insert two operators: 4.99978e-06
  Move  Insert Delta_up: 0
  Move  Insert Delta_down: 9.9962e-06
Move set Remove two operators: 0
  Move  Remove Delta_up: 0
  Move  Remove Delta_down: 0
Move set Insert four operators: 0
  Move  Insert Delta_up_up: 0
  Move  Insert Delta_up_down: 0
  Move  Insert Delta_down_up: 0
  Move  Insert Delta_down_down: 0
Move set Remove four operators: 0
  Move  Remove Delta_up_up: 0
  Move  Remove Delta_up_down: 0
  Move  Remove Delta_down_up: 0
  Move  Remove Delta_down_down: 0
Move  Shift one operator: 4.98975e-06
[Rank 0] Warmup lasted: 0.127795 seconds [00:00:00]
[Rank 0] Simulation lasted: 0.741659 seconds [00:00:00]
[Rank 0] Number of measures: 20000
Total number of measures: 20000
Average sign: -0.2099
Average order: 0.60495
Auto-correlation time: 535.246



Accumulating ...

╔╦╗╦═╗╦╔═╗ ╔═╗  ┌─┐┌┬┐┬ ┬┬ ┬┌┐ 
 ║ ╠╦╝║║═╬╗╚═╗  │   │ ├─┤└┬┘├┴┐
 ╩ ╩╚═╩╚═╝╚╚═╝  └─┘ ┴ ┴ ┴ ┴ └─┘


╔╦╗╦═╗╦╔═╗ ╔═╗  ┌─┐┌┬┐┬ ┬┬ ┬┌┐ 
 ║ ╠╦╝║║═╬╗╚═╗  │   │ ├─┤└┬┘├┴┐
 ╩ ╩╚═╩╚═╝╚╚═╝  └─┘ ┴ ┴ ┴ ┴ └─┘





[Rank 0] Collect results: Waiting for all mpi-threads to finish accumulating...
[Rank 0] Collect results: Waiting for all mpi-threads to finish accumulating...
18:26:36  19% ETA 00:00:00 cycle 3911 of 20000
[Rank 0] Timings for all measures:
Measure               | seconds   
Auto-correlation time | 0.00111406
Average order         | 0.000538446
Average sign          | 0.000494196
G_tau measure         | 0.00684345
Total measure time    | 0.00899015
[Rank 0] Acceptance rate for all moves:
Move set Insert two operators: 4.99978e-06
  Move  Insert Delta_up: 0
  Move  Insert Delta_down: 9.9962e-06
Move set Remove two operators: 0
  Move  Remove Delta_up: 0
  Move  Remove Delta_down: 0
Move set Insert four operators: 0
  Move  Insert Delta_up_up: 0
  Move  Insert Delta_up_down: 0
  Move  Insert Delta_down_up: 0
  Move  Insert Delta_down_down: 0
Move set Remove four operators: 0
  Move  Remove Delta_up_up: 0
  Move  Remove Delta_up_down: 0
  Move  Remove Delta_down_up: 0
  Move  Remove Delta_down_down: 0
Move  Shift one operator: 4.98975e-06
[Rank 0] Warmup lasted: 0.127785 seconds [00:00:00]
[Rank 0] Simulation lasted: 0.728006 seconds [00:00:00]
[Rank 0] Number of measures: 20000
Total number of measures: 20000
Average sign: -0.2099
Average order: 0.60495
Auto-correlation time: 535.246
[Rank 0] Timings for all measures:
Measure               | seconds   
Auto-correlation time | 0.00114056
Average order         | 0.000593846
Average sign          | 0.00045248
G_tau measure         | 0.00819494
Total measure time    | 0.0103818 
[Rank 0] Acceptance rate for all moves:
Move set Insert two operators: 4.99978e-06
  Move  Insert Delta_up: 0
  Move  Insert Delta_down: 9.9962e-06
Move set Remove two operators: 0
  Move  Remove Delta_up: 0
  Move  Remove Delta_down: 0
Move set Insert four operators: 0
  Move  Insert Delta_up_up: 0
  Move  Insert Delta_up_down: 0
  Move  Insert Delta_down_up: 0
  Move  Insert Delta_down_down: 0
Move set Remove four operators: 0
  Move  Remove Delta_up_up: 0
  Move  Remove Delta_up_down: 0
  Move  Remove Delta_down_up: 0
  Move  Remove Delta_down_down: 0
Move  Shift one operator: 4.98975e-06
[Rank 0] Warmup lasted: 0.129932 seconds [00:00:00]
[Rank 0] Simulation lasted: 0.728226 seconds [00:00:00]
[Rank 0] Number of measures: 20000
Total number of measures: 20000
Average sign: -0.2099
Average order: 0.60495
Auto-correlation time: 535.246
Warning! Delta_tau diagonal term has max imaginary part: 1.13249e-06Disregarding imaginary part 
Warning! Delta_tau diagonal term has max imaginary part: 1.19209e-06Disregarding imaginary part 
Warning! Delta_tau diagonal term has max imaginary part: 1.07288e-06Disregarding imaginary part 
Warning! Delta_tau diagonal term has max imaginary part: 1.07288e-06Disregarding imaginary part 
Warning! Delta_tau diagonal term has max imaginary part: 1.19209e-06Disregarding imaginary part 
Warning! Delta_tau diagonal term has max imaginary part: 1.2517e-06Disregarding imaginary part 
Warning! Delta_tau diagonal term has max imaginary part: 9.53674e-07Disregarding imaginary part 
Warning! Delta_tau diagonal term has max imaginary part: 1.19209e-06Disregarding imaginary part 
Warning! Delta_tau diagonal term has max imaginary part: 1.13249e-06Disregarding imaginary part 
Warning! Delta_tau diagonal term has max imaginary part: 1.01328e-06Disregarding imaginary part 
Warning! Delta_tau diagonal term has max imaginary part: 1.13249e-06Disregarding imaginary part 
Warning! Delta_tau diagonal term has max imaginary part: 1.05798e-06Disregarding imaginary part 
The local Hamiltonian of the problem:
3.34269*c_dag('down',0)*c('down',5) + -9.08878*c_dag('down',0)*c('down',4) + -32.2345*c_dag('down',0)*c('down',3) + 16.7775*c_dag('down',0)*c('down',2) + 8.47353*c_dag('down',0)*c('down',1) + -13489.7*c_dag('down',0)*c('down',0) + 6.24428*c_dag('down',1)*c('down',5) + -2.63636*c_dag('down',1)*c('down',4) + 6.99653*c_dag('down',1)*c('down',3) + -4.61176*c_dag('down',1)*c('down',2) + -22036.9*c_dag('down',1)*c('down',1) + 8.47353*c_dag('down',1)*c('down',0) + -8.9367*c_dag('down',2)*c('down',5) + -8.02361*c_dag('down',2)*c('down',4) + -0.496478*c_dag('down',2)*c('down',3) + -22167.4*c_dag('down',2)*c('down',2) + -4.61176*c_dag('down',2)*c('down',1) + 16.7775*c_dag('down',2)*c('down',0) + 3.51577*c_dag('down',3)*c('down',5) + -9.39206*c_dag('down',3)*c('down',4) + -22163.1*c_dag('down',3)*c('down',3) + -0.496478*c_dag('down',3)*c('down',2) + 6.99653*c_dag('down',3)*c('down',1) + -32.2345*c_dag('down',3)*c('down',0) + -0.489128*c_dag('down',4)*c('down',5) + -22030.4*c_dag('down',4)*c('down',4) + -9.39206*c_dag('down',4)*c('down',3) + -8.02361*c_dag('down',4)*c('down',2) + -2.63636*c_dag('down',4)*c('down',1) + -9.08878*c_dag('down',4)*c('down',0) + -22169.1*c_dag('down',5)*c('down',5) + -0.489128*c_dag('down',5)*c('down',4) + 3.51577*c_dag('down',5)*c('down',3) + -8.9367*c_dag('down',5)*c('down',2) + 6.24428*c_dag('down',5)*c('down',1) + 3.34269*c_dag('down',5)*c('down',0) + 19.1934*c_dag('up',0)*c('up',5) + -10.6934*c_dag('up',0)*c('up',4) + -36.8335*c_dag('up',0)*c('up',3) + 26.4368*c_dag('up',0)*c('up',2) + 15.0614*c_dag('up',0)*c('up',1) + -13586.1*c_dag('up',0)*c('up',0) + 7.50881*c_dag('up',1)*c('up',5) + -2.654*c_dag('up',1)*c('up',4) + 4.71606*c_dag('up',1)*c('up',3) + -3.39894*c_dag('up',1)*c('up',2) + -22036.1*c_dag('up',1)*c('up',1) + 15.0614*c_dag('up',1)*c('up',0) + -6.14581*c_dag('up',2)*c('up',5) + -8.33949*c_dag('up',2)*c('up',4) + -3.69645*c_dag('up',2)*c('up',3) + -22164.8*c_dag('up',2)*c('up',2) + -3.39894*c_dag('up',2)*c('up',1) + 26.4368*c_dag('up',2)*c('up',0) + -0.392026*c_dag('up',3)*c('up',5) + -9.15928*c_dag('up',3)*c('up',4) + -22160.6*c_dag('up',3)*c('up',3) + -3.69645*c_dag('up',3)*c('up',2) + 4.71606*c_dag('up',3)*c('up',1) + -36.8335*c_dag('up',3)*c('up',0) + -0.773789*c_dag('up',4)*c('up',5) + -22029.9*c_dag('up',4)*c('up',4) + -9.15928*c_dag('up',4)*c('up',3) + -8.33949*c_dag('up',4)*c('up',2) + -2.654*c_dag('up',4)*c('up',1) + -10.6934*c_dag('up',4)*c('up',0) + -22166.2*c_dag('up',5)*c('up',5) + -0.773789*c_dag('up',5)*c('up',4) + -0.392026*c_dag('up',5)*c('up',3) + -6.14581*c_dag('up',5)*c('up',2) + 7.50881*c_dag('up',5)*c('up',1) + 19.1934*c_dag('up',5)*c('up',0) + 4*c_dag('down',0)*c_dag('up',0)*c('up',0)*c('down',0) + 4*c_dag('down',1)*c_dag('up',1)*c('up',1)*c('down',1) + 4*c_dag('down',2)*c_dag('up',2)*c('up',2)*c('down',2) + 4*c_dag('down',3)*c_dag('up',3)*c('up',3)*c('down',3) + 4*c_dag('down',4)*c_dag('up',4)*c('up',4)*c('down',4) + 4*c_dag('down',5)*c_dag('up',5)*c('up',5)*c('down',5)
Using autopartition algorithm to partition the local Hilbert space
Warning! Delta_tau diagonal term has max imaginary part: 1.13249e-06Disregarding imaginary part 
Warning! Delta_tau diagonal term has max imaginary part: 1.19209e-06Disregarding imaginary part 
Warning! Delta_tau diagonal term has max imaginary part: 1.07288e-06Disregarding imaginary part 
Warning! Delta_tau diagonal term has max imaginary part: 1.07288e-06Disregarding imaginary part 
Warning! Delta_tau diagonal term has max imaginary part: 1.19209e-06Disregarding imaginary part 
Warning! Delta_tau diagonal term has max imaginary part: 1.2517e-06Disregarding imaginary part 
Warning! Delta_tau diagonal term has max imaginary part: 9.53674e-07Disregarding imaginary part 
Warning! Delta_tau diagonal term has max imaginary part: 1.19209e-06Disregarding imaginary part 
Warning! Delta_tau diagonal term has max imaginary part: 1.13249e-06Disregarding imaginary part 
Warning! Delta_tau diagonal term has max imaginary part: 1.01328e-06Disregarding imaginary part 
Warning! Delta_tau diagonal term has max imaginary part: 1.13249e-06Disregarding imaginary part 
Warning! Delta_tau diagonal term has max imaginary part: 1.05798e-06Disregarding imaginary part 
The local Hamiltonian of the problem:
3.34269*c_dag('down',0)*c('down',5) + -9.08878*c_dag('down',0)*c('down',4) + -32.2345*c_dag('down',0)*c('down',3) + 16.7775*c_dag('down',0)*c('down',2) + 8.47353*c_dag('down',0)*c('down',1) + -13489.7*c_dag('down',0)*c('down',0) + 6.24428*c_dag('down',1)*c('down',5) + -2.63636*c_dag('down',1)*c('down',4) + 6.99653*c_dag('down',1)*c('down',3) + -4.61176*c_dag('down',1)*c('down',2) + -22036.9*c_dag('down',1)*c('down',1) + 8.47353*c_dag('down',1)*c('down',0) + -8.9367*c_dag('down',2)*c('down',5) + -8.02361*c_dag('down',2)*c('down',4) + -0.496478*c_dag('down',2)*c('down',3) + -22167.4*c_dag('down',2)*c('down',2) + -4.61176*c_dag('down',2)*c('down',1) + 16.7775*c_dag('down',2)*c('down',0) + 3.51577*c_dag('down',3)*c('down',5) + -9.39206*c_dag('down',3)*c('down',4) + -22163.1*c_dag('down',3)*c('down',3) + -0.496478*c_dag('down',3)*c('down',2) + 6.99653*c_dag('down',3)*c('down',1) + -32.2345*c_dag('down',3)*c('down',0) + -0.489128*c_dag('down',4)*c('down',5) + -22030.4*c_dag('down',4)*c('down',4) + -9.39206*c_dag('down',4)*c('down',3) + -8.02361*c_dag('down',4)*c('down',2) + -2.63636*c_dag('down',4)*c('down',1) + -9.08878*c_dag('down',4)*c('down',0) + -22169.1*c_dag('down',5)*c('down',5) + -0.489128*c_dag('down',5)*c('down',4) + 3.51577*c_dag('down',5)*c('down',3) + -8.9367*c_dag('down',5)*c('down',2) + 6.24428*c_dag('down',5)*c('down',1) + 3.34269*c_dag('down',5)*c('down',0) + 19.1934*c_dag('up',0)*c('up',5) + -10.6934*c_dag('up',0)*c('up',4) + -36.8335*c_dag('up',0)*c('up',3) + 26.4368*c_dag('up',0)*c('up',2) + 15.0614*c_dag('up',0)*c('up',1) + -13586.1*c_dag('up',0)*c('up',0) + 7.50881*c_dag('up',1)*c('up',5) + -2.654*c_dag('up',1)*c('up',4) + 4.71606*c_dag('up',1)*c('up',3) + -3.39894*c_dag('up',1)*c('up',2) + -22036.1*c_dag('up',1)*c('up',1) + 15.0614*c_dag('up',1)*c('up',0) + -6.14581*c_dag('up',2)*c('up',5) + -8.33949*c_dag('up',2)*c('up',4) + -3.69645*c_dag('up',2)*c('up',3) + -22164.8*c_dag('up',2)*c('up',2) + -3.39894*c_dag('up',2)*c('up',1) + 26.4368*c_dag('up',2)*c('up',0) + -0.392026*c_dag('up',3)*c('up',5) + -9.15928*c_dag('up',3)*c('up',4) + -22160.6*c_dag('up',3)*c('up',3) + -3.69645*c_dag('up',3)*c('up',2) + 4.71606*c_dag('up',3)*c('up',1) + -36.8335*c_dag('up',3)*c('up',0) + -0.773789*c_dag('up',4)*c('up',5) + -22029.9*c_dag('up',4)*c('up',4) + -9.15928*c_dag('up',4)*c('up',3) + -8.33949*c_dag('up',4)*c('up',2) + -2.654*c_dag('up',4)*c('up',1) + -10.6934*c_dag('up',4)*c('up',0) + -22166.2*c_dag('up',5)*c('up',5) + -0.773789*c_dag('up',5)*c('up',4) + -0.392026*c_dag('up',5)*c('up',3) + -6.14581*c_dag('up',5)*c('up',2) + 7.50881*c_dag('up',5)*c('up',1) + 19.1934*c_dag('up',5)*c('up',0) + 4*c_dag('down',0)*c_dag('up',0)*c('up',0)*c('down',0) + 4*c_dag('down',1)*c_dag('up',1)*c('up',1)*c('down',1) + 4*c_dag('down',2)*c_dag('up',2)*c('up',2)*c('down',2) + 4*c_dag('down',3)*c_dag('up',3)*c('up',3)*c('down',3) + 4*c_dag('down',4)*c_dag('up',4)*c('up',4)*c('down',4) + 4*c_dag('down',5)*c_dag('up',5)*c('up',5)*c('down',5)
Using autopartition algorithm to partition the local Hilbert space
18:26:36  19% ETA 00:00:00 cycle 3933 of 20000


[Rank 0] Collect results: Waiting for all mpi-threads to finish accumulating...


[Rank 0] Collect results: Waiting for all mpi-threads to finish accumulating...
[Rank 0] Timings for all measures:
Measure               | seconds   
Auto-correlation time | 0.00110445
Average order         | 0.000528229
Average sign          | 0.000490658
G_tau measure         | 0.00831674
Total measure time    | 0.0104401 
[Rank 0] Acceptance rate for all moves:
Move set Insert two operators: 4.99978e-06
  Move  Insert Delta_up: 0
  Move  Insert Delta_down: 9.9962e-06
Move set Remove two operators: 0
  Move  Remove Delta_up: 0
  Move  Remove Delta_down: 0
Move set Insert four operators: 0
  Move  Insert Delta_up_up: 0
  Move  Insert Delta_up_down: 0
  Move  Insert Delta_down_up: 0
  Move  Insert Delta_down_down: 0
Move set Remove four operators: 0
  Move  Remove Delta_up_up: 0
  Move  Remove Delta_up_down: 0
  Move  Remove Delta_down_up: 0
  Move  Remove Delta_down_down: 0
Move  Shift one operator: 4.98975e-06
[Rank 0] Warmup lasted: 0.129252 seconds [00:00:00]
[Rank 0] Simulation lasted: 0.732207 seconds [00:00:00]
[Rank 0] Number of measures: 20000
Total number of measures: 20000
Average sign: -0.2099
Average order: 0.60495
Auto-correlation time: 535.246
[Rank 0] Timings for all measures:
Measure               | seconds   
Auto-correlation time | 0.00110214
Average order         | 0.00059994
Average sign          | 0.000529293
G_tau measure         | 0.0068031 
Total measure time    | 0.00903448
[Rank 0] Acceptance rate for all moves:
Move set Insert two operators: 4.99978e-06
  Move  Insert Delta_up: 0
  Move  Insert Delta_down: 9.9962e-06
Move set Remove two operators: 0
  Move  Remove Delta_up: 0
  Move  Remove Delta_down: 0
Move set Insert four operators: 0
  Move  Insert Delta_up_up: 0
  Move  Insert Delta_up_down: 0
  Move  Insert Delta_down_up: 0
  Move  Insert Delta_down_down: 0
Move set Remove four operators: 0
  Move  Remove Delta_up_up: 0
  Move  Remove Delta_up_down: 0
  Move  Remove Delta_down_up: 0
  Move  Remove Delta_down_down: 0
Move  Shift one operator: 4.98975e-06
[Rank 0] Warmup lasted: 0.126693 seconds [00:00:00]
[Rank 0] Simulation lasted: 0.729774 seconds [00:00:00]
[Rank 0] Number of measures: 20000
Total number of measures: 20000
Average sign: -0.2099
Average order: 0.60495
Auto-correlation time: 535.246

╔╦╗╦═╗╦╔═╗ ╔═╗  ┌─┐┌┬┐┬ ┬┬ ┬┌┐ 
 ║ ╠╦╝║║═╬╗╚═╗  │   │ ├─┤└┬┘├┴┐
 ╩ ╩╚═╩╚═╝╚╚═╝  └─┘ ┴ ┴ ┴ ┴ └─┘


╔╦╗╦═╗╦╔═╗ ╔═╗  ┌─┐┌┬┐┬ ┬┬ ┬┌┐ 
 ║ ╠╦╝║║═╬╗╚═╗  │   │ ├─┤└┬┘├┴┐
 ╩ ╩╚═╩╚═╝╚╚═╝  └─┘ ┴ ┴ ┴ ┴ └─┘

Warning! Delta_tau diagonal term has max imaginary part: 1.13249e-06Disregarding imaginary part 
Warning! Delta_tau diagonal term has max imaginary part: 1.19209e-06Disregarding imaginary part 
Warning! Delta_tau diagonal term has max imaginary part: 1.07288e-06Disregarding imaginary part 
Warning! Delta_tau diagonal term has max imaginary part: 1.07288e-06Disregarding imaginary part 
Warning! Delta_tau diagonal term has max imaginary part: 1.19209e-06Disregarding imaginary part 
Warning! Delta_tau diagonal term has max imaginary part: 1.2517e-06Disregarding imaginary part 
Warning! Delta_tau diagonal term has max imaginary part: 9.53674e-07Disregarding imaginary part 
Warning! Delta_tau diagonal term has max imaginary part: 1.19209e-06Disregarding imaginary part 
Warning! Delta_tau diagonal term has max imaginary part: 1.13249e-06Disregarding imaginary part 
Warning! Delta_tau diagonal term has max imaginary part: 1.01328e-06Disregarding imaginary part 
Warning! Delta_tau diagonal term has max imaginary part: 1.13249e-06Disregarding imaginary part 
Warning! Delta_tau diagonal term has max imaginary part: 1.05798e-06Disregarding imaginary part 
The local Hamiltonian of the problem:
3.34269*c_dag('down',0)*c('down',5) + -9.08878*c_dag('down',0)*c('down',4) + -32.2345*c_dag('down',0)*c('down',3) + 16.7775*c_dag('down',0)*c('down',2) + 8.47353*c_dag('down',0)*c('down',1) + -13489.7*c_dag('down',0)*c('down',0) + 6.24428*c_dag('down',1)*c('down',5) + -2.63636*c_dag('down',1)*c('down',4) + 6.99653*c_dag('down',1)*c('down',3) + -4.61176*c_dag('down',1)*c('down',2) + -22036.9*c_dag('down',1)*c('down',1) + 8.47353*c_dag('down',1)*c('down',0) + -8.9367*c_dag('down',2)*c('down',5) + -8.02361*c_dag('down',2)*c('down',4) + -0.496478*c_dag('down',2)*c('down',3) + -22167.4*c_dag('down',2)*c('down',2) + -4.61176*c_dag('down',2)*c('down',1) + 16.7775*c_dag('down',2)*c('down',0) + 3.51577*c_dag('down',3)*c('down',5) + -9.39206*c_dag('down',3)*c('down',4) + -22163.1*c_dag('down',3)*c('down',3) + -0.496478*c_dag('down',3)*c('down',2) + 6.99653*c_dag('down',3)*c('down',1) + -32.2345*c_dag('down',3)*c('down',0) + -0.489128*c_dag('down',4)*c('down',5) + -22030.4*c_dag('down',4)*c('down',4) + -9.39206*c_dag('down',4)*c('down',3) + -8.02361*c_dag('down',4)*c('down',2) + -2.63636*c_dag('down',4)*c('down',1) + -9.08878*c_dag('down',4)*c('down',0) + -22169.1*c_dag('down',5)*c('down',5) + -0.489128*c_dag('down',5)*c('down',4) + 3.51577*c_dag('down',5)*c('down',3) + -8.9367*c_dag('down',5)*c('down',2) + 6.24428*c_dag('down',5)*c('down',1) + 3.34269*c_dag('down',5)*c('down',0) + 19.1934*c_dag('up',0)*c('up',5) + -10.6934*c_dag('up',0)*c('up',4) + -36.8335*c_dag('up',0)*c('up',3) + 26.4368*c_dag('up',0)*c('up',2) + 15.0614*c_dag('up',0)*c('up',1) + -13586.1*c_dag('up',0)*c('up',0) + 7.50881*c_dag('up',1)*c('up',5) + -2.654*c_dag('up',1)*c('up',4) + 4.71606*c_dag('up',1)*c('up',3) + -3.39894*c_dag('up',1)*c('up',2) + -22036.1*c_dag('up',1)*c('up',1) + 15.0614*c_dag('up',1)*c('up',0) + -6.14581*c_dag('up',2)*c('up',5) + -8.33949*c_dag('up',2)*c('up',4) + -3.69645*c_dag('up',2)*c('up',3) + -22164.8*c_dag('up',2)*c('up',2) + -3.39894*c_dag('up',2)*c('up',1) + 26.4368*c_dag('up',2)*c('up',0) + -0.392026*c_dag('up',3)*c('up',5)Warning! Delta_tau diagonal term has max imaginary part: 1.13249e-06Disregarding imaginary part 
Warning! Delta_tau diagonal term has max imaginary part: 1.19209e-06Disregarding imaginary part 
Warning! Delta_tau diagonal term has max imaginary part: 1.07288e-06Disregarding imaginary part 
Warning! Delta_tau diagonal term has max imaginary part: 1.07288e-06Disregarding imaginary part 
Warning! Delta_tau diagonal term has max imaginary part: 1.19209e-06Disregarding imaginary part 
Warning! Delta_tau diagonal term has max imaginary part: 1.2517e-06Disregarding imaginary part 
Warning! Delta_tau diagonal term has max imaginary part: 9.53674e-07Disregarding imaginary part 
Warning! Delta_tau diagonal term has max imaginary part: 1.19209e-06Disregarding imaginary part 
Warning! Delta_tau diagonal term has max imaginary part: 1.13249e-06Disregarding imaginary part 
Warning! Delta_tau diagonal term has max imaginary part: 1.01328e-06Disregarding imaginary part 
Warning! Delta_tau diagonal term has max imaginary part: 1.13249e-06Disregarding imaginary part 
Warning! Delta_tau diagonal term has max imaginary part: 1.05798e-06Disregarding imaginary part 
The local Hamiltonian of the problem:
3.34269*c_dag('down',0)*c('down',5) + -9.08878*c_dag('down',0)*c('down',4) + -32.2345*c_dag('down',0)*c('down',3) + 16.7775*c_dag('down',0)*c('down',2) + 8.47353*c_dag('down',0)*c('down',1) + -13489.7*c_dag('down',0)*c('down',0) + 6.24428*c_dag('down',1)*c('down',5) + -2.63636*c_dag('down',1)*c('down',4) + 6.99653*c_dag('down',1)*c('down',3) + -4.61176*c_dag('down',1)*c('down',2) + -22036.9*c_dag('down',1)*c('down',1) + 8.47353*c_dag('down',1)*c('down',0) + -8.9367*c_dag('down',2)*c('down',5) + -8.02361*c_dag('down',2)*c('down',4) + -0.496478*c_dag('down',2)*c('down',3) + -22167.4*c_dag('down',2)*c('down',2) + -4.61176*c_dag('down',2)*c('down',1) + 16.7775*c_dag('down',2)*c('down',0) + 3.51577*c_dag('down',3)*c('down',5) + -9.39206*c_dag('down',3)*c('down',4) + -22163.1*c_dag('down',3)*c('down',3) + -0.496478*c_dag('down',3)*c('down',2) + 6.99653*c_dag('down',3)*c('down',1) + -32.2345*c_dag('down',3)*c('down',0) + -0.489128*c_dag('down',4)*c('down',5) + -22030.4*c_dag('down',4)*c('down',4) + -9.39206*c_dag('down',4)*c('down',3) + -8.02361*c_dag('down',4)*c('down',2) + -2.63636*c_dag('down',4)*c('down',1) + -9.08878*c_dag('down',4)*c('down',0) + -22169.1*c_dag('down',5)*c('down',5) + -0.489128*c_dag('down',5)*c('down',4) + 3.51577*c_dag('down',5)*c('down',3) + -8.9367*c_dag('down',5)*c('down',2) + 6.24428*c_dag('down',5)*c('down',1) + 3.34269*c_dag('down',5)*c('down',0) + 19.1934*c_dag('up',0)*c('up',5) + -10.6934*c_dag('up',0)*c('up',4) + -36.8335*c_dag('up',0)*c('up',3) + 26.4368*c_dag('up',0)*c('up',2) + 15.0614*c_dag('up',0)*c('up',1) + -13586.1*c_dag('up',0)*c('up',0) + 7.50881*c_dag('up',1)*c('up',5) + -2.654*c_dag('up',1)*c('up',4) + 4.71606*c_dag('up',1)*c('up',3) + -3.39894*c_dag('up',1)*c('up',2) + -22036.1*c_dag('up',1)*c('up',1) + 15.0614*c_dag('up',1)*c('up',0) + -6.14581*c_dag('up',2)*c('up',5) + -8.33949*c_dag('up',2)*c('up',4) + -3.69645*c_dag('up',2)*c('up',3) + -22164.8*c_dag('up',2)*c('up',2) + -3.39894*c_dag('up',2)*c('up',1) + 26.4368*c_dag('up',2)*c('up',0) + -0.392026*c_dag('up',3)*c('up',5) + -9.15928*c_dag('up',3)*c('up',4) + -22160.6*c_dag('up',3)*c('up',3) + -3.69645*c_dag('up',3)*c('up',2) + 4.71606*c_dag('up',3)*c('up',1) + -36.8335*c_dag('up',3)*c('up',0) + -0.773789*c_dag('up',4)*c('up',5) + -22029.9*c_dag('up',4)*c('up',4) + -9.15928*c_dag('up',4)*c('up',3) + -8.33949*c_dag('up',4)*c('up',2) + -2.654*c_dag('up',4)*c('up',1) + -10.6934*c_dag('up',4)*c('up',0) + -22166.2*c_dag('up',5)*c('up',5) + -0.773789*c_dag('up',5)*c('up',4) + -0.392026*c_dag('up',5)*c('up',3) + -6.14581*c_dag('up',5)*c('up',2) + 7.50881*c_dag('up',5)*c('up',1) + 19.1934*c_dag('up',5)*c('up',0) + 4*c_dag('down',0)*c_dag('up',0)*c('up',0)*c('down',0) + 4*c_dag('down',1)*c_dag('up',1)*c('up',1)*c('down',1) + 4*c_dag('down',2)*c_dag('up',2)*c('up',2)*c('down',2) + 4*c_dag('down',3)*c_dag('up',3)*c('up',3)*c('down',3) + 4*c_dag('down',4)*c_dag('up',4)*c('up',4)*c('down',4) + 4*c_dag('down',5)*c_dag('up',5)*c('up',5)*c('down',5)
Using autopartition algorithm to partition the local Hilbert space
 + -9.15928*c_dag('up',3)*c('up',4) + -22160.6*c_dag('up',3)*c('up',3) + -3.69645*c_dag('up',3)*c('up',2) + 4.71606*c_dag('up',3)*c('up',1) + -36.8335*c_dag('up',3)*c('up',0) + -0.773789*c_dag('up',4)*c('up',5) + -22029.9*c_dag('up',4)*c('up',4) + -9.15928*c_dag('up',4)*c('up',3) + -8.33949*c_dag('up',4)*c('up',2) + -2.654*c_dag('up',4)*c('up',1) + -10.6934*c_dag('up',4)*c('up',0) + -22166.2*c_dag('up',5)*c('up',5) + -0.773789*c_dag('up',5)*c('up',4) + -0.392026*c_dag('up',5)*c('up',3) + -6.14581*c_dag('up',5)*c('up',2) + 7.50881*c_dag('up',5)*c('up',1) + 19.1934*c_dag('up',5)*c('up',0) + 4*c_dag('down',0)*c_dag('up',0)*c('up',0)*c('down',0) + 4*c_dag('down',1)*c_dag('up',1)*c('up',1)*c('down',1) + 4*c_dag('down',2)*c_dag('up',2)*c('up',2)*c('down',2) + 4*c_dag('down',3)*c_dag('up',3)*c('up',3)*c('down',3) + 4*c_dag('down',4)*c_dag('up',4)*c('up',4)*c('down',4) + 4*c_dag('down',5)*c_dag('up',5)*c('up',5)*c('down',5)
Using autopartition algorithm to partition the local Hilbert space


[Rank 0] Collect results: Waiting for all mpi-threads to finish accumulating...
[Rank 0] Timings for all measures:
Measure               | seconds   
Auto-correlation time | 0.0011152 
Average order         | 0.000586346
Average sign          | 0.000489394
G_tau measure         | 0.00675774
Total measure time    | 0.00894867
[Rank 0] Acceptance rate for all moves:
Move set Insert two operators: 4.99978e-06
  Move  Insert Delta_up: 0
  Move  Insert Delta_down: 9.9962e-06
Move set Remove two operators: 0
  Move  Remove Delta_up: 0
  Move  Remove Delta_down: 0
Move set Insert four operators: 0
  Move  Insert Delta_up_up: 0
  Move  Insert Delta_up_down: 0
  Move  Insert Delta_down_up: 0
  Move  Insert Delta_down_down: 0
Move set Remove four operators: 0
  Move  Remove Delta_up_up: 0
  Move  Remove Delta_up_down: 0
  Move  Remove Delta_down_up: 0
  Move  Remove Delta_down_down: 0
Move  Shift one operator: 4.98975e-06
[Rank 0] Warmup lasted: 0.126049 seconds [00:00:00]
[Rank 0] Simulation lasted: 0.736715 seconds [00:00:00]
[Rank 0] Number of measures: 20000
Total number of measures: 20000
Average sign: -0.2099
Average order: 0.60495
Auto-correlation time: 535.246

╔╦╗╦═╗╦╔═╗ ╔═╗  ┌─┐┌┬┐┬ ┬┬ ┬┌┐ 
 ║ ╠╦╝║║═╬╗╚═╗  │   │ ├─┤└┬┘├┴┐
 ╩ ╩╚═╩╚═╝╚╚═╝  └─┘ ┴ ┴ ┴ ┴ └─┘


╔╦╗╦═╗╦╔═╗ ╔═╗  ┌─┐┌┬┐┬ ┬┬ ┬┌┐ 
 ║ ╠╦╝║║═╬╗╚═╗  │   │ ├─┤└┬┘├┴┐
 ╩ ╩╚═╩╚═╝╚╚═╝  └─┘ ┴ ┴ ┴ ┴ └─┘

Warning! Delta_tau diagonal term has max imaginary part: 1.13249e-06Disregarding imaginary part 
Warning! Delta_tau diagonal term has max imaginary part: 1.19209e-06Disregarding imaginary part 
Warning! Delta_tau diagonal term has max imaginary part: 1.07288e-06Disregarding imaginary part 
Warning! Delta_tau diagonal term has max imaginary part: 1.07288e-06Disregarding imaginary part 
Warning! Delta_tau diagonal term has max imaginary part: 1.19209e-06Disregarding imaginary part 
Warning! Delta_tau diagonal term has max imaginary part: 1.2517e-06Disregarding imaginary part 
Warning! Delta_tau diagonal term has max imaginary part: 9.53674e-07Disregarding imaginary part 
Warning! Delta_tau diagonal term has max imaginary part: 1.19209e-06Disregarding imaginary part 
Warning! Delta_tau diagonal term has max imaginary part: 1.13249e-06Disregarding imaginary part 
Warning! Delta_tau diagonal term has max imaginary part: 1.01328e-06Disregarding imaginary part 
Warning! Delta_tau diagonal term has max imaginary part: 1.13249e-06Disregarding imaginary part 
Warning! Delta_tau diagonal term has max imaginary part: 1.05798e-06Disregarding imaginary part 
The local Hamiltonian of the problem:
3.34269*c_dag('down',0)*c('down',5) + -9.08878*c_dag('down',0)*c('down',4) + -32.2345*c_dag('down',0)*c('down',3) + 16.7775*c_dag('down',0)*c('down',2) + 8.47353*c_dag('down',0)*c('down',1) + -13489.7*c_dag('down',0)*c('down',0) + 6.24428*c_dag('down',1)*c('down',5) + -2.63636*c_dag('down',1)*c('down',4) + 6.99653*c_dag('down',1)*c('down',3) + -4.61176*c_dag('down',1)*c('down',2) + -22036.9*c_dag('down',1)*c('down',1) + 8.47353*c_dag('down',1)*c('down',0) + -8.9367*c_dag('down',2)*c('down',5) + -8.02361*c_dag('down',2)*c('down',4) + -0.496478*c_dag('down',2)*c('down',3) + -22167.4*c_dag('down',2)*c('down',2) + -4.61176*c_dag('down',2)*c('down',1) + 16.7775*c_dag('down',2)*c('down',0) + 3.51577*c_dag('down',3)*c('down',5) + -9.39206*c_dag('down',3)*c('down',4) + -22163.1*c_dag('down',3)*c('down',3) + -0.496478*c_dag('down',3)*c('down',2) + 6.99653*c_dag('down',3)*c('down',1) + -32.2345*c_dag('down',3)*c('down',0) + -0.489128*c_dag('down',4)*c('down',5) + -22030.4*c_dag('down',4)*c('down',4) + -9.39206*c_dag('down',4)*c('down',3) + -8.02361*c_dag('down',4)*c('down',2) + -2.63636*c_dag('down',4)*c('down',1) + -9.08878*c_dag('down',4)*c('down',0) + -22169.1*c_dag('down',5)*c('down',5) + -0.489128*c_dag('down',5)*c('down',4) + 3.51577*c_dag('down',5)*c('down',3) + -8.9367*c_dag('down',5)*c('down',2) + 6.24428*c_dag('down',5)*c('down',1) + 3.34269*c_dag('down',5)*c('down',0) + 19.1934*c_dag('up',0)*c('up',5) + -10.6934*c_dag('up',0)*c('up',4) + -36.8335*c_dag('up',0)*c('up',3) + 26.4368*c_dag('up',0)*c('up',2) + 15.0614*c_dag('up',0)*c('up',1) + -13586.1*c_dag('up',0)*c('up',0) + 7.50881*c_dag('up',1)*c('up',5) + -2.654*c_dag('up',1)*c('up',4) + 4.71606*c_dag('up',1)*c('up',3) + -3.39894*c_dag('up',1)*c('up',2) + -22036.1*c_dag('up',1)*c('up',1) + 15.0614*c_dag('up',1)*c('up',0) + -6.14581*c_dag('up',2)*c('up',5) + -8.33949*c_dag('up',2)*c('up',4) + -3.69645*c_dag('up',2)*c('up',3) + -22164.8*c_dag('up',2)*c('up',2) + -3.39894*c_dag('up',2)*c('up',1) + 26.4368*c_dag('up',2)*c('up',0) + -0.392026*c_dag('up',3)*c('up',5) + -9.15928*c_dag('up',3)*c('up',4) + -22160.6*c_dag('up',3)*c('up',3) + -3.69645*c_dag('up',3)*c('up',2) + 4.71606*c_dag('up',3)*c('up',1) + -36.8335*c_dag('up',3)*c('up',0) + -0.773789*c_dag('up',4)*c('up',5) + -22029.9*c_dag('up',4)*c('up',4) + -9.15928*c_dag('up',4)*c('up',3) + -8.33949*c_dag('up',4)*c('up',2) + -2.654*c_dag('up',4)*c('up',1) + -10.6934*c_dag('up',4)*c('up',0) + -22166.2*c_dag('up',5)*c('up',5) + -0.773789*c_dag('up',5)*c('up',4) + -0.392026*c_dag('up',5)*c('up',3) + -6.14581*c_dag('up',5)*c('up',2) + 7.50881*c_dag('up',5)*c('up',1) + 19.1934*c_dag('up',5)*c('up',0) + 4*c_dag('down',0)*c_dag('up',0)*c('up',0)*c('down',0) + 4*c_dag('down',1)*c_dag('up',1)*c('up',1)*c('down',1) + 4*c_dag('down',2)*c_dag('up',2)*c('up',2)*c('down',2) + 4*c_dag('down',3)*c_dag('up',3)*c('up',3)*c('down',3) + 4*c_dag('down',4)*c_dag('up',4)*c('up',4)*c('down',4) + 4*c_dag('down',5)*c_dag('up',5)*c('up',5)*c('down',5)
Using autopartition algorithm to partition the local Hilbert space
Warning! Delta_tau diagonal term has max imaginary part: 1.13249e-06Disregarding imaginary part 
Warning! Delta_tau diagonal term has max imaginary part: 1.19209e-06Disregarding imaginary part 
Warning! Delta_tau diagonal term has max imaginary part: 1.07288e-06Disregarding imaginary part 
Warning! Delta_tau diagonal term has max imaginary part: 1.07288e-06Disregarding imaginary part 
Warning! Delta_tau diagonal term has max imaginary part: 1.19209e-06Disregarding imaginary part 
Warning! Delta_tau diagonal term has max imaginary part: 1.2517e-06Disregarding imaginary part 
Warning! Delta_tau diagonal term has max imaginary part: 9.53674e-07Disregarding imaginary part 
Warning! Delta_tau diagonal term has max imaginary part: 1.19209e-06Disregarding imaginary part 
Warning! Delta_tau diagonal term has max imaginary part: 1.13249e-06Disregarding imaginary part 
Warning! Delta_tau diagonal term has max imaginary part: 1.01328e-06Disregarding imaginary part 
Warning! Delta_tau diagonal term has max imaginary part: 1.13249e-06Disregarding imaginary part 
Warning! Delta_tau diagonal term has max imaginary part: 1.05798e-06Disregarding imaginary part 
The local Hamiltonian of the problem:
3.34269*c_dag('down',0)*c('down',5) + -9.08878*c_dag('down',0)*c('down',4) + -32.2345*c_dag('down',0)*c('down',3) + 16.7775*c_dag('down',0)*c('down',2) + 8.47353*c_dag('down',0)*c('down',1) + -13489.7*c_dag('down',0)*c('down',0) + 6.24428*c_dag('down',1)*c('down',5) + -2.63636*c_dag('down',1)*c('down',4) + 6.99653*c_dag('down',1)*c('down',3) + -4.61176*c_dag('down',1)*c('down',2) + -22036.9*c_dag('down',1)*c('down',1) + 8.47353*c_dag('down',1)*c('down',0) + -8.9367*c_dag('down',2)*c('down',5) + -8.02361*c_dag('down',2)*c('down',4) + -0.496478*c_dag('down',2)*c('down',3) + -22167.4*c_dag('down',2)*c('down',2) + -4.61176*c_dag('down',2)*c('down',1) + 16.7775*c_dag('down',2)*c('down',0) + 3.51577*c_dag('down',3)*c('down',5) + -9.39206*c_dag('down',3)*c('down',4) + -22163.1*c_dag('down',3)*c('down',3) + -0.496478*c_dag('down',3)*c('down',2) + 6.99653*c_dag('down',3)*c('down',1) + -32.2345*c_dag('down',3)*c('down',0) + -0.489128*c_dag('down',4)*c('down',5) + -22030.4*c_dag('down',4)*c('down',4) + -9.39206*c_dag('down',4)*c('down',3) + -8.02361*c_dag('down',4)*c('down',2) + -2.63636*c_dag('down',4)*c('down',1) + -9.08878*c_dag('down',4)*c('down',0) + -22169.1*c_dag('down',5)*c('down',5) + -0.489128*c_dag('down',5)*c('down',4) + 3.51577*c_dag('down',5)*c('down',3) + -8.9367*c_dag('down',5)*c('down',2) + 6.24428*c_dag('down',5)*c('down',1) + 3.34269*c_dag('down',5)*c('down',0) + 19.1934*c_dag('up',0)*c('up',5) + -10.6934*c_dag('up',0)*c('up',4) + -36.8335*c_dag('up',0)*c('up',3) + 26.4368*c_dag('up',0)*c('up',2) + 15.0614*c_dag('up',0)*c('up',1) + -13586.1*c_dag('up',0)*c('up',0) + 7.50881*c_dag('up',1)*c('up',5) + -2.654*c_dag('up',1)*c('up',4) + 4.71606*c_dag('up',1)*c('up',3) + -3.39894*c_dag('up',1)*c('up',2) + -22036.1*c_dag('up',1)*c('up',1) + 15.0614*c_dag('up',1)*c('up',0) + -6.14581*c_dag('up',2)*c('up',5) + -8.33949*c_dag('up',2)*c('up',4) + -3.69645*c_dag('up',2)*c('up',3) + -22164.8*c_dag('up',2)*c('up',2) + -3.39894*c_dag('up',2)*c('up',1) + 26.4368*c_dag('up',2)*c('up',0) + -0.392026*c_dag('up',3)*c('up',5) + -9.15928*c_dag('up',3)*c('up',4) + -22160.6*c_dag('up',3)*c('up',3) + -3.69645*c_dag('up',3)*c('up',2) + 4.71606*c_dag('up',3)*c('up',1) + -36.8335*c_dag('up',3)*c('up',0) + -0.773789*c_dag('up',4)*c('up',5) + -22029.9*c_dag('up',4)*c('up',4) + -9.15928*c_dag('up',4)*c('up',3) + -8.33949*c_dag('up',4)*c('up',2) + -2.654*c_dag('up',4)*c('up',1) + -10.6934*c_dag('up',4)*c('up',0) + -22166.2*c_dag('up',5)*c('up',5) + -0.773789*c_dag('up',5)*c('up',4) + -0.392026*c_dag('up',5)*c('up',3) + -6.14581*c_dag('up',5)*c('up',2) + 7.50881*c_dag('up',5)*c('up',1) + 19.1934*c_dag('up',5)*c('up',0) + 4*c_dag('down',0)*c_dag('up',0)*c('up',0)*c('down',0) + 4*c_dag('down',1)*c_dag('up',1)*c('up',1)*c('down',1) + 4*c_dag('down',2)*c_dag('up',2)*c('up',2)*c('down',2) + 4*c_dag('down',3)*c_dag('up',3)*c('up',3)*c('down',3) + 4*c_dag('down',4)*c_dag('up',4)*c('up',4)*c('down',4) + 4*c_dag('down',5)*c_dag('up',5)*c('up',5)*c('down',5)
Using autopartition algorithm to partition the local Hilbert space


[Rank 0] Collect results: Waiting for all mpi-threads to finish accumulating...
[Rank 0] Timings for all measures:
Measure               | seconds   
Auto-correlation time | 0.00108558
Average order         | 0.000608957
Average sign          | 0.000471502
G_tau measure         | 0.00777569
Total measure time    | 0.00994173
[Rank 0] Acceptance rate for all moves:
Move set Insert two operators: 4.99978e-06
  Move  Insert Delta_up: 0
  Move  Insert Delta_down: 9.9962e-06
Move set Remove two operators: 0
  Move  Remove Delta_up: 0
  Move  Remove Delta_down: 0
Move set Insert four operators: 0
  Move  Insert Delta_up_up: 0
  Move  Insert Delta_up_down: 0
  Move  Insert Delta_down_up: 0
  Move  Insert Delta_down_down: 0
Move set Remove four operators: 0
  Move  Remove Delta_up_up: 0
  Move  Remove Delta_up_down: 0
  Move  Remove Delta_down_up: 0
  Move  Remove Delta_down_down: 0
Move  Shift one operator: 4.98975e-06
[Rank 0] Warmup lasted: 0.129635 seconds [00:00:00]
[Rank 0] Simulation lasted: 0.735996 seconds [00:00:00]
[Rank 0] Number of measures: 20000
Total number of measures: 20000
Average sign: -0.2099
Average order: 0.60495
Auto-correlation time: 535.246

╔╦╗╦═╗╦╔═╗ ╔═╗  ┌─┐┌┬┐┬ ┬┬ ┬┌┐ 
 ║ ╠╦╝║║═╬╗╚═╗  │   │ ├─┤└┬┘├┴┐
 ╩ ╩╚═╩╚═╝╚╚═╝  └─┘ ┴ ┴ ┴ ┴ └─┘



[Rank 0] Collect results: Waiting for all mpi-threads to finish accumulating...
[Rank 0] Timings for all measures:
Measure               | seconds   
Auto-correlation time | 0.00109122
Average order         | 0.000602876
Average sign          | 0.000507926
G_tau measure         | 0.00677407
Total measure time    | 0.00897609
[Rank 0] Acceptance rate for all moves:
Move set Insert two operators: 4.99978e-06
  Move  Insert Delta_up: 0
  Move  Insert Delta_down: 9.9962e-06
Move set Remove two operators: 0
  Move  Remove Delta_up: 0
  Move  Remove Delta_down: 0
Move set Insert four operators: 0
  Move  Insert Delta_up_up: 0
  Move  Insert Delta_up_down: 0
  Move  Insert Delta_down_up: 0
  Move  Insert Delta_down_down: 0
Move set Remove four operators: 0
  Move  Remove Delta_up_up: 0
  Move  Remove Delta_up_down: 0
  Move  Remove Delta_down_up: 0
  Move  Remove Delta_down_down: 0
Move  Shift one operator: 4.98975e-06
[Rank 0] Warmup lasted: 0.127274 seconds [00:00:00]
[Rank 0] Simulation lasted: 0.738362 seconds [00:00:00]
[Rank 0] Number of measures: 20000
Total number of measures: 20000
Average sign: -0.2099
Average order: 0.60495
Auto-correlation time: 535.246


[Rank 0] Collect results: Waiting for all mpi-threads to finish accumulating...
[Rank 0] Timings for all measures:
Measure               | seconds   
Auto-correlation time | 0.0011156 
Average order         | 0.000599196
Average sign          | 0.000453601
G_tau measure         | 0.00809599
Total measure time    | 0.0102644 
[Rank 0] Acceptance rate for all moves:
Move set Insert two operators: 4.99978e-06
  Move  Insert Delta_up: 0
  Move  Insert Delta_down: 9.9962e-06
Move set Remove two operators: 0
  Move  Remove Delta_up: 0
  Move  Remove Delta_down: 0
Move set Insert four operators: 0
  Move  Insert Delta_up_up: 0
  Move  Insert Delta_up_down: 0
  Move  Insert Delta_down_up: 0
  Move  Insert Delta_down_down: 0
Move set Remove four operators: 0
  Move  Remove Delta_up_up: 0
  Move  Remove Delta_up_down: 0
  Move  Remove Delta_down_up: 0
  Move  Remove Delta_down_down: 0
Move  Shift one operator: 4.98975e-06
[Rank 0] Warmup lasted: 0.128198 seconds [00:00:00]
[Rank 0] Simulation lasted: 0.736219 seconds [00:00:00]
[Rank 0] Number of measures: 20000
Total number of measures: 20000
Average sign: -0.2099
Average order: 0.60495
Auto-correlation time: 535.246


[Rank 0] Collect results: Waiting for all mpi-threads to finish accumulating...
Warning! Delta_tau diagonal term has max imaginary part: 1.13249e-06Disregarding imaginary part 
Warning! Delta_tau diagonal term has max imaginary part: 1.19209e-06Disregarding imaginary part 
Warning! Delta_tau diagonal term has max imaginary part: 1.07288e-06Disregarding imaginary part 
Warning! Delta_tau diagonal term has max imaginary part: 1.07288e-06Disregarding imaginary part 
Warning! Delta_tau diagonal term has max imaginary part: 1.19209e-06Disregarding imaginary part 
Warning! Delta_tau diagonal term has max imaginary part: 1.2517e-06Disregarding imaginary part 
Warning! Delta_tau diagonal term has max imaginary part: 9.53674e-07Disregarding imaginary part 
Warning! Delta_tau diagonal term has max imaginary part: 1.19209e-06Disregarding imaginary part 
Warning! Delta_tau diagonal term has max imaginary part: 1.13249e-06Disregarding imaginary part 
Warning! Delta_tau diagonal term has max imaginary part: 1.01328e-06Disregarding imaginary part 
Warning! Delta_tau diagonal term has max imaginary part: 1.13249e-06Disregarding imaginary part 
Warning! Delta_tau diagonal term has max imaginary part: 1.05798e-06Disregarding imaginary part 
The local Hamiltonian of the problem:
3.34269*c_dag('down',0)*c('down',5) + -9.08878*c_dag('down',0)*c('down',4) + -32.2345*c_dag('down',0)*c('down',3) + 16.7775*c_dag('down',0)*c('down',2) + 8.47353*c_dag('down',0)*c('down',1) + -13489.7*c_dag('down',0)*c('down',0) + 6.24428*c_dag('down',1)*c('down',5) + -2.63636*c_dag('down',1)*c('down',4) + 6.99653*c_dag('down',1)*c('down',3) + -4.61176*c_dag('down',1)*c('down',2) + -22036.9*c_dag('down',1)*c('down',1) + 8.47353*c_dag('down',1)*c('down',0) + -8.9367*c_dag('down',2)*c('down',5) + -8.02361*c_dag('down',2)*c('down',4) + -0.496478*c_dag('down',2)*c('down',3) + -22167.4*c_dag('down',2)*c('down',2) + -4.61176*c_dag('down',2)*c('down',1) + 16.7775*c_dag('down',2)*c('down',0) + 3.51577*c_dag('down',3)*c('down',5) + -9.39206*c_dag('down',3)*c('down',4) + -22163.1*c_dag('down',3)*c('down',3) + -0.496478*c_dag('down',3)*c('down',2) + 6.99653*c_dag('down',3)*c('down',1) + -32.2345*c_dag('down',3)*c('down',0) + -0.489128*c_dag('down',4)*c('down',5) + -22030.4*c_dag('down',4)*c('down',4) + -9.39206*c_dag('down',4)*c('down',3) + -8.02361*c_dag('down',4)*c('down',2) + -2.63636*c_dag('down',4)*c('down',1) + -9.08878*c_dag('down',4)*c('down',0) + -22169.1*c_dag('down',5)*c('down',5) + -0.489128*c_dag('down',5)*c('down',4) + 3.51577*c_dag('down',5)*c('down',3) + -8.9367*c_dag('down',5)*c('down',2) + 6.24428*c_dag('down',5)*c('down',1) + 3.34269*c_dag('down',5)*c('down',0) + 19.1934*c_dag('up',0)*c('up',5) + -10.6934*c_dag('up',0)*c('up',4) + -36.8335*c_dag('up',0)*c('up',3) + 26.4368*c_dag('up',0)*c('up',2) + 15.0614*c_dag('up',0)*c('up',1) + -13586.1*c_dag('up',0)*c('up',0) + 7.50881*c_dag('up',1)*c('up',5) + -2.654*c_dag('up',1)*c('up',4) + 4.71606*c_dag('up',1)*c('up',3) + -3.39894*c_dag('up',1)*c('up',2) + -22036.1*c_dag('up',1)*c('up',1) + 15.0614*c_dag('up',1)*c('up',0) + -6.14581*c_dag('up',2)*c('up',5) + -8.33949*c_dag('up',2)*c('up',4) + -3.69645*c_dag('up',2)*c('up',3) + -22164.8*c_dag('up',2)*c('up',2) + -3.39894*c_dag('up',2)*c('up',1) + 26.4368*c_dag('up',2)*c('up',0) + -0.392026*c_dag('up',3)*c('up',5) + -9.15928*c_dag('up',3)*c('up',4) + -22160.6*c_dag('up',3)*c('up',3) + -3.69645*c_dag('up',3)*c('up',2) + 4.71606*c_dag('up',3)*c('up',1) + -36.8335*c_dag('up',3)*c('up',0) + -0.773789*c_dag('up',4)*c('up',5) + -22029.9*c_dag('up',4)*c('up',4) + -9.15928*c_dag('up',4)*c('up',3) + -8.33949*c_dag('up',4)*c('up',2) + -2.654*c_dag('up',4)*c('up',1) + -10.6934*c_dag('up',4)*c('up',0) + -22166.2*c_dag('up',5)*c('up',5) + -0.773789*c_dag('up',5)*c('up',4) + -0.392026*c_dag('up',5)*c('up',3) + -6.14581*c_dag('up',5)*c('up',2) + 7.50881*c_dag('up',5)*c('up',1) + 19.1934*c_dag('up',5)*c('up',0) + 4*c_dag('down',0)*c_dag('up',0)*c('up',0)*c('down',0) + 4*c_dag('down',1)*c_dag('up',1)*c('up',1)*c('down',1) + 4*c_dag('down',2)*c_dag('up',2)*c('up',2)*c('down',2) + 4*c_dag('down',3)*c_dag('up',3)*c('up',3)*c('down',3) + 4*c_dag('down',4)*c_dag('up',4)*c('up',4)*c('down',4) + 4*c_dag('down',5)*c_dag('up',5)*c('up',5)*c('down',5)
Using autopartition algorithm to partition the local Hilbert space
[Rank 0] Timings for all measures:
Measure               | seconds   
Auto-correlation time | 0.00110984
Average order         | 0.000595302
Average sign          | 0.000457925
G_tau measure         | 0.00687507
Total measure time    | 0.00903813
[Rank 0] Acceptance rate for all moves:
Move set Insert two operators: 4.99978e-06
  Move  Insert Delta_up: 0
  Move  Insert Delta_down: 9.9962e-06
Move set Remove two operators: 0
  Move  Remove Delta_up: 0
  Move  Remove Delta_down: 0
Move set Insert four operators: 0
  Move  Insert Delta_up_up: 0
  Move  Insert Delta_up_down: 0
  Move  Insert Delta_down_up: 0
  Move  Insert Delta_down_down: 0
Move set Remove four operators: 0
  Move  Remove Delta_up_up: 0
  Move  Remove Delta_up_down: 0
  Move  Remove Delta_down_up: 0
  Move  Remove Delta_down_down: 0
Move  Shift one operator: 4.98975e-06
[Rank 0] Warmup lasted: 0.126825 seconds [00:00:00]
[Rank 0] Simulation lasted: 0.73586 seconds [00:00:00]
[Rank 0] Number of measures: 20000
Total number of measures: 20000
Average sign: -0.2099
Average order: 0.60495
Auto-correlation time: 535.246

╔╦╗╦═╗╦╔═╗ ╔═╗  ┌─┐┌┬┐┬ ┬┬ ┬┌┐ 
 ║ ╠╦╝║║═╬╗╚═╗  │   │ ├─┤└┬┘├┴┐
 ╩ ╩╚═╩╚═╝╚╚═╝  └─┘ ┴ ┴ ┴ ┴ └─┘


╔╦╗╦═╗╦╔═╗ ╔═╗  ┌─┐┌┬┐┬ ┬┬ ┬┌┐ 
 ║ ╠╦╝║║═╬╗╚═╗  │   │ ├─┤└┬┘├┴┐
 ╩ ╩╚═╩╚═╝╚╚═╝  └─┘ ┴ ┴ ┴ ┴ └─┘



[Rank 0] Collect results: Waiting for all mpi-threads to finish accumulating...

╔╦╗╦═╗╦╔═╗ ╔═╗  ┌─┐┌┬┐┬ ┬┬ ┬┌┐ 
 ║ ╠╦╝║║═╬╗╚═╗  │   │ ├─┤└┬┘├┴┐
 ╩ ╩╚═╩╚═╝╚╚═╝  └─┘ ┴ ┴ ┴ ┴ └─┘

[Rank 0] Timings for all measures:
Measure               | seconds   
Auto-correlation time | 0.00112191
Average order         | 0.000547851
Average sign          | 0.000532218
G_tau measure         | 0.00668212
Total measure time    | 0.0088841 
[Rank 0] Acceptance rate for all moves:
Move set Insert two operators: 4.99978e-06
  Move  Insert Delta_up: 0
  Move  Insert Delta_down: 9.9962e-06
Move set Remove two operators: 0
  Move  Remove Delta_up: 0
  Move  Remove Delta_down: 0
Move set Insert four operators: 0
  Move  Insert Delta_up_up: 0
  Move  Insert Delta_up_down: 0
  Move  Insert Delta_down_up: 0
  Move  Insert Delta_down_down: 0
Move set Remove four operators: 0
  Move  Remove Delta_up_up: 0
  Move  Remove Delta_up_down: 0
  Move  Remove Delta_down_up: 0
  Move  Remove Delta_down_down: 0
Move  Shift one operator: 4.98975e-06
[Rank 0] Warmup lasted: 0.12583 seconds [00:00:00]
[Rank 0] Simulation lasted: 0.731541 seconds [00:00:00]
[Rank 0] Number of measures: 20000
Total number of measures: 20000
Average sign: -0.2099
Average order: 0.60495
Auto-correlation time: 535.246
Warning! Delta_tau diagonal term has max imaginary part: 1.13249e-06Disregarding imaginary part 
Warning! Delta_tau diagonal term has max imaginary part: 1.19209e-06Disregarding imaginary part 
Warning! Delta_tau diagonal term has max imaginary part: 1.07288e-06Disregarding imaginary part 
Warning! Delta_tau diagonal term has max imaginary part: 1.07288e-06Disregarding imaginary part 
Warning! Delta_tau diagonal term has max imaginary part: 1.19209e-06Disregarding imaginary part 
Warning! Delta_tau diagonal term has max imaginary part: 1.2517e-06Disregarding imaginary part 
Warning! Delta_tau diagonal term has max imaginary part: 9.53674e-07Disregarding imaginary part 
Warning! Delta_tau diagonal term has max imaginary part: 1.19209e-06Disregarding imaginary part 
Warning! Delta_tau diagonal term has max imaginary part: 1.13249e-06Disregarding imaginary part 
Warning! Delta_tau diagonal term has max imaginary part: 1.01328e-06Disregarding imaginary part 
Warning! Delta_tau diagonal term has max imaginary part: 1.13249e-06Disregarding imaginary part 
Warning! Delta_tau diagonal term has max imaginary part: 1.05798e-06Disregarding imaginary part 
The local Hamiltonian of the problem:
3.34269*c_dag('down',0)*c('down',5) + -9.08878*c_dag('down',0)*c('down',4) + -32.2345*c_dag('down',0)*c('down',3) + 16.7775*c_dag('down',0)*c('down',2) + 8.47353*c_dag('down',0)*c('down',1) + -13489.7*c_dag('down',0)*c('down',0) + 6.24428*c_dag('down',1)*c('down',5) + -2.63636*c_dag('down',1)*c('down',4) + 6.99653*c_dag('down',1)*c('down',3) + -4.61176*c_dag('down',1)*c('down',2) + -22036.9*c_dag('down',1)*c('down',1) + 8.47353*c_dag('down',1)*c('down',0) + -8.9367*c_dag('down',2)*c('down',5) + -8.02361*c_dag('down',2)*c('down',4) + -0.496478*c_dag('down',2)*c('down',3) + -22167.4*c_dag('down',2)*c('down',2) + -4.61176*c_dag('down',2)*c('down',1) + 16.7775*c_dag('down',2)*c('down',0) + 3.51577*c_dag('down',3)*c('down',5) + -9.39206*c_dag('down',3)*c('down',4) + -22163.1*c_dag('down',3)*c('down',3) + -0.496478*c_dag('down',3)*c('down',2) + 6.99653*c_dag('down',3)*c('down',1) + -32.2345*c_dag('down',3)*c('down',0) + -0.489128*c_dag('down',4)*c('down',5) + -22030.4*c_dag('down',4)*c('down',4) + -9.39206*c_dag('down',4)*c('down',3) + -8.02361*c_dag('down',4)*c('down',2) + -2.63636*c_dag('down',4)*c('down',1) + -9.08878*c_dag('down',4)*c('down',0) + -22169.1*c_dag('down',5)*c('down',5) + -0.489128*c_dag('down',5)*c('down',4) + 3.51577*c_dag('down',5)*c('down',3) + -8.9367*c_dag('down',5)*c('down',2) + 6.24428*c_dag('down',5)*c('down',1) + 3.34269*c_dag('down',5)*c('down',0) + 19.1934*c_dag('up',0)*c('up',5) + -10.6934*c_dag('up',0)*c('up',4) + -36.8335*c_dag('up',0)*c('up',3) + 26.4368*c_dag('up',0)*c('up',2) + 15.0614*c_dag('up',0)*c('up',1) + -13586.1*c_dag('up',0)*c('up',0) + 7.50881*c_dag('up',1)*c('up',5) + -2.654*c_dag('up',1)*c('up',4) + 4.71606*c_dag('up',1)*c('up',3) + -3.39894*c_dag('up',1)*c('up',2) + -22036.1*c_dag('up',1)*c('up',1) + 15.0614*c_dag('up',1)*c('up',0) + -6.14581*c_dag('up',2)*c('up',5) + -8.33949*c_dag('up',2)*c('up',4) + -3.69645*c_dag('up',2)*c('up',3) + -22164.8*c_dag('up',2)*c('up',2) + -3.39894*c_dag('up',2)*c('up',1) + 26.4368*c_dag('up',2)*c('up',0) + -0.392026*c_dag('up',3)*c('up',5) + -9.15928*c_dag('up',3)*c('up',4) + -22160.6*c_dag('up',3)*c('up',3) + -3.69645*c_dag('up',3)*c('up',2) + 4.71606*c_dag('up',3)*c('up',1) + -36.8335*c_dag('up',3)*c('up',0) + -0.773789*c_dag('up',4)*c('up',5) + -22029.9*c_dag('up',4)*c('up',4) + -9.15928*c_dag('up',4)*c('up',3) + -8.33949*c_dag('up',4)*c('up',2) + -2.654*c_dag('up',4)*c('up',1) + -10.6934*c_dag('up',4)*c('up',0) + -22166.2*c_dag('up',5)*c('up',5) + -0.773789*c_dag('up',5)*c('up',4) + -0.392026*c_dag('up',5)*c('up',3) + -6.14581*c_dag('up',5)*c('up',2) + 7.50881*c_dag('up',5)*c('up',1) + 19.1934*c_dag('up',5)*c('up',0) + 4*c_dag('down',0)*c_dag('up',0)*c('up',0)*c('down',0) + 4*c_dag('down',1)*c_dag('up',1)*c('up',1)*c('down',1) + 4*c_dag('down',2)*c_dag('up',2)*c('up',2)*c('down',2) + 4*c_dag('down',3)*c_dag('up',3)*c('up',3)*c('down',3) + 4*c_dag('down',4)*c_dag('up',4)*c('up',4)*c('down',4) + 4*c_dag('down',5)*c_dag('up',5)*c('up',5)*c('down',5)
Using autopartition algorithm to partition the local Hilbert space

╔╦╗╦═╗╦╔═╗ ╔═╗  ┌─┐┌┬┐┬ ┬┬ ┬┌┐ 
 ║ ╠╦╝║║═╬╗╚═╗  │   │ ├─┤└┬┘├┴┐
 ╩ ╩╚═╩╚═╝╚╚═╝  └─┘ ┴ ┴ ┴ ┴ └─┘

Warning! Delta_tau diagonal term has max imaginary part: 1.13249e-06Disregarding imaginary part 
Warning! Delta_tau diagonal term has max imaginary part: 1.19209e-06Disregarding imaginary part 
Warning! Delta_tau diagonal term has max imaginary part: 1.07288e-06Disregarding imaginary part 
Warning! Delta_tau diagonal term has max imaginary part: 1.07288e-06Disregarding imaginary part 
Warning! Delta_tau diagonal term has max imaginary part: 1.19209e-06Disregarding imaginary part 
Warning! Delta_tau diagonal term has max imaginary part: 1.2517e-06Disregarding imaginary part 
Warning! Delta_tau diagonal term has max imaginary part: 9.53674e-07Disregarding imaginary part 
Warning! Delta_tau diagonal term has max imaginary part: 1.19209e-06Disregarding imaginary part 
Warning! Delta_tau diagonal term has max imaginary part: 1.13249e-06Disregarding imaginary part 
Warning! Delta_tau diagonal term has max imaginary part: 1.01328e-06Disregarding imaginary part 
Warning! Delta_tau diagonal term has max imaginary part: 1.13249e-06Disregarding imaginary part 
Warning! Delta_tau diagonal term has max imaginary part: 1.05798e-06Disregarding imaginary part 
The local Hamiltonian of the problem:
3.34269*c_dag('down',0)*c('down',5) + -9.08878*c_dag('down',0)*c('down',4) + -32.2345*c_dag('down',0)*c('down',3) + 16.7775*c_dag('down',0)*c('down',2) + 8.47353*c_dag('down',0)*c('down',1) + -13489.7*c_dag('down',0)*c('down',0) + 6.24428*c_dag('down',1)*c('down',5) + -2.63636*c_dag('down',1)*c('down',4) + 6.99653*c_dag('down',1)*c('down',3) + -4.61176*c_dag('down',1)*c('down',2) + -22036.9*c_dag('down',1)*c('down',1) + 8.47353*c_dag('down',1)*c('down',0) + -8.9367*c_dag('down',2)*c('down',5) + -8.02361*c_dag('down',2)*c('down',4) + -0.496478*c_dag('down',2)*c('down',3) + -22167.4*c_dag('down',2)*c('down',2) + -4.61176*c_dag('down',2)*c('down',1) + 16.7775*c_dag('down',2)*c('down',0) + 3.51577*c_dag('down',3)*c('down',5) + -9.39206*c_dag('down',3)*c('down',4) + -22163.1*c_dag('down',3)*c('down',3) + -0.496478*c_dag('down',3)*c('down',2) + 6.99653*c_dag('down',3)*c('down',1) + -32.2345*c_dag('down',3)*c('down',0) + -0.489128*c_dag('down',4)*c('down',5) + -22030.4*c_dag('down',4)*c('down',4) + -9.39206*c_dag('down',4)*c('down',3) + -8.02361*c_dag('down',4)*c('down',2) + -2.63636*c_dag('down',4)*c('down',1) + -9.08878*c_dag('down',4)*c('down',0) + -22169.1*c_dag('down',5)*c('down',5) + -0.489128*c_dag('down',5)*c('down',4) + 3.51577*c_dag('down',5)*c('down',3) + -8.9367*c_dag('down',5)*c('down',2) + 6.24428*c_dag('down',5)*c('down',1) + 3.34269*c_dag('down',5)*c('down',0) + 19.1934*c_dag('up',0)*c('up',5) + -10.6934*c_dag('up',0)*c('up',4) + -36.8335*c_dag('up',0)*c('up',3) + 26.4368*c_dag('up',0)*c('up',2) + 15.0614*c_dag('up',0)*c('up',1) + -13586.1*c_dag('up',0)*c('up',0) + 7.50881*c_dag('up',1)*c('up',5) + -2.654*c_dag('up',1)*c('up',4) + 4.71606*c_dag('up',1)*c('up',3) + -3.39894*c_dag('up',1)*c('up',2) + -22036.1*c_dag('up',1)*c('up',1) + 15.0614*c_dag('up',1)*c('up',0) + -6.14581*c_dag('up',2)*c('up',5) + -8.33949*c_dag('up',2)*c('up',4) + -3.69645*c_dag('up',2)*c('up',3) + -22164.8*c_dag('up',2)*c('up',2) + -3.39894*c_dag('up',2)*c('up',1) + 26.4368*c_dag('up',2)*c('up',0) + -0.392026*c_dag('up',3)*c('up',5) + -9.15928*c_dag('up',3)*c('up',4) + -22160.6*c_dag('up',3)*c('up',3) + -3.69645*c_dag('up',3)*c('up',2) + 4.71606*c_dag('up',3)*c('up',1) + -36.8335*c_dag('up',3)*c('up',0) + -0.773789*c_dag('up',4)*c('up',5) + -22029.9*c_dag('up',4)*c('up',4) + -9.15928*c_dag('up',4)*c('up',3) + -8.33949*c_dag('up',4)*c('up',2) + -2.654*c_dag('up',4)*c('up',1) + -10.6934*c_dag('up',4)*c('up',0) + -22166.2*c_dag('up',5)*c('up',5) + -0.773789*c_dag('up',5)*c('up',4) + -0.392026*c_dag('up',5)*c('up',3) + -6.14581*c_dag('up',5)*c('up',2) + 7.50881*c_dag('up',5)*c('up',1) + 19.1934*c_dag('up',5)*c('up',0) + 4*c_dag('down',0)*c_dag('up',0)*c('up',0)*c('down',0) + 4*c_dag('down',1)*c_dag('up',1)*c('up',1)*c('down',1) + 4*c_dag('down',2)*c_dag('up',2)*c('up',2)*c('down',2) + 4*c_dag('down',3)*c_dag('up',3)*c('up',3)*c('down',3) + 4*c_dag('down',4)*c_dag('up',4)*c('up',4)*c('down',4) + 4*c_dag('down',5)*c_dag('up',5)*c('up',5)*c('down',5)
Using autopartition algorithm to partition the local Hilbert space


[Rank 0] Collect results: Waiting for all mpi-threads to finish accumulating...
Warning! Delta_tau diagonal term has max imaginary part: 1.13249e-06Disregarding imaginary part 
Warning! Delta_tau diagonal term has max imaginary part: 1.19209e-06Disregarding imaginary part 
Warning! Delta_tau diagonal term has max imaginary part: 1.07288e-06Disregarding imaginary part 
Warning! Delta_tau diagonal term has max imaginary part: 1.07288e-06Disregarding imaginary part 
Warning! Delta_tau diagonal term has max imaginary part: 1.19209e-06Disregarding imaginary part 
Warning! Delta_tau diagonal term has max imaginary part: 1.2517e-06Disregarding imaginary part 
Warning! Delta_tau diagonal term has max imaginary part: 9.53674e-07Disregarding imaginary part 
Warning! Delta_tau diagonal term has max imaginary part: 1.19209e-06Disregarding imaginary part 
Warning! Delta_tau diagonal term has max imaginary part: 1.13249e-06Disregarding imaginary part 
Warning! Delta_tau diagonal term has max imaginary part: 1.01328e-06Disregarding imaginary part 
Warning! Delta_tau diagonal term has max imaginary part: 1.13249e-06Disregarding imaginary part 
Warning! Delta_tau diagonal term has max imaginary part: 1.05798e-06Disregarding imaginary part 
The local Hamiltonian of the problem:
3.34269*c_dag('down',0)*c('down',5) + -9.08878*c_dag('down',0)*c('down',4) + -32.2345*c_dag('down',0)*c('down',3) + 16.7775*c_dag('down',0)*c('down',2) + 8.47353*c_dag('down',0)*c('down',1) + -13489.7*c_dag('down',0)*c('down',0) + 6.24428*c_dag('down',1)*c('down',5) + -2.63636*c_dag('down',1)*c('down',4) + 6.99653*c_dag('down',1)*c('down',3) + -4.61176*c_dag('down',1)*c('down',2) + -22036.9*c_dag('down',1)*c('down',1) + 8.47353*c_dag('down',1)*c('down',0) + -8.9367*c_dag('down',2)*c('down',5) + -8.02361*c_dag('down',2)*c('down',4) + -0.496478*c_dag('down',2)*c('down',3) + -22167.4*c_dag('down',2)*c('down',2) + -4.61176*c_dag('down',2)*c('down',1) + 16.7775*c_dag('down',2)*c('down',0) + 3.51577*c_dag('down',3)*c('down',5) + -9.39206*c_dag('down',3)*c('down',4) + -22163.1*c_dag('down',3)*c('down',3) + -0.496478*c_dag('down',3)*c('down',2) + 6.99653*c_dag('down',3)*c('down',1) + -32.2345*c_dag('down',3)*c('down',0) + -0.489128*c_dag('down',4)*c('down',5) + -22030.4*c_dag('down',4)*c('down',4) + -9.39206*c_dag('down',4)*c('down',3) + -8.02361*c_dag('down',4)*c('down',2) + -2.63636*c_dag('down',4)*c('down',1) + -9.08878*c_dag('down',4)*c('down',0) + -22169.1*c_dag('down',5)*c('down',5) + -0.489128*c_dag('down',5)*c('down',4) + 3.51577*c_dag('down',5)*c('down',3) + -8.9367*c_dag('down',5)*c('down',2) + 6.24428*c_dag('down',5)*c('down',1) + 3.34269*c_dag('down',5)*c('down',0) + 19.1934*c_dag('up',0)*c('up',5) + -10.6934*c_dag('up',0)*c('up',4) + -36.8335*c_dag('up',0)*c('up',3) + 26.4368*c_dag('up',0)*c('up',2) + 15.0614*c_dag('up',0)*c('up',1) + -13586.1*c_dag('up',0)*c('up',0) + 7.50881*c_dag('up',1)*c('up',5) + -2.654*c_dag('up',1)*c('up',4) + 4.71606*c_dag('up',1)*c('up',3) + -3.39894*c_dag('up',1)*c('up',2) + -22036.1*c_dag('up',1)*c('up',1) + 15.0614*c_dag('up',1)*c('up',0) + -6.14581*c_dag('up',2)*c('up',5) + -8.33949*c_dag('up',2)*c('up',4) + -3.69645*c_dag('up',2)*c('up',3) + -22164.8*c_dag('up',2)*c('up',2) + -3.39894*c_dag('up',2)*c('up',1) + 26.4368*c_dag('up',2)*c('up',0) + -0.392026*c_dag('up',3)*c('up',5) + -9.15928*c_dag('up',3)*c('up',4) + -22160.6*c_dag('up',3)*c('up',3) + -3.69645*c_dag('up',3)*c('up',2) + 4.71606*c_dag('up',3)*c('up',1) + -36.8335*c_dag('up',3)*c('up',0) + -0.773789*c_dag('up',4)*c('up',5) + -22029.9*c_dag('up',4)*c('up',4) + -9.15928*c_dag('up',4)*c('up',3) + -8.33949*c_dag('up',4)*c('up',2) + -2.654*c_dag('up',4)*c('up',1) + -10.6934*c_dag('up',4)*c('up',0) + -22166.2*c_dag('up',5)*c('up',5) + -0.773789*c_dag('up',5)*c('up',4) + -0.392026*c_dag('up',5)*c('up',3) + -6.14581*c_dag('up',5)*c('up',2) + 7.50881*c_dag('up',5)*c('up',1) + 19.1934*c_dag('up',5)*c('up',0) + 4*c_dag('down',0)*c_dag('up',0)*c('up',0)*c('down',0) + 4*c_dag('down',1)*c_dag('up',1)*c('up',1)*c('down',1) + 4*c_dag('down',2)*c_dag('up',2)*c('up',2)*c('down',2) + 4*c_dag('down',3)*c_dag('up',3)*c('up',3)*c('down',3) + 4*c_dag('down',4)*c_dag('up',4)*c('up',4)*c('down',4) + 4*c_dag('down',5)*c_dag('up',5)*c('up',5)*c('down',5)
Using autopartition algorithm to partition the local Hilbert space
[Rank 0] Timings for all measures:
Measure               | seconds   
Auto-correlation time | 0.00110279
Average order         | 0.000528763
Average sign          | 0.000468335
G_tau measure         | 0.00702509
Total measure time    | 0.00912498
[Rank 0] Acceptance rate for all moves:
Move set Insert two operators: 4.99978e-06
  Move  Insert Delta_up: 0
  Move  Insert Delta_down: 9.9962e-06
Move set Remove two operators: 0
  Move  Remove Delta_up: 0
  Move  Remove Delta_down: 0
Move set Insert four operators: 0
  Move  Insert Delta_up_up: 0
  Move  Insert Delta_up_down: 0
  Move  Insert Delta_down_up: 0
  Move  Insert Delta_down_down: 0
Move set Remove four operators: 0
  Move  Remove Delta_up_up: 0
  Move  Remove Delta_up_down: 0
  Move  Remove Delta_down_up: 0
  Move  Remove Delta_down_down: 0
Move  Shift one operator: 4.98975e-06
[Rank 0] Warmup lasted: 0.126828 seconds [00:00:00]
[Rank 0] Simulation lasted: 0.733298 seconds [00:00:00]
[Rank 0] Number of measures: 20000
Total number of measures: 20000
Average sign: -0.2099
Average order: 0.60495
Auto-correlation time: 535.246
Warning! Delta_tau diagonal term has max imaginary part: 1.13249e-06Disregarding imaginary part 
Warning! Delta_tau diagonal term has max imaginary part: 1.19209e-06Disregarding imaginary part 
Warning! Delta_tau diagonal term has max imaginary part: 1.07288e-06Disregarding imaginary part 
Warning! Delta_tau diagonal term has max imaginary part: 1.07288e-06Disregarding imaginary part 
Warning! Delta_tau diagonal term has max imaginary part: 1.19209e-06Disregarding imaginary part 
Warning! Delta_tau diagonal term has max imaginary part: 1.2517e-06Disregarding imaginary part 
Warning! Delta_tau diagonal term has max imaginary part: 9.53674e-07Disregarding imaginary part 
Warning! Delta_tau diagonal term has max imaginary part: 1.19209e-06Disregarding imaginary part 
Warning! Delta_tau diagonal term has max imaginary part: 1.13249e-06Disregarding imaginary part 
Warning! Delta_tau diagonal term has max imaginary part: 1.01328e-06Disregarding imaginary part 
Warning! Delta_tau diagonal term has max imaginary part: 1.13249e-06Disregarding imaginary part 
Warning! Delta_tau diagonal term has max imaginary part: 1.05798e-06Disregarding imaginary part 
The local Hamiltonian of the problem:
3.34269*c_dag('down',0)*c('down',5) + -9.08878*c_dag('down',0)*c('down',4) + -32.2345*c_dag('down',0)*c('down',3) + 16.7775*c_dag('down',0)*c('down',2) + 8.47353*c_dag('down',0)*c('down',1) + -13489.7*c_dag('down',0)*c('down',0) + 6.24428*c_dag('down',1)*c('down',5) + -2.63636*c_dag('down',1)*c('down',4) + 6.99653*c_dag('down',1)*c('down',3) + -4.61176*c_dag('down',1)*c('down',2) + -22036.9*c_dag('down',1)*c('down',1) + 8.47353*c_dag('down',1)*c('down',0) + -8.9367*c_dag('down',2)*c('down',5) + -8.02361*c_dag('down',2)*c('down',4) + -0.496478*c_dag('down',2)*c('down',3) + -22167.4*c_dag('down',2)*c('down',2) + -4.61176*c_dag('down',2)*c('down',1) + 16.7775*c_dag('down',2)*c('down',0) + 3.51577*c_dag('down',3)*c('down',5) + -9.39206*c_dag('down',3)*c('down',4) + -22163.1*c_dag('down',3)*c('down',3) + -0.496478*c_dag('down',3)*c('down',2) + 6.99653*c_dag('down',3)*c('down',1) + -32.2345*c_dag('down',3)*c('down',0) + -0.489128*c_dag('down',4)*c('down',5) + -22030.4*c_dag('down',4)*c('down',4) + -9.39206*c_dag('down',4)*c('down',3) + -8.02361*c_dag('down',4)*c('down',2) + -2.63636*c_dag('down',4)*c('down',1) + -9.08878*c_dag('down',4)*c('down',0) + -22169.1*c_dag('down',5)*c('down',5) + -0.489128*c_dag('down',5)*c('down',4) + 3.51577*c_dag('down',5)*c('down',3) + -8.9367*c_dag('down',5)*c('down',2) + 6.24428*c_dag('down',5)*c('down',1) + 3.34269*c_dag('down',5)*c('down',0) + 19.1934*c_dag('up',0)*c('up',5) + -10.6934*c_dag('up',0)*c('up',4) + -36.8335*c_dag('up',0)*c('up',3) + 26.4368*c_dag('up',0)*c('up',2) + 15.0614*c_dag('up',0)*c('up',1) + -13586.1*c_dag('up',0)*c('up',0) + 7.50881*c_dag('up',1)*c('up',5) + -2.654*c_dag('up',1)*c('up',4) + 4.71606*c_dag('up',1)*c('up',3) + -3.39894*c_dag('up',1)*c('up',2) + -22036.1*c_dag('up',1)*c('up',1) + 15.0614*c_dag('up',1)*c('up',0) + -6.14581*c_dag('up',2)*c('up',5) + -8.33949*c_dag('up',2)*c('up',4) + -3.69645*c_dag('up',2)*c('up',3) + -22164.8*c_dag('up',2)*c('up',2) + -3.39894*c_dag('up',2)*c('up',1) + 26.4368*c_dag('up',2)*c('up',0) + -0.392026*c_dag('up',3)*c('up',5) + -9.15928*c_dag('up',3)*c('up',4) + -22160.6*c_dag('up',3)*c('up',3) + -3.69645*c_dag('up',3)*c('up',2) + 4.71606*c_dag('up',3)*c('up',1) + -36.8335*c_dag('up',3)*c('up',0) + -0.773789*c_dag('up',4)*c('up',5) + -22029.9*c_dag('up',4)*c('up',4) + -9.15928*c_dag('up',4)*c('up',3) + -8.33949*c_dag('up',4)*c('up',2) + -2.654*c_dag('up',4)*c('up',1) + -10.6934*c_dag('up',4)*c('up',0) + -22166.2*c_dag('up',5)*c('up',5) + -0.773789*c_dag('up',5)*c('up',4) + -0.392026*c_dag('up',5)*c('up',3) + -6.14581*c_dag('up',5)*c('up',2) + 7.50881*c_dag('up',5)*c('up',1) + 19.1934*c_dag('up',5)*c('up',0) + 4*c_dag('down',0)*c_dag('up',0)*c('up',0)*c('down',0) + 4*c_dag('down',1)*c_dag('up',1)*c('up',1)*c('down',1) + 4*c_dag('down',2)*c_dag('up',2)*c('up',2)*c('down',2) + 4*c_dag('down',3)*c_dag('up',3)*c('up',3)*c('down',3) + 4*c_dag('down',4)*c_dag('up',4)*c('up',4)*c('down',4) + 4*c_dag('down',5)*c_dag('up',5)*c('up',5)*c('down',5)
Using autopartition algorithm to partition the local Hilbert space

╔╦╗╦═╗╦╔═╗ ╔═╗  ┌─┐┌┬┐┬ ┬┬ ┬┌┐ 
 ║ ╠╦╝║║═╬╗╚═╗  │   │ ├─┤└┬┘├┴┐
 ╩ ╩╚═╩╚═╝╚╚═╝  └─┘ ┴ ┴ ┴ ┴ └─┘

Warning! Delta_tau diagonal term has max imaginary part: 1.13249e-06Disregarding imaginary part 
Warning! Delta_tau diagonal term has max imaginary part: 1.19209e-06Disregarding imaginary part 
Warning! Delta_tau diagonal term has max imaginary part: 1.07288e-06Disregarding imaginary part 
Warning! Delta_tau diagonal term has max imaginary part: 1.07288e-06Disregarding imaginary part 
Warning! Delta_tau diagonal term has max imaginary part: 1.19209e-06Disregarding imaginary part 
Warning! Delta_tau diagonal term has max imaginary part: 1.2517e-06Disregarding imaginary part 
Warning! Delta_tau diagonal term has max imaginary part: 9.53674e-07Disregarding imaginary part 
Warning! Delta_tau diagonal term has max imaginary part: 1.19209e-06Disregarding imaginary part 
Warning! Delta_tau diagonal term has max imaginary part: 1.13249e-06Disregarding imaginary part 
Warning! Delta_tau diagonal term has max imaginary part: 1.01328e-06Disregarding imaginary part 
Warning! Delta_tau diagonal term has max imaginary part: 1.13249e-06Disregarding imaginary part 
Warning! Delta_tau diagonal term has max imaginary part: 1.05798e-06Disregarding imaginary part 
The local Hamiltonian of the problem:
3.34269*c_dag('down',0)*c('down',5) + -9.08878*c_dag('down',0)*c('down',4) + -32.2345*c_dag('down',0)*c('down',3) + 16.7775*c_dag('down',0)*c('down',2) + 8.47353*c_dag('down',0)*c('down',1) + -13489.7*c_dag('down',0)*c('down',0) + 6.24428*c_dag('down',1)*c('down',5) + -2.63636*c_dag('down',1)*c('down',4) + 6.99653*c_dag('down',1)*c('down',3) + -4.61176*c_dag('down',1)*c('down',2) + -22036.9*c_dag('down',1)*c('down',1) + 8.47353*c_dag('down',1)*c('down',0) + -8.9367*c_dag('down',2)*c('down',5) + -8.02361*c_dag('down',2)*c('down',4) + -0.496478*c_dag('down',2)*c('down',3) + -22167.4*c_dag('down',2)*c('down',2) + -4.61176*c_dag('down',2)*c('down',1) + 16.7775*c_dag('down',2)*c('down',0) + 3.51577*c_dag('down',3)*c('down',5) + -9.39206*c_dag('down',3)*c('down',4) + -22163.1*c_dag('down',3)*c('down',3) + -0.496478*c_dag('down',3)*c('down',2) + 6.99653*c_dag('down',3)*c('down',1) + -32.2345*c_dag('down',3)*c('down',0) + -0.489128*c_dag('down',4)*c('down',5) + -22030.4*c_dag('down',4)*c('down',4) + -9.39206*c_dag('down',4)*c('down',3) + -8.02361*c_dag('down',4)*c('down',2) + -2.63636*c_dag('down',4)*c('down',1) + -9.08878*c_dag('down',4)*c('down',0) + -22169.1*c_dag('down',5)*c('down',5) + -0.489128*c_dag('down',5)*c('down',4) + 3.51577*c_dag('down',5)*c('down',3) + -8.9367*c_dag('down',5)*c('down',2) + 6.24428*c_dag('down',5)*c('down',1) + 3.34269*c_dag('down',5)*c('down',0) + 19.1934*c_dag('up',0)*c('up',5) + -10.6934*c_dag('up',0)*c('up',4) + -36.8335*c_dag('up',0)*c('up',3) + 26.4368*c_dag('up',0)*c('up',2) + 15.0614*c_dag('up',0)*c('up',1) + -13586.1*c_dag('up',0)*c('up',0) + 7.50881*c_dag('up',1)*c('up',5) + -2.654*c_dag('up',1)*c('up',4) + 4.71606*c_dag('up',1)*c('up',3) + -3.39894*c_dag('up',1)*c('up',2) + -22036.1*c_dag('up',1)*c('up',1) + 15.0614*c_dag('up',1)*c('up',0) + -6.14581*c_dag('up',2)*c('up',5) + -8.33949*c_dag('up',2)*c('up',4) + -3.69645*c_dag('up',2)*c('up',3) + -22164.8*c_dag('up',2)*c('up',2) + -3.39894*c_dag('up',2)*c('up',1) + 26.4368*c_dag('up',2)*c('up',0) + -0.392026*c_dag('up',3)*c('up',5) + -9.15928*c_dag('up',3)*c('up',4) + -22160.6*c_dag('up',3)*c('up',3) + -3.69645*c_dag('up',3)*c('up',2) + 4.71606*c_dag('up',3)*c('up',1) + -36.8335*c_dag('up',3)*c('up',0) + -0.773789*c_dag('up',4)*c('up',5) + -22029.9*c_dag('up',4)*c('up',4) + -9.15928*c_dag('up',4)*c('up',3) + -8.33949*c_dag('up',4)*c('up',2) + -2.654*c_dag('up',4)*c('up',1) + -10.6934*c_dag('up',4)*c('up',0) + -22166.2*c_dag('up',5)*c('up',5) + -0.773789*c_dag('up',5)*c('up',4) + -0.392026*c_dag('up',5)*c('up',3) + -6.14581*c_dag('up',5)*c('up',2) + 7.50881*c_dag('up',5)*c('up',1) + 19.1934*c_dag('up',5)*c('up',0) + 4*c_dag('down',0)*c_dag('up',0)*c('up',0)*c('down',0) + 4*c_dag('down',1)*c_dag('up',1)*c('up',1)*c('down',1) + 4*c_dag('down',2)*c_dag('up',2)*c('up',2)*c('down',2) + 4*c_dag('down',3)*c_dag('up',3)*c('up',3)*c('down',3) + 4*c_dag('down',4)*c_dag('up',4)*c('up',4)*c('down',4) + 4*c_dag('down',5)*c_dag('up',5)*c('up',5)*c('down',5)
Using autopartition algorithm to partition the local Hilbert space

╔╦╗╦═╗╦╔═╗ ╔═╗  ┌─┐┌┬┐┬ ┬┬ ┬┌┐ 
 ║ ╠╦╝║║═╬╗╚═╗  │   │ ├─┤└┬┘├┴┐
 ╩ ╩╚═╩╚═╝╚╚═╝  └─┘ ┴ ┴ ┴ ┴ └─┘



[Rank 0] Collect results: Waiting for all mpi-threads to finish accumulating...
[Rank 0] Timings for all measures:
Measure               | seconds   
Auto-correlation time | 0.00110492
Average order         | 0.000584872
Average sign          | 0.000452807
G_tau measure         | 0.0067041 
Total measure time    | 0.0088467 
[Rank 0] Acceptance rate for all moves:
Move set Insert two operators: 4.99978e-06
  Move  Insert Delta_up: 0
  Move  Insert Delta_down: 9.9962e-06
Move set Remove two operators: 0
  Move  Remove Delta_up: 0
  Move  Remove Delta_down: 0
Move set Insert four operators: 0
  Move  Insert Delta_up_up: 0
  Move  Insert Delta_up_down: 0
  Move  Insert Delta_down_up: 0
  Move  Insert Delta_down_down: 0
Move set Remove four operators: 0
  Move  Remove Delta_up_up: 0
  Move  Remove Delta_up_down: 0
  Move  Remove Delta_down_up: 0
  Move  Remove Delta_down_down: 0
Move  Shift one operator: 4.98975e-06
[Rank 0] Warmup lasted: 0.126887 seconds [00:00:00]
[Rank 0] Simulation lasted: 0.745361 seconds [00:00:00]
[Rank 0] Number of measures: 20000
Total number of measures: 20000
Average sign: -0.2099
Average order: 0.60495
Auto-correlation time: 535.246
Warning! Delta_tau diagonal term has max imaginary part: 1.13249e-06Disregarding imaginary part 
Warning! Delta_tau diagonal term has max imaginary part: 1.19209e-06Disregarding imaginary part 
Warning! Delta_tau diagonal term has max imaginary part: 1.07288e-06Disregarding imaginary part 
Warning! Delta_tau diagonal term has max imaginary part: 1.07288e-06Disregarding imaginary part 
Warning! Delta_tau diagonal term has max imaginary part: 1.19209e-06Disregarding imaginary part 
Warning! Delta_tau diagonal term has max imaginary part: 1.2517e-06Disregarding imaginary part 
Warning! Delta_tau diagonal term has max imaginary part: 9.53674e-07Disregarding imaginary part 
Warning! Delta_tau diagonal term has max imaginary part: 1.19209e-06Disregarding imaginary part 
Warning! Delta_tau diagonal term has max imaginary part: 1.13249e-06Disregarding imaginary part 
Warning! Delta_tau diagonal term has max imaginary part: 1.01328e-06Disregarding imaginary part 
Warning! Delta_tau diagonal term has max imaginary part: 1.13249e-06Disregarding imaginary part 
Warning! Delta_tau diagonal term has max imaginary part: 1.05798e-06Disregarding imaginary part 
The local Hamiltonian of the problem:
3.34269*c_dag('down',0)*c('down',5) + -9.08878*c_dag('down',0)*c('down',4) + -32.2345*c_dag('down',0)*c('down',3) + 16.7775*c_dag('down',0)*c('down',2) + 8.47353*c_dag('down',0)*c('down',1) + -13489.7*c_dag('down',0)*c('down',0) + 6.24428*c_dag('down',1)*c('down',5) + -2.63636*c_dag('down',1)*c('down',4) + 6.99653*c_dag('down',1)*c('down',3) + -4.61176*c_dag('down',1)*c('down',2) + -22036.9*c_dag('down',1)*c('down',1) + 8.47353*c_dag('down',1)*c('down',0) + -8.9367*c_dag('down',2)*c('down',5) + -8.02361*c_dag('down',2)*c('down',4) + -0.496478*c_dag('down',2)*c('down',3) + -22167.4*c_dag('down',2)*c('down',2) + -4.61176*c_dag('down',2)*c('down',1) + 16.7775*c_dag('down',2)*c('down',0) + 3.51577*c_dag('down',3)*c('down',5) + -9.39206*c_dag('down',3)*c('down',4) + -22163.1*c_dag('down',3)*c('down',3) + -0.496478*c_dag('down',3)*c('down',2) + 6.99653*c_dag('down',3)*c('down',1) + -32.2345*c_dag('down',3)*c('down',0) + -0.489128*c_dag('down',4)*c('down',5) + -22030.4*c_dag('down',4)*c('down',4) + -9.39206*c_dag('down',4)*c('down',3) + -8.02361*c_dag('down',4)*c('down',2) + -2.63636*c_dag('down',4)*c('down',1) + -9.08878*c_dag('down',4)*c('down',0) + -22169.1*c_dag('down',5)*c('down',5) + -0.489128*c_dag('down',5)*c('down',4) + 3.51577*c_dag('down',5)*c('down',3) + -8.9367*c_dag('down',5)*c('down',2) + 6.24428*c_dag('down',5)*c('down',1) + 3.34269*c_dag('down',5)*c('down',0) + 19.1934*c_dag('up',0)*c('up',5) + -10.6934*c_dag('up',0)*c('up',4) + -36.8335*c_dag('up',0)*c('up',3) + 26.4368*c_dag('up',0)*c('up',2) + 15.0614*c_dag('up',0)*c('up',1) + -13586.1*c_dag('up',0)*c('up',0) + 7.50881*c_dag('up',1)*c('up',5) + -2.654*c_dag('up',1)*c('up',4) + 4.71606*c_dag('up',1)*c('up',3) + -3.39894*c_dag('up',1)*c('up',2) + -22036.1*c_dag('up',1)*c('up',1) + 15.0614*c_dag('up',1)*c('up',0) + -6.14581*c_dag('up',2)*c('up',5) + -8.33949*c_dag('up',2)*c('up',4) + -3.69645*c_dag('up',2)*c('up',3) + -22164.8*c_dag('up',2)*c('up',2) + -3.39894*c_dag('up',2)*c('up',1) + 26.4368*c_dag('up',2)*c('up',0) + -0.392026*c_dag('up',3)*c('up',5) + -9.15928*c_dag('up',3)*c('up',4) + -22160.6*c_dag('up',3)*c('up',3) + -3.69645*c_dag('up',3)*c('up',2) + 4.71606*c_dag('up',3)*c('up',1) + -36.8335*c_dag('up',3)*c('up',0) + -0.773789*c_dag('up',4)*c('up',5) + -22029.9*c_dag('up',4)*c('up',4) + -9.15928*c_dag('up',4)*c('up',3) + -8.33949*c_dag('up',4)*c('up',2) + -2.654*c_dag('up',4)*c('up',1) + -10.6934*c_dag('up',4)*c('up',0) + -22166.2*c_dag('up',5)*c('up',5) + -0.773789*c_dag('up',5)*c('up',4) + -0.392026*c_dag('up',5)*c('up',3) + -6.14581*c_dag('up',5)*c('up',2) + 7.50881*c_dag('up',5)*c('up',1) + 19.1934*c_dag('up',5)*c('up',0) + 4*c_dag('down',0)*c_dag('up',0)*c('up',0)*c('down',0) + 4*c_dag('down',1)*c_dag('up',1)*c('up',1)*c('down',1) + 4*c_dag('down',2)*c_dag('up',2)*c('up',2)*c('down',2) + 4*c_dag('down',3)*c_dag('up',3)*c('up',3)*c('down',3) + 4*c_dag('down',4)*c_dag('up',4)*c('up',4)*c('down',4) + 4*c_dag('down',5)*c_dag('up',5)*c('up',5)*c('down',5)
Using autopartition algorithm to partition the local Hilbert space

╔╦╗╦═╗╦╔═╗ ╔═╗  ┌─┐┌┬┐┬ ┬┬ ┬┌┐ 
 ║ ╠╦╝║║═╬╗╚═╗  │   │ ├─┤└┬┘├┴┐
 ╩ ╩╚═╩╚═╝╚╚═╝  └─┘ ┴ ┴ ┴ ┴ └─┘

Warning! Delta_tau diagonal term has max imaginary part: 1.13249e-06Disregarding imaginary part 
Warning! Delta_tau diagonal term has max imaginary part: 1.19209e-06Disregarding imaginary part 
Warning! Delta_tau diagonal term has max imaginary part: 1.07288e-06Disregarding imaginary part 
Warning! Delta_tau diagonal term has max imaginary part: 1.07288e-06Disregarding imaginary part 
Warning! Delta_tau diagonal term has max imaginary part: 1.19209e-06Disregarding imaginary part 
Warning! Delta_tau diagonal term has max imaginary part: 1.2517e-06Disregarding imaginary part 
Warning! Delta_tau diagonal term has max imaginary part: 9.53674e-07Disregarding imaginary part 
Warning! Delta_tau diagonal term has max imaginary part: 1.19209e-06Disregarding imaginary part 
Warning! Delta_tau diagonal term has max imaginary part: 1.13249e-06Disregarding imaginary part 
Warning! Delta_tau diagonal term has max imaginary part: 1.01328e-06Disregarding imaginary part 
Warning! Delta_tau diagonal term has max imaginary part: 1.13249e-06Disregarding imaginary part 
Warning! Delta_tau diagonal term has max imaginary part: 1.05798e-06Disregarding imaginary part 
The local Hamiltonian of the problem:
3.34269*c_dag('down',0)*c('down',5) + -9.08878*c_dag('down',0)*c('down',4) + -32.2345*c_dag('down',0)*c('down',3) + 16.7775*c_dag('down',0)*c('down',2) + 8.47353*c_dag('down',0)*c('down',1) + -13489.7*c_dag('down',0)*c('down',0) + 6.24428*c_dag('down',1)*c('down',5) + -2.63636*c_dag('down',1)*c('down',4) + 6.99653*c_dag('down',1)*c('down',3) + -4.61176*c_dag('down',1)*c('down',2) + -22036.9*c_dag('down',1)*c('down',1) + 8.47353*c_dag('down',1)*c('down',0) + -8.9367*c_dag('down',2)*c('down',5) + -8.02361*c_dag('down',2)*c('down',4) + -0.496478*c_dag('down',2)*c('down',3) + -22167.4*c_dag('down',2)*c('down',2) + -4.61176*c_dag('down',2)*c('down',1) + 16.7775*c_dag('down',2)*c('down',0) + 3.51577*c_dag('down',3)*c('down',5) + -9.39206*c_dag('down',3)*c('down',4) + -22163.1*c_dag('down',3)*c('down',3) + -0.496478*c_dag('down',3)*c('down',2) + 6.99653*c_dag('down',3)*c('down',1) + -32.2345*c_dag('down',3)*c('down',0) + -0.489128*c_dag('down',4)*c('down',5) + -22030.4*c_dag('down',4)*c('down',4) + -9.39206*c_dag('down',4)*c('down',3) + -8.02361*c_dag('down',4)*c('down',2) + -2.63636*c_dag('down',4)*c('down',1) + -9.08878*c_dag('down',4)*c('down',0) + -22169.1*c_dag('down',5)*c('down',5) + -0.489128*c_dag('down',5)*c('down',4) + 3.51577*c_dag('down',5)*c('down',3) + -8.9367*c_dag('down',5)*c('down',2) + 6.24428*c_dag('down',5)*c('down',1) + 3.34269*c_dag('down',5)*c('down',0) + 19.1934*c_dag('up',0)*c('up',5) + -10.6934*c_dag('up',0)*c('up',4) + -36.8335*c_dag('up',0)*c('up',3) + 26.4368*c_dag('up',0)*c('up',2) + 15.0614*c_dag('up',0)*c('up',1) + -13586.1*c_dag('up',0)*c('up',0) + 7.50881*c_dag('up',1)*c('up',5) + -2.654*c_dag('up',1)*c('up',4) + 4.71606*c_dag('up',1)*c('up',3) + -3.39894*c_dag('up',1)*c('up',2) + -22036.1*c_dag('up',1)*c('up',1) + 15.0614*c_dag('up',1)*c('up',0) + -6.14581*c_dag('up',2)*c('up',5) + -8.33949*c_dag('up',2)*c('up',4) + -3.69645*c_dag('up',2)*c('up',3) + -22164.8*c_dag('up',2)*c('up',2) + -3.39894*c_dag('up',2)*c('up',1) + 26.4368*c_dag('up',2)*c('up',0) + -0.392026*c_dag('up',3)*c('up',5) + -9.15928*c_dag('up',3)*c('up',4) + -22160.6*c_dag('up',3)*c('up',3) + -3.69645*c_dag('up',3)*c('up',2) + 4.71606*c_dag('up',3)*c('up',1) + -36.8335*c_dag('up',3)*c('up',0) + -0.773789*c_dag('up',4)*c('up',5) + -22029.9*c_dag('up',4)*c('up',4) + -9.15928*c_dag('up',4)*c('up',3) + -8.33949*c_dag('up',4)*c('up',2) + -2.654*c_dag('up',4)*c('up',1) + -10.6934*c_dag('up',4)*c('up',0) + -22166.2*c_dag('up',5)*c('up',5) + -0.773789*c_dag('up',5)*c('up',4) + -0.392026*c_dag('up',5)*c('up',3) + -6.14581*c_dag('up',5)*c('up',2) + 7.50881*c_dag('up',5)*c('up',1) + 19.1934*c_dag('up',5)*c('up',0) + 4*c_dag('down',0)*c_dag('up',0)*c('up',0)*c('down',0) + 4*c_dag('down',1)*c_dag('up',1)*c('up',1)*c('down',1) + 4*c_dag('down',2)*c_dag('up',2)*c('up',2)*c('down',2) + 4*c_dag('down',3)*c_dag('up',3)*c('up',3)*c('down',3) + 4*c_dag('down',4)*c_dag('up',4)*c('up',4)*c('down',4) + 4*c_dag('down',5)*c_dag('up',5)*c('up',5)*c('down',5)
Using autopartition algorithm to partition the local Hilbert space


[Rank 0] Collect results: Waiting for all mpi-threads to finish accumulating...
[Rank 0] Timings for all measures:
Measure               | seconds   
Auto-correlation time | 0.00112526
Average order         | 0.00053494
Average sign          | 0.000494549
G_tau measure         | 0.00658724
Total measure time    | 0.00874199
[Rank 0] Acceptance rate for all moves:
Move set Insert two operators: 4.99978e-06
  Move  Insert Delta_up: 0
  Move  Insert Delta_down: 9.9962e-06
Move set Remove two operators: 0
  Move  Remove Delta_up: 0
  Move  Remove Delta_down: 0
Move set Insert four operators: 0
  Move  Insert Delta_up_up: 0
  Move  Insert Delta_up_down: 0
  Move  Insert Delta_down_up: 0
  Move  Insert Delta_down_down: 0
Move set Remove four operators: 0
  Move  Remove Delta_up_up: 0
  Move  Remove Delta_up_down: 0
  Move  Remove Delta_down_up: 0
  Move  Remove Delta_down_down: 0
Move  Shift one operator: 4.98975e-06
[Rank 0] Warmup lasted: 0.127192 seconds [00:00:00]
[Rank 0] Simulation lasted: 0.742906 seconds [00:00:00]
[Rank 0] Number of measures: 20000
Total number of measures: 20000
Average sign: -0.2099
Average order: 0.60495
Auto-correlation time: 535.246


[Rank 0] Collect results: Waiting for all mpi-threads to finish accumulating...
[Rank 0] Timings for all measures:
Measure               | seconds   
Auto-correlation time | 0.00114286
Average order         | 0.000549314
Average sign          | 0.000493462
G_tau measure         | 0.00673138
Total measure time    | 0.00891701
[Rank 0] Acceptance rate for all moves:
Move set Insert two operators: 4.99978e-06
  Move  Insert Delta_up: 0
  Move  Insert Delta_down: 9.9962e-06
Move set Remove two operators: 0
  Move  Remove Delta_up: 0
  Move  Remove Delta_down: 0
Move set Insert four operators: 0
  Move  Insert Delta_up_up: 0
  Move  Insert Delta_up_down: 0
  Move  Insert Delta_down_up: 0
  Move  Insert Delta_down_down: 0
Move set Remove four operators: 0
  Move  Remove Delta_up_up: 0
  Move  Remove Delta_up_down: 0
  Move  Remove Delta_down_up: 0
  Move  Remove Delta_down_down: 0
Move  Shift one operator: 4.98975e-06
[Rank 0] Warmup lasted: 0.125095 seconds [00:00:00]
[Rank 0] Simulation lasted: 0.74068 seconds [00:00:00]
[Rank 0] Number of measures: 20000
Total number of measures: 20000
Average sign: -0.2099
Average order: 0.60495
Auto-correlation time: 535.246

╔╦╗╦═╗╦╔═╗ ╔═╗  ┌─┐┌┬┐┬ ┬┬ ┬┌┐ 
 ║ ╠╦╝║║═╬╗╚═╗  │   │ ├─┤└┬┘├┴┐
 ╩ ╩╚═╩╚═╝╚╚═╝  └─┘ ┴ ┴ ┴ ┴ └─┘


╔╦╗╦═╗╦╔═╗ ╔═╗  ┌─┐┌┬┐┬ ┬┬ ┬┌┐ 
 ║ ╠╦╝║║═╬╗╚═╗  │   │ ├─┤└┬┘├┴┐
 ╩ ╩╚═╩╚═╝╚╚═╝  └─┘ ┴ ┴ ┴ ┴ └─┘

Warning! Delta_tau diagonal term has max imaginary part: 1.13249e-06Disregarding imaginary part 
Warning! Delta_tau diagonal term has max imaginary part: 1.19209e-06Disregarding imaginary part 
Warning! Delta_tau diagonal term has max imaginary part: 1.07288e-06Disregarding imaginary part 
Warning! Delta_tau diagonal term has max imaginary part: 1.07288e-06Disregarding imaginary part 
Warning! Delta_tau diagonal term has max imaginary part: 1.19209e-06Disregarding imaginary part 
Warning! Delta_tau diagonal term has max imaginary part: 1.2517e-06Disregarding imaginary part 
Warning! Delta_tau diagonal term has max imaginary part: 9.53674e-07Disregarding imaginary part 
Warning! Delta_tau diagonal term has max imaginary part: 1.19209e-06Disregarding imaginary part 
Warning! Delta_tau diagonal term has max imaginary part: 1.13249e-06Disregarding imaginary part 
Warning! Delta_tau diagonal term has max imaginary part: 1.01328e-06Disregarding imaginary part 
Warning! Delta_tau diagonal term has max imaginary part: 1.13249e-06Disregarding imaginary part 
Warning! Delta_tau diagonal term has max imaginary part: 1.05798e-06Disregarding imaginary part 
The local Hamiltonian of the problem:
3.34269*c_dag('down',0)*c('down',5) + -9.08878*c_dag('down',0)*c('down',4) + -32.2345*c_dag('down',0)*c('down',3) + 16.7775*c_dag('down',0)*c('down',2) + 8.47353*c_dag('down',0)*c('down',1) + -13489.7*c_dag('down',0)*c('down',0) + 6.24428*c_dag('down',1)*c('down',5) + -2.63636*c_dag('down',1)*c('down',4) + 6.99653*c_dag('down',1)*c('down',3) + -4.61176*c_dag('down',1)*c('down',2) + -22036.9*c_dag('down',1)*c('down',1) + 8.47353*c_dag('down',1)*c('down',0) + -8.9367*c_dag('down',2)*c('down',5) + -8.02361*c_dag('down',2)*c('down',4) + -0.496478*c_dag('down',2)*c('down',3) + -22167.4*c_dag('down',2)*c('down',2) + -4.61176*c_dag('down',2)*c('down',1) + 16.7775*c_dag('down',2)*c('down',0) + 3.51577*c_dag('down',3)*c('down',5) + -9.39206*c_dag('down',3)*c('down',4) + -22163.1*c_dag('down',3)*c('down',3) + -0.496478*c_dag('down',3)*c('down',2) + 6.99653*c_dag('down',3)*c('down',1) + -32.2345*c_dag('down',3)*c('down',0) + -0.489128*c_dag('down',4)*c('down',5) + -22030.4*c_dag('down',4)*c('down',4) + -9.39206*c_dag('down',4)*c('down',3) + -8.02361*c_dag('down',4)*c('down',2) + -2.63636*c_dag('down',4)*c('down',1) + -9.08878*c_dag('down',4)*c('down',0) + -22169.1*c_dag('down',5)*c('down',5) + -0.489128*c_dag('down',5)*c('down',4) + 3.51577*c_dag('down',5)*c('down',3) + -8.9367*c_dag('down',5)*c('down',2) + 6.24428*c_dag('down',5)*c('down',1) + 3.34269*c_dag('down',5)*c('down',0) + 19.1934*c_dag('up',0)*c('up',5) + -10.6934*c_dag('up',0)*c('up',4) + -36.8335*c_dag('up',0)*c('up',3) + 26.4368*c_dag('up',0)*c('up',2) + 15.0614*c_dag('up',0)*c('up',1) + -13586.1*c_dag('up',0)*c('up',0) + 7.50881*c_dag('up',1)*c('up',5) + -2.654*c_dag('up',1)*c('up',4) + 4.71606*c_dag('up',1)*c('up',3) + -3.39894*c_dag('up',1)*c('up',2) + -22036.1*c_dag('up',1)*c('up',1) + 15.0614*c_dag('up',1)*c('up',0) + -6.14581*c_dag('up',2)*c('up',5) + -8.33949*c_dag('up',2)*c('up',4) + -3.69645*c_dag('up',2)*c('up',3) + -22164.8*c_dag('up',2)*c('up',2) + -3.39894*c_dag('up',2)*c('up',1) + 26.4368*c_dag('up',2)*c('up',0) + -0.392026*c_dag('up',3)*c('up',5) + -9.15928*c_dag('up',3)*c('up',4) + -22160.6*c_dag('up',3)*c('up',3) + -3.69645*c_dag('up',3)*c('up',2) + 4.71606*c_dag('up',3)*c('up',1) + -36.8335*c_dag('up',3)*c('up',0) + -0.773789*c_dag('up',4)*c('up',5) + -22029.9*c_dag('up',4)*c('up',4) + -9.15928*c_dag('up',4)*c('up',3) + -8.33949*c_dag('up',4)*c('up',2) + -2.654*c_dag('up',4)*c('up',1) + -10.6934*c_dag('up',4)*c('up',0) + -22166.2*c_dag('up',5)*c('up',5) + -0.773789*c_dag('up',5)*c('up',4) + -0.392026*c_dag('up',5)*c('up',3) + -6.14581*c_dag('up',5)*c('up',2) + 7.50881*c_dag('up',5)*c('up',1) + 19.1934*c_dag('up',5)*c('up',0) + 4*c_dag('down',0)*c_dag('up',0)*c('up',0)*c('down',0) + 4*c_dag('down',1)*c_dag('up',1)*c('up',1)*c('down',1) + 4*c_dag('down',2)*c_dag('up',2)*c('up',2)*c('down',2) + 4*c_dag('down',3)*c_dag('up',3)*c('up',3)*c('down',3) + 4*c_dag('down',4)*c_dag('up',4)*c('up',4)*c('down',4) + 4*c_dag('down',5)*c_dag('up',5)*c('up',5)*c('down',5)
Using autopartition algorithm to partition the local Hilbert space
Warning! Delta_tau diagonal term has max imaginary part: 1.13249e-06Disregarding imaginary part 
Warning! Delta_tau diagonal term has max imaginary part: 1.19209e-06Disregarding imaginary part 
Warning! Delta_tau diagonal term has max imaginary part: 1.07288e-06Disregarding imaginary part 
Warning! Delta_tau diagonal term has max imaginary part: 1.07288e-06Disregarding imaginary part 
Warning! Delta_tau diagonal term has max imaginary part: 1.19209e-06Disregarding imaginary part 
Warning! Delta_tau diagonal term has max imaginary part: 1.2517e-06Disregarding imaginary part 
Warning! Delta_tau diagonal term has max imaginary part: 9.53674e-07Disregarding imaginary part 
Warning! Delta_tau diagonal term has max imaginary part: 1.19209e-06Disregarding imaginary part 
Warning! Delta_tau diagonal term has max imaginary part: 1.13249e-06Disregarding imaginary part 
Warning! Delta_tau diagonal term has max imaginary part: 1.01328e-06Disregarding imaginary part 
Warning! Delta_tau diagonal term has max imaginary part: 1.13249e-06Disregarding imaginary part 
Warning! Delta_tau diagonal term has max imaginary part: 1.05798e-06Disregarding imaginary part 
The local Hamiltonian of the problem:
3.34269*c_dag('down',0)*c('down',5) + -9.08878*c_dag('down',0)*c('down',4) + -32.2345*c_dag('down',0)*c('down',3) + 16.7775*c_dag('down',0)*c('down',2) + 8.47353*c_dag('down',0)*c('down',1) + -13489.7*c_dag('down',0)*c('down',0) + 6.24428*c_dag('down',1)*c('down',5) + -2.63636*c_dag('down',1)*c('down',4) + 6.99653*c_dag('down',1)*c('down',3) + -4.61176*c_dag('down',1)*c('down',2) + -22036.9*c_dag('down',1)*c('down',1) + 8.47353*c_dag('down',1)*c('down',0) + -8.9367*c_dag('down',2)*c('down',5) + -8.02361*c_dag('down',2)*c('down',4) + -0.496478*c_dag('down',2)*c('down',3) + -22167.4*c_dag('down',2)*c('down',2) + -4.61176*c_dag('down',2)*c('down',1) + 16.7775*c_dag('down',2)*c('down',0) + 3.51577*c_dag('down',3)*c('down',5) + -9.39206*c_dag('down',3)*c('down',4) + -22163.1*c_dag('down',3)*c('down',3) + -0.496478*c_dag('down',3)*c('down',2) + 6.99653*c_dag('down',3)*c('down',1) + -32.2345*c_dag('down',3)*c('down',0) + -0.489128*c_dag('down',4)*c('down',5) + -22030.4*c_dag('down',4)*c('down',4) + -9.39206*c_dag('down',4)*c('down',3) + -8.02361*c_dag('down',4)*c('down',2) + -2.63636*c_dag('down',4)*c('down',1) + -9.08878*c_dag('down',4)*c('down',0) + -22169.1*c_dag('down',5)*c('down',5) + -0.489128*c_dag('down',5)*c('down',4) + 3.51577*c_dag('down',5)*c('down',3) + -8.9367*c_dag('down',5)*c('down',2) + 6.24428*c_dag('down',5)*c('down',1) + 3.34269*c_dag('down',5)*c('down',0) + 19.1934*c_dag('up',0)*c('up',5) + -10.6934*c_dag('up',0)*c('up',4) + -36.8335*c_dag('up',0)*c('up',3) + 26.4368*c_dag('up',0)*c('up',2) + 15.0614*c_dag('up',0)*c('up',1) + -13586.1*c_dag('up',0)*c('up',0) + 7.50881*c_dag('up',1)*c('up',5) + -2.654*c_dag('up',1)*c('up',4) + 4.71606*c_dag('up',1)*c('up',3) + -3.39894*c_dag('up',1)*c('up',2) + -22036.1*c_dag('up',1)*c('up',1) + 15.0614*c_dag('up',1)*c('up',0) + -6.14581*c_dag('up',2)*c('up',5) + -8.33949*c_dag('up',2)*c('up',4) + -3.69645*c_dag('up',2)*c('up',3) + -22164.8*c_dag('up',2)*c('up',2) + -3.39894*c_dag('up',2)*c('up',1) + 26.4368*c_dag('up',2)*c('up',0) + -0.392026*c_dag('up',3)*c('up',5) + -9.15928*c_dag('up',3)*c('up',4) + -22160.6*c_dag('up',3)*c('up',3) + -3.69645*c_dag('up',3)*c('up',2) + 4.71606*c_dag('up',3)*c('up',1) + -36.8335*c_dag('up',3)*c('up',0) + -0.773789*c_dag('up',4)*c('up',5) + -22029.9*c_dag('up',4)*c('up',4) + -9.15928*c_dag('up',4)*c('up',3) + -8.33949*c_dag('up',4)*c('up',2) + -2.654*c_dag('up',4)*c('up',1) + -10.6934*c_dag('up',4)*c('up',0) + -22166.2*c_dag('up',5)*c('up',5) + -0.773789*c_dag('up',5)*c('up',4) + -0.392026*c_dag('up',5)*c('up',3) + -6.14581*c_dag('up',5)*c('up',2) + 7.50881*c_dag('up',5)*c('up',1) + 19.1934*c_dag('up',5)*c('up',0) + 4*c_dag('down',0)*c_dag('up',0)*c('up',0)*c('down',0) + 4*c_dag('down',1)*c_dag('up',1)*c('up',1)*c('down',1) + 4*c_dag('down',2)*c_dag('up',2)*c('up',2)*c('down',2) + 4*c_dag('down',3)*c_dag('up',3)*c('up',3)*c('down',3) + 4*c_dag('down',4)*c_dag('up',4)*c('up',4)*c('down',4) + 4*c_dag('down',5)*c_dag('up',5)*c('up',5)*c('down',5)
Using autopartition algorithm to partition the local Hilbert space
Found 49 subspaces.

Warming up ...
Found 49 subspaces.

Warming up ...
Found 49 subspaces.
18:26:43  78% ETA 00:00:00 cycle 3922 of 5000
Found 49 subspaces.

Warming up ...

Warming up ...



Accumulating ...
18:26:43  77% ETA 00:00:00 cycle 3894 of 5000
Found 49 subspaces.



Accumulating ...

Warming up ...
Found 49 subspaces.

Warming up ...
18:26:43  78% ETA 00:00:00 cycle 3900 of 5000
18:26:43  78% ETA 00:00:00 cycle 3911 of 5000
18:26:43  19% ETA 00:00:00 cycle 3881 of 20000



Accumulating ...
Found 49 subspaces.



Accumulating ...

Warming up ...
18:26:43  19% ETA 00:00:00 cycle 3914 of 20000
18:26:43  78% ETA 00:00:00 cycle 3919 of 5000



Accumulating ...
18:26:43  78% ETA 00:00:00 cycle 3938 of 5000
Found 49 subspaces.

Warming up ...



Accumulating ...
18:26:43  19% ETA 00:00:00 cycle 3944 of 20000
18:26:43  19% ETA 00:00:00 cycle 3898 of 20000
Found 49 subspaces.
18:26:43  79% ETA 00:00:00 cycle 3963 of 5000

Warming up ...
Found 49 subspaces.

Warming up ...



Accumulating ...
Found 49 subspaces.

Warming up ...
18:26:43  19% ETA 00:00:00 cycle 3966 of 20000
18:26:43  78% ETA 00:00:00 cycle 3925 of 5000
Found 49 subspaces.
Found 49 subspaces.
18:26:43  20% ETA 00:00:00 cycle 4009 of 20000

Warming up ...

Warming up ...



Accumulating ...
18:26:43  78% ETA 00:00:00 cycle 3907 of 5000
18:26:43  78% ETA 00:00:00 cycle 3900 of 5000
18:26:43  19% ETA 00:00:00 cycle 3983 of 20000



Accumulating ...
18:26:43  78% ETA 00:00:00 cycle 3935 of 5000



Accumulating ...



Accumulating ...
18:26:43  79% ETA 00:00:00 cycle 3966 of 5000
18:26:43  78% ETA 00:00:00 cycle 3941 of 5000
18:26:43  19% ETA 00:00:00 cycle 3959 of 20000



Accumulating ...



Accumulating ...
18:26:43  19% ETA 00:00:00 cycle 3955 of 20000
18:26:43  19% ETA 00:00:00 cycle 3933 of 20000
18:26:43  19% ETA 00:00:00 cycle 3973 of 20000
Found 49 subspaces.

Warming up ...
18:26:43  20% ETA 00:00:00 cycle 4021 of 20000
18:26:43  19% ETA 00:00:00 cycle 3952 of 20000
Found 49 subspaces.

Warming up ...
18:26:43  79% ETA 00:00:00 cycle 3950 of 5000



Accumulating ...
Found 49 subspaces.

Warming up ...
18:26:43  78% ETA 00:00:00 cycle 3943 of 5000


[Rank 0] Collect results: Waiting for all mpi-threads to finish accumulating...
[Rank 0] Timings for all measures:
Measure               | seconds   
Auto-correlation time | 0.00109918
Average order         | 0.000586782
Average sign          | 0.000528397
G_tau measure         | 0.00573708
Total measure time    | 0.00795144
[Rank 0] Acceptance rate for all moves:
Move set Insert two operators: 4.99978e-06
  Move  Insert Delta_up: 0
  Move  Insert Delta_down: 9.9962e-06
Move set Remove two operators: 0
  Move  Remove Delta_up: 0
  Move  Remove Delta_down: 0
Move set Insert four operators: 0
  Move  Insert Delta_up_up: 0
  Move  Insert Delta_up_down: 0
  Move  Insert Delta_down_up: 0
  Move  Insert Delta_down_down: 0
Move set Remove four operators: 0
  Move  Remove Delta_up_up: 0
  Move  Remove Delta_up_down: 0
  Move  Remove Delta_down_up: 0
  Move  Remove Delta_down_down: 0
Move  Shift one operator: 4.98975e-06
[Rank 0] Warmup lasted: 0.128163 seconds [00:00:00]
[Rank 0] Simulation lasted: 0.732712 seconds [00:00:00]
[Rank 0] Number of measures: 20000
Total number of measures: 20000
Average sign: -0.2099
Average order: 0.60495
Auto-correlation time: 535.246



Accumulating ...
18:26:43  19% ETA 00:00:00 cycle 3929 of 20000
18:26:43  79% ETA 00:00:00 cycle 3960 of 5000


[Rank 0] Collect results: Waiting for all mpi-threads to finish accumulating...
[Rank 0] Timings for all measures:
Measure               | seconds   
Auto-correlation time | 0.00106309
Average order         | 0.000575441
Average sign          | 0.000546883
G_tau measure         | 0.00577443
Total measure time    | 0.00795985
[Rank 0] Acceptance rate for all moves:
Move set Insert two operators: 4.99978e-06
  Move  Insert Delta_up: 0
  Move  Insert Delta_down: 9.9962e-06
Move set Remove two operators: 0
  Move  Remove Delta_up: 0
  Move  Remove Delta_down: 0
Move set Insert four operators: 0
  Move  Insert Delta_up_up: 0
  Move  Insert Delta_up_down: 0
  Move  Insert Delta_down_up: 0
  Move  Insert Delta_down_down: 0
Move set Remove four operators: 0
  Move  Remove Delta_up_up: 0
  Move  Remove Delta_up_down: 0
  Move  Remove Delta_down_up: 0
  Move  Remove Delta_down_down: 0
Move  Shift one operator: 4.98975e-06
[Rank 0] Warmup lasted: 0.128521 seconds [00:00:00]
[Rank 0] Simulation lasted: 0.740584 seconds [00:00:00]
[Rank 0] Number of measures: 20000
Total number of measures: 20000
Average sign: -0.2099
Average order: 0.60495
Auto-correlation time: 535.246



Accumulating ...


[Rank 0] Collect results: Waiting for all mpi-threads to finish accumulating...
[Rank 0] Timings for all measures:
Measure               | seconds   
Auto-correlation time | 0.00111958
Average order         | 0.000591638
Average sign          | 0.000497454
G_tau measure         | 0.00653976
Total measure time    | 0.00874843
[Rank 0] Acceptance rate for all moves:
Move set Insert two operators: 4.99978e-06
  Move  Insert Delta_up: 0
  Move  Insert Delta_down: 9.9962e-06
Move set Remove two operators: 0
  Move  Remove Delta_up: 0
  Move  Remove Delta_down: 0
Move set Insert four operators: 0
  Move  Insert Delta_up_up: 0
  Move  Insert Delta_up_down: 0
  Move  Insert Delta_down_up: 0
  Move  Insert Delta_down_down: 0
Move set Remove four operators: 0
  Move  Remove Delta_up_up: 0
  Move  Remove Delta_up_down: 0
  Move  Remove Delta_down_up: 0
  Move  Remove Delta_down_down: 0
Move  Shift one operator: 4.98975e-06
[Rank 0] Warmup lasted: 0.12802 seconds [00:00:00]
[Rank 0] Simulation lasted: 0.723082 seconds [00:00:00]
[Rank 0] Number of measures: 20000
Total number of measures: 20000
Average sign: -0.2099
Average order: 0.60495
Auto-correlation time: 535.246
18:26:44  19% ETA 00:00:00 cycle 3955 of 20000


[Rank 0] Collect results: Waiting for all mpi-threads to finish accumulating...
[Rank 0] Timings for all measures:
Measure               | seconds   
Auto-correlation time | 0.00112847
Average order         | 0.00060146
Average sign          | 0.000509954
G_tau measure         | 0.00583927
Total measure time    | 0.00807915
[Rank 0] Acceptance rate for all moves:
Move set Insert two operators: 4.99978e-06
  Move  Insert Delta_up: 0
  Move  Insert Delta_down: 9.9962e-06
Move set Remove two operators: 0
  Move  Remove Delta_up: 0
  Move  Remove Delta_down: 0
Move set Insert four operators: 0
  Move  Insert Delta_up_up: 0
  Move  Insert Delta_up_down: 0
  Move  Insert Delta_down_up: 0
  Move  Insert Delta_down_down: 0
Move set Remove four operators: 0
  Move  Remove Delta_up_up: 0
  Move  Remove Delta_up_down: 0
  Move  Remove Delta_down_up: 0
  Move  Remove Delta_down_down: 0
Move  Shift one operator: 4.98975e-06
[Rank 0] Warmup lasted: 0.127978 seconds [00:00:00]
[Rank 0] Simulation lasted: 0.730042 seconds [00:00:00]
[Rank 0] Number of measures: 20000
Total number of measures: 20000
Average sign: -0.2099
Average order: 0.60495
Auto-correlation time: 535.246
Warning: could not identify MPI environment!
Interaction operator constructed.

--- DMFT iteration 1 ---
<n_up> = 6.000000
<n_down> = 6.000000

--- DMFT iteration 2 ---
<n_up> = 6.000000
<n_down> = 6.000000

--- DMFT iteration 3 ---
<n_up> = 6.000000
<n_down> = 6.000000

--- DMFT iteration 4 ---
<n_up> = 6.000000
<n_down> = 6.000000

--- DMFT iteration 5 ---
<n_up> = 6.000000
<n_down> = 6.000000

Results written to dmft_results.h5

DMFT finished successfully.
18:26:44  19% ETA 00:00:00 cycle 3893 of 20000


[Rank 0] Collect results: Waiting for all mpi-threads to finish accumulating...
[Rank 0] Timings for all measures:
Measure               | seconds   
Auto-correlation time | 0.00113738
Average order         | 0.000604191
Average sign          | 0.000498972
G_tau measure         | 0.00632743
Total measure time    | 0.00856797
[Rank 0] Acceptance rate for all moves:
Move set Insert two operators: 4.99978e-06
  Move  Insert Delta_up: 0
  Move  Insert Delta_down: 9.9962e-06
Move set Remove two operators: 0
  Move  Remove Delta_up: 0
  Move  Remove Delta_down: 0
Move set Insert four operators: 0
  Move  Insert Delta_up_up: 0
  Move  Insert Delta_up_down: 0
  Move  Insert Delta_down_up: 0
  Move  Insert Delta_down_down: 0
Move set Remove four operators: 0
  Move  Remove Delta_up_up: 0
  Move  Remove Delta_up_down: 0
  Move  Remove Delta_down_up: 0
  Move  Remove Delta_down_down: 0
Move  Shift one operator: 4.98975e-06
[Rank 0] Warmup lasted: 0.127572 seconds [00:00:00]
[Rank 0] Simulation lasted: 0.727905 seconds [00:00:00]
[Rank 0] Number of measures: 20000
Total number of measures: 20000
Average sign: -0.2099
Average order: 0.60495
Auto-correlation time: 535.246
Warning: could not identify MPI environment!
Interaction operator constructed.

--- DMFT iteration 1 ---
<n_up> = 6.000000
<n_down> = 6.000000

--- DMFT iteration 2 ---
<n_up> = 6.000000
<n_down> = 6.000000

--- DMFT iteration 3 ---
<n_up> = 6.000000
<n_down> = 6.000000

--- DMFT iteration 4 ---
<n_up> = 6.000000
<n_down> = 6.000000

--- DMFT iteration 5 ---
<n_up> = 6.000000
<n_down> = 6.000000

Results written to dmft_results.h5

DMFT finished successfully.


[Rank 0] Collect results: Waiting for all mpi-threads to finish accumulating...
[Rank 0] Timings for all measures:
Measure               | seconds   
Auto-correlation time | 0.00104777
Average order         | 0.000587294
Average sign          | 0.000502274
G_tau measure         | 0.00678395
Total measure time    | 0.00892129
[Rank 0] Acceptance rate for all moves:
Move set Insert two operators: 4.99978e-06
  Move  Insert Delta_up: 0
  Move  Insert Delta_down: 9.9962e-06
Move set Remove two operators: 0
  Move  Remove Delta_up: 0
  Move  Remove Delta_down: 0
Move set Insert four operators: 0
  Move  Insert Delta_up_up: 0
  Move  Insert Delta_up_down: 0
  Move  Insert Delta_down_up: 0
  Move  Insert Delta_down_down: 0
Move set Remove four operators: 0
  Move  Remove Delta_up_up: 0
  Move  Remove Delta_up_down: 0
  Move  Remove Delta_down_up: 0
  Move  Remove Delta_down_down: 0
Move  Shift one operator: 4.98975e-06
[Rank 0] Warmup lasted: 0.126954 seconds [00:00:00]
[Rank 0] Simulation lasted: 0.728865 seconds [00:00:00]
[Rank 0] Number of measures: 20000
Total number of measures: 20000
Average sign: -0.2099
Average order: 0.60495
Auto-correlation time: 535.246
Warning: could not identify MPI environment!
Interaction operator constructed.

--- DMFT iteration 1 ---
<n_up> = 6.000000
<n_down> = 6.000000

--- DMFT iteration 2 ---
<n_up> = 6.000000
<n_down> = 6.000000

--- DMFT iteration 3 ---
<n_up> = 6.000000
<n_down> = 6.000000

--- DMFT iteration 4 ---
<n_up> = 6.000000
<n_down> = 6.000000

--- DMFT iteration 5 ---
<n_up> = 6.000000
<n_down> = 6.000000

Results written to dmft_results.h5

DMFT finished successfully.
Warning: could not identify MPI environment!
Interaction operator constructed.

--- DMFT iteration 1 ---
<n_up> = 6.000000
<n_down> = 6.000000

--- DMFT iteration 2 ---
<n_up> = 6.000000
<n_down> = 6.000000

--- DMFT iteration 3 ---
<n_up> = 6.000000
<n_down> = 6.000000

--- DMFT iteration 4 ---
<n_up> = 6.000000
<n_down> = 6.000000

--- DMFT iteration 5 ---
<n_up> = 6.000000
<n_down> = 6.000000

Results written to dmft_results.h5

DMFT finished successfully.


[Rank 0] Collect results: Waiting for all mpi-threads to finish accumulating...
[Rank 0] Timings for all measures:
Measure               | seconds   
Auto-correlation time | 0.0010992 
Average order         | 0.000582078
Average sign          | 0.000567028
G_tau measure         | 0.00600311
Total measure time    | 0.00825141
[Rank 0] Acceptance rate for all moves:
Move set Insert two operators: 4.99978e-06
  Move  Insert Delta_up: 0
  Move  Insert Delta_down: 9.9962e-06
Move set Remove two operators: 0
  Move  Remove Delta_up: 0
  Move  Remove Delta_down: 0
Move set Insert four operators: 0
  Move  Insert Delta_up_up: 0
  Move  Insert Delta_up_down: 0
  Move  Insert Delta_down_up: 0
  Move  Insert Delta_down_down: 0
Move set Remove four operators: 0
  Move  Remove Delta_up_up: 0
  Move  Remove Delta_up_down: 0
  Move  Remove Delta_down_up: 0
  Move  Remove Delta_down_down: 0
Move  Shift one operator: 4.98975e-06
[Rank 0] Warmup lasted: 0.125917 seconds [00:00:00]
[Rank 0] Simulation lasted: 0.731311 seconds [00:00:00]
[Rank 0] Number of measures: 20000
Total number of measures: 20000
Average sign: -0.2099
Average order: 0.60495
Auto-correlation time: 535.246
Warning: could not identify MPI environment!
Interaction operator constructed.

--- DMFT iteration 1 ---
<n_up> = 6.000000
<n_down> = 6.000000

--- DMFT iteration 2 ---
<n_up> = 6.000000
<n_down> = 6.000000

--- DMFT iteration 3 ---
<n_up> = 6.000000
<n_down> = 6.000000

--- DMFT iteration 4 ---
<n_up> = 6.000000
<n_down> = 6.000000

--- DMFT iteration 5 ---
<n_up> = 6.000000
<n_down> = 6.000000

Results written to dmft_results.h5

DMFT finished successfully.


[Rank 0] Collect results: Waiting for all mpi-threads to finish accumulating...
Warning: could not identify MPI environment!
Interaction operator constructed.

--- DMFT iteration 1 ---
<n_up> = 6.000000
<n_down> = 6.000000

--- DMFT iteration 2 ---
<n_up> = 6.000000
<n_down> = 6.000000

--- DMFT iteration 3 ---
<n_up> = 6.000000
<n_down> = 6.000000

--- DMFT iteration 4 ---
<n_up> = 6.000000
<n_down> = 6.000000

--- DMFT iteration 5 ---
<n_up> = 6.000000
<n_down> = 6.000000

Results written to dmft_results.h5

DMFT finished successfully.
[Rank 0] Timings for all measures:
Measure               | seconds   
Auto-correlation time | 0.00108136
Average order         | 0.000590385
Average sign          | 0.000497467
G_tau measure         | 0.00576945
Total measure time    | 0.00793866
[Rank 0] Acceptance rate for all moves:
Move set Insert two operators: 4.99978e-06
  Move  Insert Delta_up: 0
  Move  Insert Delta_down: 9.9962e-06
Move set Remove two operators: 0
  Move  Remove Delta_up: 0
  Move  Remove Delta_down: 0
Move set Insert four operators: 0
  Move  Insert Delta_up_up: 0
  Move  Insert Delta_up_down: 0
  Move  Insert Delta_down_up: 0
  Move  Insert Delta_down_down: 0
Move set Remove four operators: 0
  Move  Remove Delta_up_up: 0
  Move  Remove Delta_up_down: 0
  Move  Remove Delta_down_up: 0
  Move  Remove Delta_down_down: 0
Move  Shift one operator: 4.98975e-06
[Rank 0] Warmup lasted: 0.127756 seconds [00:00:00]
[Rank 0] Simulation lasted: 0.735729 seconds [00:00:00]
[Rank 0] Number of measures: 20000
Total number of measures: 20000
Average sign: -0.2099
Average order: 0.60495
Auto-correlation time: 535.246


[Rank 0] Collect results: Waiting for all mpi-threads to finish accumulating...
[Rank 0] Timings for all measures:
Measure               | seconds   
Auto-correlation time | 0.00106986
Average order         | 0.00059107
Average sign          | 0.000553027
G_tau measure         | 0.00597928
Total measure time    | 0.00819324
[Rank 0] Acceptance rate for all moves:
Move set Insert two operators: 4.99978e-06
  Move  Insert Delta_up: 0
  Move  Insert Delta_down: 9.9962e-06
Move set Remove two operators: 0
  Move  Remove Delta_up: 0
  Move  Remove Delta_down: 0
Move set Insert four operators: 0
  Move  Insert Delta_up_up: 0
  Move  Insert Delta_up_down: 0
  Move  Insert Delta_down_up: 0
  Move  Insert Delta_down_down: 0
Move set Remove four operators: 0
  Move  Remove Delta_up_up: 0
  Move  Remove Delta_up_down: 0
  Move  Remove Delta_down_up: 0
  Move  Remove Delta_down_down: 0
Move  Shift one operator: 4.98975e-06
[Rank 0] Warmup lasted: 0.12784 seconds [00:00:00]
[Rank 0] Simulation lasted: 0.736459 seconds [00:00:00]
[Rank 0] Number of measures: 20000
Total number of measures: 20000
Average sign: -0.2099
Average order: 0.60495
Auto-correlation time: 535.246
Warning: could not identify MPI environment!
Interaction operator constructed.

--- DMFT iteration 1 ---
<n_up> = 6.000000
<n_down> = 6.000000

--- DMFT iteration 2 ---
<n_up> = 6.000000
<n_down> = 6.000000

--- DMFT iteration 3 ---
<n_up> = 6.000000
<n_down> = 6.000000

--- DMFT iteration 4 ---
<n_up> = 6.000000
<n_down> = 6.000000

--- DMFT iteration 5 ---
<n_up> = 6.000000
<n_down> = 6.000000

Results written to dmft_results.h5

DMFT finished successfully.


[Rank 0] Collect results: Waiting for all mpi-threads to finish accumulating...
[Rank 0] Timings for all measures:
Measure               | seconds   
Auto-correlation time | 0.00107558
Average order         | 0.000585186
Average sign          | 0.000494009
G_tau measure         | 0.00609237
Total measure time    | 0.00824715
[Rank 0] Acceptance rate for all moves:
Move set Insert two operators: 4.99978e-06
  Move  Insert Delta_up: 0
  Move  Insert Delta_down: 9.9962e-06
Move set Remove two operators: 0
  Move  Remove Delta_up: 0
  Move  Remove Delta_down: 0
Move set Insert four operators: 0
  Move  Insert Delta_up_up: 0
  Move  Insert Delta_up_down: 0
  Move  Insert Delta_down_up: 0
  Move  Insert Delta_down_down: 0
Move set Remove four operators: 0
  Move  Remove Delta_up_up: 0
  Move  Remove Delta_up_down: 0
  Move  Remove Delta_down_up: 0
  Move  Remove Delta_down_down: 0
Move  Shift one operator: 4.98975e-06
[Rank 0] Warmup lasted: 0.128117 seconds [00:00:00]
[Rank 0] Simulation lasted: 0.740292 seconds [00:00:00]
[Rank 0] Number of measures: 20000
Total number of measures: 20000
Average sign: -0.2099
Average order: 0.60495
Auto-correlation time: 535.246


[Rank 0] Collect results: Waiting for all mpi-threads to finish accumulating...
[Rank 0] Timings for all measures:
Measure               | seconds   
Auto-correlation time | 0.00108819
Average order         | 0.00058092
Average sign          | 0.000500541
G_tau measure         | 0.005986  
Total measure time    | 0.00815565
[Rank 0] Acceptance rate for all moves:
Move set Insert two operators: 4.99978e-06
  Move  Insert Delta_up: 0
  Move  Insert Delta_down: 9.9962e-06
Move set Remove two operators: 0
  Move  Remove Delta_up: 0
  Move  Remove Delta_down: 0
Move set Insert four operators: 0
  Move  Insert Delta_up_up: 0
  Move  Insert Delta_up_down: 0
  Move  Insert Delta_down_up: 0
  Move  Insert Delta_down_down: 0
Move set Remove four operators: 0
  Move  Remove Delta_up_up: 0
  Move  Remove Delta_up_down: 0
  Move  Remove Delta_down_up: 0
  Move  Remove Delta_down_down: 0
Move  Shift one operator: 4.98975e-06
[Rank 0] Warmup lasted: 0.127039 seconds [00:00:00]
[Rank 0] Simulation lasted: 0.740159 seconds [00:00:00]
[Rank 0] Number of measures: 20000
Total number of measures: 20000
Average sign: -0.2099
Average order: 0.60495
Auto-correlation time: 535.246


[Rank 0] Collect results: Waiting for all mpi-threads to finish accumulating...


[Rank 0] Collect results: Waiting for all mpi-threads to finish accumulating...
[Rank 0] Timings for all measures:
Measure               | seconds   
Auto-correlation time | 0.00112099
Average order         | 0.000595269
Average sign          | 0.000540631
G_tau measure         | 0.00674067
Total measure time    | 0.00899756
[Rank 0] Acceptance rate for all moves:
Move set Insert two operators: 4.99978e-06
  Move  Insert Delta_up: 0
  Move  Insert Delta_down: 9.9962e-06
Move set Remove two operators: 0
  Move  Remove Delta_up: 0
  Move  Remove Delta_down: 0
Move set Insert four operators: 0
  Move  Insert Delta_up_up: 0
  Move  Insert Delta_up_down: 0
  Move  Insert Delta_down_up: 0
  Move  Insert Delta_down_down: 0
Move set Remove four operators: 0
  Move  Remove Delta_up_up: 0
  Move  Remove Delta_up_down: 0
  Move  Remove Delta_down_up: 0
  Move  Remove Delta_down_down: 0
Move  Shift one operator: 4.98975e-06
[Rank 0] Warmup lasted: 0.125853 seconds [00:00:00]
[Rank 0] Simulation lasted: 0.744776 seconds [00:00:00]
[Rank 0] Number of measures: 20000
Total number of measures: 20000
Average sign: -0.2099
Average order: 0.60495
Auto-correlation time: 535.246
[Rank 0] Timings for all measures:
Measure               | seconds   
Auto-correlation time | 0.00111849
Average order         | 0.000596276
Average sign          | 0.00049355
G_tau measure         | 0.00690399
Total measure time    | 0.00911231
[Rank 0] Acceptance rate for all moves:
Move set Insert two operators: 4.99978e-06
  Move  Insert Delta_up: 0
  Move  Insert Delta_down: 9.9962e-06
Move set Remove two operators: 0
  Move  Remove Delta_up: 0
  Move  Remove Delta_down: 0
Move set Insert four operators: 0
  Move  Insert Delta_up_up: 0
  Move  Insert Delta_up_down: 0
  Move  Insert Delta_down_up: 0
  Move  Insert Delta_down_down: 0
Move set Remove four operators: 0
  Move  Remove Delta_up_up: 0
  Move  Remove Delta_up_down: 0
  Move  Remove Delta_down_up: 0
  Move  Remove Delta_down_down: 0
Move  Shift one operator: 4.98975e-06
[Rank 0] Warmup lasted: 0.126839 seconds [00:00:00]
[Rank 0] Simulation lasted: 0.741559 seconds [00:00:00]
[Rank 0] Number of measures: 20000
Total number of measures: 20000
Average sign: -0.2099
Average order: 0.60495
Auto-correlation time: 535.246
Warning: could not identify MPI environment!
Interaction operator constructed.

--- DMFT iteration 1 ---
<n_up> = 6.000000
<n_down> = 6.000000

--- DMFT iteration 2 ---
<n_up> = 6.000000
<n_down> = 6.000000

--- DMFT iteration 3 ---
<n_up> = 6.000000
<n_down> = 6.000000

--- DMFT iteration 4 ---
<n_up> = 6.000000
<n_down> = 6.000000

--- DMFT iteration 5 ---
<n_up> = 6.000000
<n_down> = 6.000000

Results written to dmft_results.h5

DMFT finished successfully.
Warning: could not identify MPI environment!
Interaction operator constructed.

--- DMFT iteration 1 ---
<n_up> = 6.000000
<n_down> = 6.000000

--- DMFT iteration 2 ---
<n_up> = 6.000000
<n_down> = 6.000000

--- DMFT iteration 3 ---
<n_up> = 6.000000
<n_down> = 6.000000

--- DMFT iteration 4 ---
<n_up> = 6.000000
<n_down> = 6.000000

--- DMFT iteration 5 ---
<n_up> = 6.000000
<n_down> = 6.000000

Results written to dmft_results.h5

DMFT finished successfully.
Warning: could not identify MPI environment!
Interaction operator constructed.

--- DMFT iteration 1 ---
<n_up> = 6.000000
<n_down> = 6.000000

--- DMFT iteration 2 ---
<n_up> = 6.000000
<n_down> = 6.000000

--- DMFT iteration 3 ---
<n_up> = 6.000000
<n_down> = 6.000000

--- DMFT iteration 4 ---
<n_up> = 6.000000
<n_down> = 6.000000

--- DMFT iteration 5 ---
<n_up> = 6.000000
<n_down> = 6.000000

Results written to dmft_results.h5

DMFT finished successfully.
Warning: could not identify MPI environment!
Interaction operator constructed.

--- DMFT iteration 1 ---
<n_up> = 6.000000
<n_down> = 6.000000

--- DMFT iteration 2 ---
<n_up> = 6.000000
<n_down> = 6.000000

--- DMFT iteration 3 ---
<n_up> = 6.000000
<n_down> = 6.000000

--- DMFT iteration 4 ---
<n_up> = 6.000000
<n_down> = 6.000000

--- DMFT iteration 5 ---
<n_up> = 6.000000
<n_down> = 6.000000

Results written to dmft_results.h5

DMFT finished successfully.
Warning: could not identify MPI environment!
Interaction operator constructed.

--- DMFT iteration 1 ---
<n_up> = 6.000000
<n_down> = 6.000000

--- DMFT iteration 2 ---
<n_up> = 6.000000
<n_down> = 6.000000

--- DMFT iteration 3 ---
<n_up> = 6.000000
<n_down> = 6.000000

--- DMFT iteration 4 ---
<n_up> = 6.000000
<n_down> = 6.000000

--- DMFT iteration 5 ---
<n_up> = 6.000000
<n_down> = 6.000000

Results written to dmft_results.h5

DMFT finished successfully.
Warning: could not identify MPI environment!
Interaction operator constructed.

--- DMFT iteration 1 ---
<n_up> = 6.000000
<n_down> = 6.000000

--- DMFT iteration 2 ---
<n_up> = 6.000000
<n_down> = 6.000000

--- DMFT iteration 3 ---
<n_up> = 6.000000
<n_down> = 6.000000

--- DMFT iteration 4 ---
<n_up> = 6.000000
<n_down> = 6.000000

--- DMFT iteration 5 ---
<n_up> = 6.000000
<n_down> = 6.000000

Results written to dmft_results.h5

DMFT finished successfully.


[Rank 0] Collect results: Waiting for all mpi-threads to finish accumulating...
[Rank 0] Timings for all measures:
Measure               | seconds   
Auto-correlation time | 0.00109485
Average order         | 0.000596141
Average sign          | 0.00049892
G_tau measure         | 0.00726712
Total measure time    | 0.00945703
[Rank 0] Acceptance rate for all moves:
Move set Insert two operators: 4.99978e-06
  Move  Insert Delta_up: 0
  Move  Insert Delta_down: 9.9962e-06
Move set Remove two operators: 0
  Move  Remove Delta_up: 0
  Move  Remove Delta_down: 0
Move set Insert four operators: 0
  Move  Insert Delta_up_up: 0
  Move  Insert Delta_up_down: 0
  Move  Insert Delta_down_up: 0
  Move  Insert Delta_down_down: 0
Move set Remove four operators: 0
  Move  Remove Delta_up_up: 0
  Move  Remove Delta_up_down: 0
  Move  Remove Delta_down_up: 0
  Move  Remove Delta_down_down: 0
Move  Shift one operator: 4.98975e-06
[Rank 0] Warmup lasted: 0.126888 seconds [00:00:00]
[Rank 0] Simulation lasted: 0.752058 seconds [00:00:00]
[Rank 0] Number of measures: 20000
Total number of measures: 20000
Average sign: -0.2099
Average order: 0.60495
Auto-correlation time: 535.246


[Rank 0] Collect results: Waiting for all mpi-threads to finish accumulating...
[Rank 0] Timings for all measures:
Measure               | seconds   
Auto-correlation time | 0.00114686
Average order         | 0.000592493
Average sign          | 0.000501797
G_tau measure         | 0.00613511
Total measure time    | 0.00837627
[Rank 0] Acceptance rate for all moves:
Move set Insert two operators: 4.99978e-06
  Move  Insert Delta_up: 0
  Move  Insert Delta_down: 9.9962e-06
Move set Remove two operators: 0
  Move  Remove Delta_up: 0
  Move  Remove Delta_down: 0
Move set Insert four operators: 0
  Move  Insert Delta_up_up: 0
  Move  Insert Delta_up_down: 0
  Move  Insert Delta_down_up: 0
  Move  Insert Delta_down_down: 0
Move set Remove four operators: 0
  Move  Remove Delta_up_up: 0
  Move  Remove Delta_up_down: 0
  Move  Remove Delta_down_up: 0
  Move  Remove Delta_down_down: 0
Move  Shift one operator: 4.98975e-06
[Rank 0] Warmup lasted: 0.126678 seconds [00:00:00]
[Rank 0] Simulation lasted: 0.75233 seconds [00:00:00]
[Rank 0] Number of measures: 20000
Total number of measures: 20000
Average sign: -0.2099
Average order: 0.60495
Auto-correlation time: 535.246
Warning: could not identify MPI environment!
Interaction operator constructed.

--- DMFT iteration 1 ---
<n_up> = 6.000000
<n_down> = 6.000000

--- DMFT iteration 2 ---
<n_up> = 6.000000
<n_down> = 6.000000

--- DMFT iteration 3 ---
<n_up> = 6.000000
<n_down> = 6.000000

--- DMFT iteration 4 ---
<n_up> = 6.000000
<n_down> = 6.000000

--- DMFT iteration 5 ---
<n_up> = 6.000000
<n_down> = 6.000000

Results written to dmft_results.h5

DMFT finished successfully.


[Rank 0] Collect results: Waiting for all mpi-threads to finish accumulating...
[Rank 0] Timings for all measures:
Measure               | seconds   
Auto-correlation time | 0.00115498
Average order         | 0.000599913
Average sign          | 0.000516883
G_tau measure         | 0.00609313
Total measure time    | 0.0083649 
[Rank 0] Acceptance rate for all moves:
Move set Insert two operators: 4.99978e-06
  Move  Insert Delta_up: 0
  Move  Insert Delta_down: 9.9962e-06
Move set Remove two operators: 0
  Move  Remove Delta_up: 0
  Move  Remove Delta_down: 0
Move set Insert four operators: 0
  Move  Insert Delta_up_up: 0
  Move  Insert Delta_up_down: 0
  Move  Insert Delta_down_up: 0
  Move  Insert Delta_down_down: 0
Move set Remove four operators: 0
  Move  Remove Delta_up_up: 0
  Move  Remove Delta_up_down: 0
  Move  Remove Delta_down_up: 0
  Move  Remove Delta_down_down: 0
Move  Shift one operator: 4.98975e-06
[Rank 0] Warmup lasted: 0.126147 seconds [00:00:00]
[Rank 0] Simulation lasted: 0.752258 seconds [00:00:00]
[Rank 0] Number of measures: 20000
Total number of measures: 20000
Average sign: -0.2099
Average order: 0.60495
Auto-correlation time: 535.246
Warning: could not identify MPI environment!
Interaction operator constructed.

--- DMFT iteration 1 ---
<n_up> = 6.000000
<n_down> = 6.000000

--- DMFT iteration 2 ---
<n_up> = 6.000000
<n_down> = 6.000000

--- DMFT iteration 3 ---
<n_up> = 6.000000
<n_down> = 6.000000

--- DMFT iteration 4 ---
<n_up> = 6.000000
<n_down> = 6.000000

--- DMFT iteration 5 ---
<n_up> = 6.000000
<n_down> = 6.000000

Results written to dmft_results.h5

DMFT finished successfully.
Warning: could not identify MPI environment!
Interaction operator constructed.

--- DMFT iteration 1 ---
<n_up> = 6.000000
<n_down> = 6.000000

--- DMFT iteration 2 ---
<n_up> = 6.000000
<n_down> = 6.000000

--- DMFT iteration 3 ---
<n_up> = 6.000000
<n_down> = 6.000000

--- DMFT iteration 4 ---
<n_up> = 6.000000
<n_down> = 6.000000

--- DMFT iteration 5 ---
<n_up> = 6.000000
<n_down> = 6.000000

Results written to dmft_results.h5

DMFT finished successfully.

Post-processing dmft_results.h5 → .dat files
  written: occupancy.dat
  written: Giw_up.dat, Giw_down.dat
  written: Gtau_up.dat, Gtau_down.dat

Post-processing finished successfully.
========================================
 DMFT job finished
 End : Tuesday 03 February 2026 06:26:45 PM IST
========================================
