0 -9.108761
1 -9.107610
2 -9.104191
3 -9.098552
4 -9.090755
5 -9.080871
6 -9.068966
7 -9.055086
8 -9.039263
9 -9.021510
10 -9.001833
11 -8.980243
12 -8.956768
13 -8.931461
14 -8.904407
15 -8.875725
16 -8.845564
17 -8.814102
18 -8.781541
19 -8.752567
20 -8.727068
21 -8.701355
22 -8.675614
23 -8.650198
24 -8.625608
25 -8.602441
26 -8.581333
27 -8.562897
28 -8.547697
29 -8.536237
30 -8.528980
31 -8.526391
32 -8.528973
33 -8.537287
34 -8.551933
35 -8.573493
36 -8.602436
37 -8.639013
38 -8.683176
39 -8.734541
40 -8.792422
41 -8.855915
42 -8.924017
43 -8.995742
44 -9.070215
45 -9.146718
46 -9.224694
47 -9.303718
48 -9.383448
49 -9.463577
50 -9.543785
51 -9.623721
52 -9.702999
53 -9.781203
54 -9.857916
55 -9.932737
56 -10.005303
57 -10.075307
58 -10.142499
59 -10.206690
60 -10.267738
61 -10.325542
62 -10.380032
63 -10.431163
64 -10.478914
65 -10.523289
66 -10.564318
67 -10.602051
68 -10.636548
69 -10.667865
70 -10.696033
71 -10.721046
72 -10.742845
73 -10.761319
74 -10.776310
75 -10.787635
76 -10.795103
77 -10.798546
78 -10.797843
79 -10.792935
80 -10.792935
81 -10.799420
82 -10.804843
83 -10.809209
84 -10.812530
85 -10.814821
86 -10.816102
87 -10.816393
88 -10.815720
89 -10.814105
90 -10.811574
91 -10.808148
92 -10.803848
93 -10.798691
94 -10.792689
95 -10.785851
96 -10.778180
97 -10.769673
98 -10.760323
99 -10.750117
100 -10.739040
101 -10.727070
102 -10.714188
103 -10.700370
104 -10.685593
105 -10.669838
106 -10.653085
107 -10.635319
108 -10.616531
109 -10.596715
110 -10.575872
111 -10.554008
112 -10.531135
113 -10.507270
114 -10.482436
115 -10.456658
116 -10.429966
117 -10.402391
118 -10.373966
119 -10.344725
120 -10.314700
121 -10.283923
122 -10.252424
123 -10.220231
124 -10.187371
125 -10.153866
126 -10.119740
127 -10.085014
128 -10.049716
129 -10.013951
130 -9.977862
131 -9.941301
132 -9.904280
133 -9.866853
134 -9.829081
135 -9.791032
136 -9.752776
137 -9.714392
138 -9.675962
139 -9.637576
140 -9.599329
141 -9.561326
142 -9.523679
143 -9.486511
144 -9.449957
145 -9.414164
146 -9.379295
147 -9.345532
148 -9.313071
149 -9.282129
150 -9.252944
151 -9.225769
152 -9.200873
153 -9.178532
154 -9.159027
155 -9.142626
156 -9.129577
157 -9.120094
158 -9.114340
159 -9.112417
160 -9.112417
161 -9.115281
162 -9.123821
163 -9.137848
164 -9.157070
165 -9.181116
166 -9.209564
167 -9.241969
168 -9.277886
169 -9.316883
170 -9.358555
171 -9.402526
172 -9.448452
173 -9.496019
174 -9.544943
175 -9.594966
176 -9.645854
177 -9.697392
178 -9.749388
179 -9.801664
180 -9.854061
181 -9.906434
182 -9.958655
183 -10.010609
184 -10.062199
185 -10.113340
186 -10.163961
187 -10.214007
188 -10.263798
189 -10.313726
190 -10.362926
191 -10.411354
192 -10.458986
193 -10.505805
194 -10.551801
195 -10.596972
196 -10.641320
197 -10.684849
198 -10.727568
199 -10.769481
200 -10.810595
201 -10.850911
202 -10.890425
203 -10.929129
204 -10.967011
205 -11.004051
206 -11.040226
207 -11.075506
208 -11.109862
209 -11.143258
210 -11.175662
211 -11.207040
212 -11.237361
213 -11.266599
214 -11.294731
215 -11.321739
216 -11.347611
217 -11.372343
218 -11.395933
219 -11.418388
220 -11.439716
221 -11.459930
222 -11.479044
223 -11.497074
224 -11.514035
225 -11.529938
226 -11.544794
227 -11.558609
228 -11.571384
229 -11.583117
230 -11.593801
231 -11.603425
232 -11.611975
233 -11.619435
234 -11.625787
235 -11.631015
236 -11.635102
237 -11.638034
238 -11.639802
239 -11.640397
240 -11.640397
241 -11.638229
242 -11.631699
243 -11.620810
244 -11.605584
245 -11.586065
246 -11.562334
247 -11.534507
248 -11.502731
249 -11.467167
250 -11.427970
251 -11.385264
252 -11.339123
253 -11.289567
254 -11.236558
255 -11.180021
256 -11.119862
257 -11.055995
258 -10.988369
259 -10.916983
260 -10.841906
261 -10.763268
262 -10.681258
263 -10.596111
264 -10.508088
265 -10.417461
266 -10.324499
267 -10.229459
268 -10.132585
269 -10.034109
270 -9.934263
271 -9.833296
272 -9.731494
273 -9.629213
274 -9.526906
275 -9.425157
276 -9.324708
277 -9.226476
278 -9.131559
279 -9.041209
280 -8.956786
281 -8.879668
282 -8.811139
283 -8.752254
284 -8.703718
285 -8.665800
286 -8.638314
287 -8.620664
288 -8.611952
289 -8.611088
290 -8.616900
291 -8.628214
292 -8.643900
293 -8.662900
294 -8.684246
295 -8.707077
296 -8.730650
297 -8.754364
298 -8.777775
299 -8.800608
300 -8.822754
301 -8.846872
302 -8.874867
303 -8.901346
304 -8.926169
305 -8.949282
306 -8.970696
307 -8.990464
308 -9.008657
309 -9.025342
310 -9.040569
311 -9.054359
312 -9.066705
313 -9.077575
314 -9.086918
315 -9.094675
316 -9.100784
317 -9.105194
318 -9.107862
319 -9.108761
320 -9.108761
321 -9.105991
322 -9.097792
323 -9.084379
324 -9.066037
325 -9.043047
326 -9.015633
327 -8.983954
328 -8.948125
329 -8.908286
330 -8.864661
331 -8.817632
332 -8.767797
333 -8.723242
334 -8.685193
335 -8.647664
336 -8.611665
337 -8.578908
338 -8.551608
339 -8.532243
340 -8.523416
341 -8.527775
342 -8.547897
343 -8.585992
344 -8.643417
345 -8.720188
346 -8.814782
347 -8.924394
348 -9.045539
349 -9.174714
350 -9.308865
351 -9.445550
352 -9.582880
353 -9.719384
354 -9.853887
355 -9.985450
356 -10.113339
357 -10.236973
358 -10.355834
359 -10.469347
360 -10.576807
361 -10.677391
362 -10.770275
363 -10.854839
364 -10.930830
365 -10.998411
366 -11.058038
367 -11.110196
368 -11.155127
369 -11.192649
370 -11.222180
371 -11.242939
372 -11.254264
373 -11.255876
374 -11.247979
375 -11.231148
376 -11.206048
377 -11.173132
378 -11.132450
379 -11.083656
380 -11.026208
381 -10.959657
382 -10.883905
383 -10.799307
384 -10.706597
385 -10.606669
386 -10.500346
387 -10.388956
388 -10.272644
389 -10.150698
390 -10.023906
391 -9.893490
392 -9.761222
393 -9.629519
394 -9.501554
395 -9.381502
396 -9.274913
397 -9.189031
398 -9.132343
399 -9.112417
400 -9.112417
401 -9.115281
402 -9.123821
403 -9.137848
404 -9.157070
405 -9.181116
406 -9.209564
407 -9.241969
408 -9.277886
409 -9.316883
410 -9.358555
411 -9.402526
412 -9.448452
413 -9.496019
414 -9.544943
415 -9.594966
416 -9.645854
417 -9.697392
418 -9.749388
419 -9.801664
420 -9.854061
421 -9.906434
422 -9.958655
423 -10.010609
424 -10.062199
425 -10.113340
426 -10.163961
427 -10.214007
428 -10.263798
429 -10.313726
430 -10.362926
431 -10.411354
432 -10.458986
433 -10.505805
434 -10.551801
435 -10.596972
436 -10.641320
437 -10.684849
438 -10.727568
439 -10.769481
440 -10.810595
441 -10.850911
442 -10.890425
443 -10.929129
444 -10.967011
445 -11.004051
446 -11.040226
447 -11.075506
448 -11.109862
449 -11.143258
450 -11.175662
451 -11.207040
452 -11.237361
453 -11.266599
454 -11.294731
455 -11.321739
456 -11.347611
457 -11.372343
458 -11.395933
459 -11.418388
460 -11.439716
461 -11.459930
462 -11.479044
463 -11.497074
464 -11.514035
465 -11.529938
466 -11.544794
467 -11.558609
468 -11.571384
469 -11.583117
470 -11.593801
471 -11.603425
472 -11.611975
473 -11.619435
474 -11.625787
475 -11.631015
476 -11.635102
477 -11.638034
478 -11.639802
479 -11.640397
480 -11.640397
481 -11.640271
482 -11.639896
483 -11.639272
484 -11.638397
485 -11.637270
486 -11.635887
487 -11.634247
488 -11.632347
489 -11.630183
490 -11.627751
491 -11.625047
492 -11.622066
493 -11.618806
494 -11.615260
495 -11.611426
496 -11.607298
497 -11.602872
498 -11.598145
499 -11.593114
500 -11.587774
501 -11.582124
502 -11.576162
503 -11.569886
504 -11.563295
505 -11.556390
506 -11.549172
507 -11.541641
508 -11.533800
509 -11.525653
510 -11.517202
511 -11.508452
512 -11.499408
513 -11.490076
514 -11.480462
515 -11.470572
516 -11.460413
517 -11.449991
518 -11.439314
519 -11.428387
520 -11.417218
521 -11.405813
522 -11.394176
523 -11.382313
524 -11.370228
525 -11.357924
526 -11.345404
527 -11.332669
528 -11.319720
529 -11.306556
530 -11.293176
531 -11.279576
532 -11.265755
533 -11.251707
534 -11.237427
535 -11.222910
536 -11.208150
537 -11.193141
538 -11.177876
539 -11.162348
540 -11.146552
541 -11.130480
542 -11.114129
543 -11.097493
544 -11.080569
545 -11.063353
546 -11.045844
547 -11.028041
548 -11.009945
549 -10.991558
550 -10.972883
551 -10.953925
552 -10.934689
553 -10.915182
554 -10.895411
555 -10.875386
556 -10.855116
557 -10.834610
558 -10.813880
559 -10.792935

0 -9.039070
1 -9.039231
2 -9.039509
3 -9.039412
4 -9.038226
5 -9.035143
6 -9.029410
7 -9.020463
8 -9.008019
9 -8.992121
10 -8.973111
11 -8.951561
12 -8.928165
13 -8.903618
14 -8.878509
15 -8.853251
16 -8.828054
17 -8.802944
18 -8.777827
19 -8.748105
20 -8.714049
21 -8.679656
22 -8.645256
23 -8.611227
24 -8.578012
25 -8.546125
26 -8.516160
27 -8.488799
28 -8.464814
29 -8.445068
30 -8.430508
31 -8.422131
32 -8.420929
33 -8.427808
34 -8.443478
35 -8.468351
36 -8.502471
37 -8.545498
38 -8.596762
39 -8.655353
40 -8.720242
41 -8.790378
42 -8.864762
43 -8.942484
44 -9.022735
45 -9.104804
46 -9.188061
47 -9.271952
48 -9.355983
49 -9.439718
50 -9.522774
51 -9.604816
52 -9.685549
53 -9.764713
54 -9.842070
55 -9.917395
56 -9.990467
57 -10.061067
58 -10.128974
59 -10.193975
60 -10.255868
61 -10.314481
62 -10.369677
63 -10.421372
64 -10.469532
65 -10.514177
66 -10.555370
67 -10.593198
68 -10.627756
69 -10.659122
70 -10.687335
71 -10.712385
72 -10.734202
73 -10.752667
74 -10.767617
75 -10.778874
76 -10.786270
77 -10.789670
78 -10.788991
79 -10.784219
80 -10.784219
81 -10.790520
82 -10.795799
83 -10.800068
84 -10.803342
85 -10.805632
86 -10.806953
87 -10.807317
88 -10.806735
89 -10.805216
90 -10.802769
91 -10.799399
92 -10.795109
93 -10.789900
94 -10.783774
95 -10.776729
96 -10.768764
97 -10.759877
98 -10.750066
99 -10.739332
100 -10.727674
101 -10.715093
102 -10.701593
103 -10.687175
104 -10.671847
105 -10.655614
106 -10.638483
107 -10.620461
108 -10.601558
109 -10.581781
110 -10.561138
111 -10.539636
112 -10.517283
113 -10.494085
114 -10.470047
115 -10.445175
116 -10.419473
117 -10.392946
118 -10.365599
119 -10.337438
120 -10.308471
121 -10.278705
122 -10.248152
123 -10.216825
124 -10.184743
125 -10.151924
126 -10.118394
127 -10.084179
128 -10.049306
129 -10.013725
130 -9.977358
131 -9.940424
132 -9.902985
133 -9.865075
134 -9.826726
135 -9.787979
136 -9.748878
137 -9.709477
138 -9.669837
139 -9.630028
140 -9.590132
141 -9.550243
142 -9.510465
143 -9.470921
144 -9.431747
145 -9.393100
146 -9.355157
147 -9.318118
148 -9.282212
149 -9.247693
150 -9.214849
151 -9.183997
152 -9.155482
153 -9.129674
154 -9.106955
155 -9.087707
156 -9.072294
157 -9.061033
158 -9.054176
159 -9.051883
160 -9.051883
161 -9.055283
162 -9.065399
163 -9.081915
164 -9.104352
165 -9.132122
166 -9.164587
167 -9.201106
168 -9.241070
169 -9.283925
170 -9.329180
171 -9.376410
172 -9.425250
173 -9.475390
174 -9.526567
175 -9.578558
176 -9.631172
177 -9.684241
178 -9.737619
179 -9.791173
180 -9.844783
181 -9.898338
182 -9.951735
183 -10.004874
184 -10.057667
185 -10.110027
186 -10.161878
187 -10.213147
188 -10.263407
189 -10.312178
190 -10.360258
191 -10.407636
192 -10.454302
193 -10.500251
194 -10.545478
195 -10.589981
196 -10.633757
197 -10.676801
198 -10.719106
199 -10.760661
200 -10.801452
201 -10.841460
202 -10.880663
203 -10.919037
204 -10.956552
205 -10.993181
206 -11.028893
207 -11.063659
208 -11.097450
209 -11.130241
210 -11.162009
211 -11.192736
212 -11.222407
213 -11.251014
214 -11.278550
215 -11.305015
216 -11.330412
217 -11.354747
218 -11.378029
219 -11.400267
220 -11.421473
221 -11.441657
222 -11.460826
223 -11.478989
224 -11.496148
225 -11.512303
226 -11.527452
227 -11.541586
228 -11.554694
229 -11.566763
230 -11.577774
231 -11.587707
232 -11.596541
233 -11.604253
234 -11.610823
235 -11.616230
236 -11.620456
237 -11.623486
238 -11.625308
239 -11.625916
240 -11.625916
241 -11.623699
242 -11.617070
243 -11.606105
244 -11.590918
245 -11.571654
246 -11.548469
247 -11.521508
248 -11.490887
249 -11.456664
250 -11.418838
251 -11.377342
252 -11.332068
253 -11.282887
254 -11.229693
255 -11.172434
256 -11.111141
257 -11.045940
258 -10.977041
259 -10.904709
260 -10.829224
261 -10.750837
262 -10.669738
263 -10.586033
264 -10.499752
265 -10.410876
266 -10.319376
267 -10.225266
268 -10.128644
269 -10.029723
270 -9.928844
271 -9.826462
272 -9.723128
273 -9.619452
274 -9.516083
275 -9.413689
276 -9.312968
277 -9.214666
278 -9.119614
279 -9.028760
280 -8.943178
281 -8.864050
282 -8.792600
283 -8.729979
284 -8.677128
285 -8.634644
286 -8.602688
287 -8.580974
288 -8.568832
289 -8.565327
290 -8.569391
291 -8.579932
292 -8.595904
293 -8.616340
294 -8.640354
295 -8.667129
296 -8.695904
297 -8.725968
298 -8.756660
299 -8.787378
300 -8.817594
301 -8.844247
302 -8.865221
303 -8.885843
304 -8.906248
305 -8.926460
306 -8.946349
307 -8.965600
308 -8.983739
309 -9.000191
310 -9.014371
311 -9.025800
312 -9.034203
313 -9.039586
314 -9.042262
315 -9.042813
316 -9.042009
317 -9.040669
318 -9.039522
319 -9.039070
320 -9.039070
321 -9.039166
322 -9.038595
323 -9.035249
324 -9.026573
325 -9.010564
326 -8.986532
327 -8.955318
328 -8.918920
329 -8.879741
330 -8.839815
331 -8.800320
332 -8.761543
333 -8.716015
334 -8.663446
335 -8.611566
336 -8.562174
337 -8.517394
338 -8.479670
339 -8.451786
340 -8.436860
341 -8.438215
342 -8.458994
343 -8.501486
344 -8.566405
345 -8.652538
346 -8.756992
347 -8.875892
348 -9.005128
349 -9.140936
350 -9.280212
351 -9.420618
352 -9.560525
353 -9.698853
354 -9.834861
355 -9.967942
356 -10.097475
357 -10.222763
358 -10.343042
359 -10.457530
360 -10.565496
361 -10.666309
362 -10.759470
363 -10.844625
364 -10.921581
365 -10.990299
366 -11.050864
367 -11.103421
368 -11.148070
369 -11.184768
370 -11.213281
371 -11.233212
372 -11.244123
373 -11.245687
374 -11.237822
375 -11.220723
376 -11.194797
377 -11.160510
378 -11.118231
379 -11.068136
380 -11.010218
381 -10.944375
382 -10.870549
383 -10.788818
384 -10.699426
385 -10.602726
386 -10.499106
387 -10.388214
388 -10.270661
389 -10.147937
390 -10.020407
391 -9.888755
392 -9.754159
393 -9.618457
394 -9.484345
395 -9.355771
396 -9.238600
397 -9.141411
398 -9.075469
399 -9.051883
400 -9.051883
401 -9.055283
402 -9.065399
403 -9.081915
404 -9.104352
405 -9.132122
406 -9.164587
407 -9.201106
408 -9.241070
409 -9.283925
410 -9.329180
411 -9.376410
412 -9.425250
413 -9.475390
414 -9.526567
415 -9.578558
416 -9.631172
417 -9.684241
418 -9.737619
419 -9.791173
420 -9.844783
421 -9.898338
422 -9.951735
423 -10.004874
424 -10.057667
425 -10.110027
426 -10.161878
427 -10.213147
428 -10.263407
429 -10.312178
430 -10.360258
431 -10.407636
432 -10.454302
433 -10.500251
434 -10.545478
435 -10.589981
436 -10.633757
437 -10.676801
438 -10.719106
439 -10.760661
440 -10.801452
441 -10.841460
442 -10.880663
443 -10.919037
444 -10.956552
445 -10.993181
446 -11.028893
447 -11.063659
448 -11.097450
449 -11.130241
450 -11.162009
451 -11.192736
452 -11.222407
453 -11.251014
454 -11.278550
455 -11.305015
456 -11.330412
457 -11.354747
458 -11.378029
459 -11.400267
460 -11.421473
461 -11.441657
462 -11.460826
463 -11.478989
464 -11.496148
465 -11.512303
466 -11.527452
467 -11.541586
468 -11.554694
469 -11.566763
470 -11.577774
471 -11.587707
472 -11.596541
473 -11.604253
474 -11.610823
475 -11.616230
476 -11.620456
477 -11.623486
478 -11.625308
479 -11.625916
480 -11.625916
481 -11.625756
482 -11.625275
483 -11.624476
484 -11.623359
485 -11.621928
486 -11.620186
487 -11.618139
488 -11.615790
489 -11.613145
490 -11.610210
491 -11.606990
492 -11.603493
493 -11.599725
494 -11.595691
495 -11.591397
496 -11.586850
497 -11.582054
498 -11.577014
499 -11.571734
500 -11.566219
501 -11.560470
502 -11.554490
503 -11.548279
504 -11.541839
505 -11.535169
506 -11.528267
507 -11.521133
508 -11.513762
509 -11.506152
510 -11.498300
511 -11.490200
512 -11.481848
513 -11.473240
514 -11.464370
515 -11.455233
516 -11.445824
517 -11.436138
518 -11.426171
519 -11.415918
520 -11.405376
521 -11.394541
522 -11.383410
523 -11.371982
524 -11.360255
525 -11.348228
526 -11.335902
527 -11.323278
528 -11.310357
529 -11.297141
530 -11.283633
531 -11.269838
532 -11.255758
533 -11.241398
534 -11.226763
535 -11.211859
536 -11.196691
537 -11.181263
538 -11.165583
539 -11.149654
540 -11.133483
541 -11.117074
542 -11.100432
543 -11.083561
544 -11.066466
545 -11.049149
546 -11.031614
547 -11.013864
548 -10.995899
549 -10.977721
550 -10.959332
551 -10.940730
552 -10.921917
553 -10.902892
554 -10.883654
555 -10.864201
556 -10.844533
557 -10.824648
558 -10.804544
559 -10.784219

0 -7.567508
1 -7.564709
2 -7.556415
3 -7.542981
4 -7.524937
5 -7.502918
6 -7.477572
7 -7.449479
8 -7.419079
9 -7.386633
10 -7.352213
11 -7.315727
12 -7.276966
13 -7.235674
14 -7.191626
15 -7.144700
16 -7.094944
17 -7.042620
18 -6.988237
19 -6.932558
20 -6.876603
21 -6.821657
22 -6.769280
23 -6.721328
24 -6.679939
25 -6.647385
26 -6.625659
27 -6.615808
28 -6.617373
29 -6.628467
30 -6.646457
31 -6.668712
32 -6.693003
33 -6.717576
34 -6.741075
35 -6.762430
36 -6.780796
37 -6.795537
38 -6.806227
39 -6.812662
40 -6.814839
41 -6.812918
42 -6.807159
43 -6.797859
44 -6.785310
45 -6.769766
46 -6.751437
47 -6.730498
48 -6.707106
49 -6.681420
50 -6.653613
51 -6.623878
52 -6.592423
53 -6.559460
54 -6.525185
55 -6.489754
56 -6.453269
57 -6.415773
58 -6.377246
59 -6.337626
60 -6.296829
61 -6.254778
62 -6.211428
63 -6.166791
64 -6.120948
65 -6.074050
66 -6.026311
67 -5.977990
68 -5.929364
69 -5.880704
70 -5.832253
71 -5.784219
72 -5.736785
73 -5.690160
74 -5.644682
75 -5.601040
76 -5.560745
77 -5.527083
78 -5.506161
79 -5.504116
80 -5.504116
81 -5.498504
82 -5.496964
83 -5.498753
84 -5.503040
85 -5.509103
86 -5.516381
87 -5.524471
88 -5.533089
89 -5.542037
90 -5.551181
91 -5.560431
92 -5.569730
93 -5.579043
94 -5.588356
95 -5.597667
96 -5.606986
97 -5.616332
98 -5.625728
99 -5.635208
100 -5.644806
101 -5.654564
102 -5.664528
103 -5.674747
104 -5.685276
105 -5.696178
106 -5.707519
107 -5.719376
108 -5.731831
109 -5.744978
110 -5.758918
111 -5.773763
112 -5.789632
113 -5.806654
114 -5.824960
115 -5.844686
116 -5.865964
117 -5.888923
118 -5.913678
119 -5.940329
120 -5.968955
121 -5.999609
122 -6.032318
123 -6.067077
124 -6.103852
125 -6.142584
126 -6.183188
127 -6.225557
128 -6.269571
129 -6.315094
130 -6.361986
131 -6.410097
132 -6.459280
133 -6.509384
134 -6.560260
135 -6.611761
136 -6.663742
137 -6.716058
138 -6.768567
139 -6.821122
140 -6.873575
141 -6.925775
142 -6.977560
143 -7.028760
144 -7.079191
145 -7.128653
146 -7.176926
147 -7.223766
148 -7.268905
149 -7.312044
150 -7.352854
151 -7.390978
152 -7.426028
153 -7.457598
154 -7.485267
155 -7.508621
156 -7.527269
157 -7.540868
158 -7.549151
159 -7.551945
160 -7.551945
161 -7.548174
162 -7.537022
163 -7.518807
164 -7.494013
165 -7.463231
166 -7.427106
167 -7.386283
168 -7.341376
169 -7.292946
170 -7.241492
171 -7.187448
172 -7.131192
173 -7.073047
174 -7.013295
175 -6.952184
176 -6.889934
177 -6.826748
178 -6.762813
179 -6.698310
180 -6.633417
181 -6.568305
182 -6.503146
183 -6.438112
184 -6.373370
185 -6.309082
186 -6.245407
187 -6.182493
188 -6.120478
189 -6.059487
190 -5.999632
191 -5.941009
192 -5.883700
193 -5.827774
194 -5.773286
195 -5.720281
196 -5.668796
197 -5.618863
198 -5.570508
199 -5.523755
200 -5.478628
201 -5.435145
202 -5.393323
203 -5.353174
204 -5.314704
205 -5.277968
206 -5.273029
207 -5.270758
208 -5.268292
209 -5.265627
210 -5.262757
211 -5.259681
212 -5.256401
213 -5.252920
214 -5.249241
215 -5.245365
216 -5.241282
217 -5.236979
218 -5.232442
219 -5.227663
220 -5.222641
221 -5.217385
222 -5.211913
223 -5.206252
224 -5.200442
225 -5.194527
226 -5.188562
227 -5.182609
228 -5.176735
229 -5.171013
230 -5.165518
231 -5.160328
232 -5.155520
233 -5.151169
234 -5.147348
235 -5.144123
236 -5.141555
237 -5.139703
238 -5.138611
239 -5.138263
240 -5.138263
241 -5.141031
242 -5.149589
243 -5.163389
244 -5.181826
245 -5.204241
246 -5.230013
247 -5.258612
248 -5.289623
249 -5.322751
250 -5.357815
251 -5.394727
252 -5.433465
253 -5.474046
254 -5.516492
255 -5.560800
256 -5.606925
257 -5.654769
258 -5.704186
259 -5.754994
260 -5.806994
261 -5.859991
262 -5.913806
263 -5.968286
264 -6.023297
265 -6.078717
266 -6.134424
267 -6.190280
268 -6.246124
269 -6.301761
270 -6.356952
271 -6.411406
272 -6.464768
273 -6.516600
274 -6.566374
275 -6.613459
276 -6.657114
277 -6.696498
278 -6.730677
279 -6.758654
280 -6.779413
281 -6.791982
282 -6.795512
283 -6.789384
284 -6.773294
285 -6.747329
286 -6.711991
287 -6.668197
288 -6.617276
289 -6.561088
290 -6.502525
291 -6.447380
292 -6.410174
293 -6.413765
294 -6.453463
295 -6.509031
296 -6.571155
297 -6.636340
298 -6.702871
299 -6.769614
300 -6.835663
301 -6.900241
302 -6.962701
303 -7.022545
304 -7.079452
305 -7.133277
306 -7.184040
307 -7.231885
308 -7.277018
309 -7.319642
310 -7.359888
311 -7.397755
312 -7.433079
313 -7.465518
314 -7.494569
315 -7.519620
316 -7.540007
317 -7.555102
318 -7.564383
319 -7.567508
320 -7.567508
321 -7.561475
322 -7.543888
323 -7.516229
324 -7.480468
325 -7.438499
326 -7.391613
327 -7.340206
328 -7.283797
329 -7.221354
330 -7.151820
331 -7.074659
332 -6.990268
333 -6.900135
334 -6.806771
335 -6.713661
336 -6.625771
337 -6.551597
338 -6.506706
339 -6.506609
340 -6.542728
341 -6.592966
342 -6.643184
343 -6.686584
344 -6.719819
345 -6.741289
346 -6.750540
347 -6.747964
348 -6.734535
349 -6.711561
350 -6.680477
351 -6.642687
352 -6.599444
353 -6.551778
354 -6.500471
355 -6.446080
356 -6.388982
357 -6.329449
358 -6.267692
359 -6.203885
360 -6.138134
361 -6.070454
362 -6.000784
363 -5.929075
364 -5.855405
365 -5.780072
366 -5.703608
367 -5.626721
368 -5.550198
369 -5.474884
370 -5.401921
371 -5.333649
372 -5.276338
373 -5.261790
374 -5.285412
375 -5.306138
376 -5.324136
377 -5.345873
378 -5.381951
379 -5.418668
380 -5.456748
381 -5.497409
382 -5.542453
383 -5.594452
384 -5.656782
385 -5.733236
386 -5.827053
387 -5.939735
388 -6.070495
389 -6.216650
390 -6.374476
391 -6.539917
392 -6.708957
393 -6.877662
394 -7.041900
395 -7.196725
396 -7.335473
397 -7.448829
398 -7.524856
399 -7.551945
400 -7.551945
401 -7.548174
402 -7.537022
403 -7.518807
404 -7.494013
405 -7.463231
406 -7.427106
407 -7.386283
408 -7.341376
409 -7.292946
410 -7.241492
411 -7.187448
412 -7.131192
413 -7.073047
414 -7.013295
415 -6.952184
416 -6.889934
417 -6.826748
418 -6.762813
419 -6.698310
420 -6.633417
421 -6.568305
422 -6.503146
423 -6.438112
424 -6.373370
425 -6.309082
426 -6.245407
427 -6.182493
428 -6.120478
429 -6.059487
430 -5.999632
431 -5.941009
432 -5.883700
433 -5.827774
434 -5.773286
435 -5.720281
436 -5.668796
437 -5.618863
438 -5.570508
439 -5.523755
440 -5.478628
441 -5.435145
442 -5.393323
443 -5.353174
444 -5.314704
445 -5.277968
446 -5.273029
447 -5.270758
448 -5.268292
449 -5.265627
450 -5.262757
451 -5.259681
452 -5.256401
453 -5.252920
454 -5.249241
455 -5.245365
456 -5.241282
457 -5.236979
458 -5.232442
459 -5.227663
460 -5.222641
461 -5.217385
462 -5.211913
463 -5.206252
464 -5.200442
465 -5.194527
466 -5.188562
467 -5.182609
468 -5.176735
469 -5.171013
470 -5.165518
471 -5.160328
472 -5.155520
473 -5.151169
474 -5.147348
475 -5.144123
476 -5.141555
477 -5.139703
478 -5.138611
479 -5.138263
480 -5.138263
481 -5.138347
482 -5.138597
483 -5.139011
484 -5.139587
485 -5.140322
486 -5.141215
487 -5.142264
488 -5.143466
489 -5.144821
490 -5.146327
491 -5.147983
492 -5.149782
493 -5.151716
494 -5.153776
495 -5.155955
496 -5.158245
497 -5.160635
498 -5.163118
499 -5.165684
500 -5.168323
501 -5.171025
502 -5.173781
503 -5.176582
504 -5.179417
505 -5.182278
506 -5.185156
507 -5.188041
508 -5.190927
509 -5.193805
510 -5.196669
511 -5.199512
512 -5.202330
513 -5.205117
514 -5.207870
515 -5.210589
516 -5.213300
517 -5.216054
518 -5.218792
519 -5.221493
520 -5.224153
521 -5.226768
522 -5.229336
523 -5.231854
524 -5.234321
525 -5.236735
526 -5.239096
527 -5.241401
528 -5.243649
529 -5.245841
530 -5.247974
531 -5.250047
532 -5.252061
533 -5.254015
534 -5.255907
535 -5.257738
536 -5.259507
537 -5.261214
538 -5.262859
539 -5.264441
540 -5.265962
541 -5.267421
542 -5.268818
543 -5.270155
544 -5.271432
545 -5.272650
546 -5.273811
547 -5.274919
548 -5.276166
549 -5.293989
550 -5.312838
551 -5.332181
552 -5.352015
553 -5.372337
554 -5.393143
555 -5.414425
556 -5.436175
557 -5.458382
558 -5.481033
559 -5.504116

0 -7.341071
1 -7.339399
2 -7.334355
3 -7.325833
4 -7.313682
5 -7.297733
6 -7.277834
7 -7.253882
8 -7.225842
9 -7.193761
10 -7.157770
11 -7.118069
12 -7.074922
13 -7.028641
14 -6.979580
15 -6.928127
16 -6.874718
17 -6.819843
18 -6.764078
19 -6.708119
20 -6.652840
21 -6.599364
22 -6.549154
23 -6.504085
24 -6.466455
25 -6.438766
26 -6.423167
27 -6.420633
28 -6.430388
29 -6.450053
30 -6.476378
31 -6.505987
32 -6.535798
33 -6.563189
34 -6.586063
35 -6.602892
36 -6.612736
37 -6.615233
38 -6.610520
39 -6.599105
40 -6.581721
41 -6.559188
42 -6.532299
43 -6.501758
44 -6.468149
45 -6.431936
46 -6.393485
47 -6.353093
48 -6.311019
49 -6.267508
50 -6.222806
51 -6.177167
52 -6.130853
53 -6.084119
54 -6.037200
55 -5.990287
56 -5.943518
57 -5.896966
58 -5.850647
59 -5.804539
60 -5.758619
61 -5.712891
62 -5.667432
63 -5.622412
64 -5.578112
65 -5.534915
66 -5.493287
67 -5.453738
68 -5.416780
69 -5.382886
70 -5.352459
71 -5.325821
72 -5.303219
73 -5.284840
74 -5.270821
75 -5.261250
76 -5.256442
77 -5.278955
78 -5.292633
79 -5.286195
80 -5.286195
81 -5.292698
82 -5.300638
83 -5.308225
84 -5.315469
85 -5.322380
86 -5.328969
87 -5.335242
88 -5.341202
89 -5.346849
90 -5.352178
91 -5.357182
92 -5.361849
93 -5.366168
94 -5.370125
95 -5.373708
96 -5.376904
97 -5.379706
98 -5.382106
99 -5.384102
100 -5.385696
101 -5.386896
102 -5.387712
103 -5.388160
104 -5.388258
105 -5.388031
106 -5.387502
107 -5.386698
108 -5.385645
109 -5.384369
110 -5.382902
111 -5.381454
112 -5.400230
113 -5.425161
114 -5.452208
115 -5.481384
116 -5.512693
117 -5.546125
118 -5.581654
119 -5.619233
120 -5.658802
121 -5.700282
122 -5.743583
123 -5.788601
124 -5.835222
125 -5.883323
126 -5.932774
127 -5.983440
128 -6.035182
129 -6.087859
130 -6.141329
131 -6.195451
132 -6.250085
133 -6.305092
134 -6.360338
135 -6.415687
136 -6.471008
137 -6.526171
138 -6.581045
139 -6.635498
140 -6.689395
141 -6.742597
142 -6.794956
143 -6.846317
144 -6.896509
145 -6.945350
146 -6.992640
147 -7.038159
148 -7.081669
149 -7.122908
150 -7.161595
151 -7.197432
152 -7.230103
153 -7.259289
154 -7.284668
155 -7.305933
156 -7.322802
157 -7.335037
158 -7.342454
159 -7.344938
160 -7.344938
161 -7.341565
162 -7.331512
163 -7.314984
164 -7.292302
165 -7.263873
166 -7.230164
167 -7.191668
168 -7.148883
169 -7.102293
170 -7.052355
171 -6.999493
172 -6.944095
173 -6.886512
174 -6.827060
175 -6.766022
176 -6.703655
177 -6.640188
178 -6.575833
179 -6.510782
180 -6.445212
181 -6.379292
182 -6.313181
183 -6.247030
184 -6.180987
185 -6.115196
186 -6.049797
187 -5.984926
188 -5.920718
189 -5.857302
190 -5.794803
191 -5.733339
192 -5.673021
193 -5.613951
194 -5.556222
195 -5.499913
196 -5.445097
197 -5.391833
198 -5.340188
199 -5.290699
200 -5.282925
201 -5.281680
202 -5.280285
203 -5.278729
204 -5.277005
205 -5.275080
206 -5.269547
207 -5.267345
208 -5.264994
209 -5.262480
210 -5.259789
211 -5.256903
212 -5.253797
213 -5.250448
214 -5.246831
215 -5.242931
216 -5.238744
217 -5.234278
218 -5.229552
219 -5.224586
220 -5.219407
221 -5.214043
222 -5.208524
223 -5.202886
224 -5.197168
225 -5.191411
226 -5.185665
227 -5.179978
228 -5.174406
229 -5.169007
230 -5.163842
231 -5.158976
232 -5.154473
233 -5.150401
234 -5.146822
235 -5.143797
236 -5.141379
237 -5.139603
238 -5.138498
239 -5.138124
240 -5.138124
241 -5.138171
242 -5.137793
243 -5.137043
244 -5.135844
245 -5.134118
246 -5.131795
247 -5.128819
248 -5.125153
249 -5.120766
250 -5.115636
251 -5.109736
252 -5.103037
253 -5.095509
254 -5.087126
255 -5.077879
256 -5.067778
257 -5.060326
258 -5.122327
259 -5.186236
260 -5.251792
261 -5.318757
262 -5.386875
263 -5.455908
264 -5.525660
265 -5.595980
266 -5.666756
267 -5.737885
268 -5.809235
269 -5.880607
270 -5.951711
271 -6.022145
272 -6.091402
273 -6.158877
274 -6.223890
275 -6.285698
276 -6.343503
277 -6.396453
278 -6.443625
279 -6.484020
280 -6.516563
281 -6.540128
282 -6.553603
283 -6.555987
284 -6.546516
285 -6.524782
286 -6.490812
287 -6.445084
288 -6.388476
289 -6.322192
290 -6.247777
291 -6.183417
292 -6.207784
293 -6.193229
294 -6.152195
295 -6.225784
296 -6.302587
297 -6.378450
298 -6.452891
299 -6.525673
300 -6.596662
301 -6.665767
302 -6.732899
303 -6.797929
304 -6.860663
305 -6.920831
306 -6.978094
307 -7.032065
308 -7.082342
309 -7.128550
310 -7.170373
311 -7.207581
312 -7.240049
313 -7.267756
314 -7.290773
315 -7.309241
316 -7.323338
317 -7.333246
318 -7.339123
319 -7.341071
320 -7.341071
321 -7.337513
322 -7.326661
323 -7.308017
324 -7.280955
325 -7.244952
326 -7.199783
327 -7.145619
328 -7.083014
329 -7.012810
330 -6.936015
331 -6.853692
332 -6.766937
333 -6.676977
334 -6.585478
335 -6.495207
336 -6.411431
337 -6.344468
338 -6.310716
339 -6.320668
340 -6.362525
341 -6.414871
342 -6.462252
343 -6.495955
344 -6.511885
345 -6.509308
346 -6.489824
347 -6.456249
348 -6.411627
349 -6.358598
350 -6.299170
351 -6.234771
352 -6.166437
353 -6.095001
354 -6.021194
355 -5.945666
356 -5.868945
357 -5.791390
358 -5.713187
359 -5.634400
360 -5.555074
361 -5.475331
362 -5.395439
363 -5.315836
364 -5.237106
365 -5.159944
366 -5.085123
367 -5.052791
368 -5.094457
369 -5.134132
370 -5.171069
371 -5.204751
372 -5.234957
373 -5.244843
374 -5.249838
375 -5.276478
376 -5.310231
377 -5.339384
378 -5.351960
379 -5.361715
380 -5.368687
381 -5.372998
382 -5.374830
383 -5.374359
384 -5.371731
385 -5.413971
386 -5.541580
387 -5.683762
388 -5.838520
389 -6.003131
390 -6.174429
391 -6.349101
392 -6.523827
393 -6.695184
394 -6.859296
395 -7.011283
396 -7.144655
397 -7.250989
398 -7.320581
399 -7.344938
400 -7.344938
401 -7.341565
402 -7.331512
403 -7.314984
404 -7.292302
405 -7.263873
406 -7.230164
407 -7.191668
408 -7.148883
409 -7.102293
410 -7.052355
411 -6.999493
412 -6.944095
413 -6.886512
414 -6.827060
415 -6.766022
416 -6.703655
417 -6.640188
418 -6.575833
419 -6.510782
420 -6.445212
421 -6.379292
422 -6.313181
423 -6.247030
424 -6.180987
425 -6.115196
426 -6.049797
427 -5.984926
428 -5.920718
429 -5.857302
430 -5.794803
431 -5.733339
432 -5.673021
433 -5.613951
434 -5.556222
435 -5.499913
436 -5.445097
437 -5.391833
438 -5.340188
439 -5.290699
440 -5.282925
441 -5.281680
442 -5.280285
443 -5.278729
444 -5.277005
445 -5.275080
446 -5.269547
447 -5.267345
448 -5.264994
449 -5.262480
450 -5.259789
451 -5.256903
452 -5.253797
453 -5.250448
454 -5.246831
455 -5.242931
456 -5.238744
457 -5.234278
458 -5.229552
459 -5.224586
460 -5.219407
461 -5.214043
462 -5.208524
463 -5.202886
464 -5.197168
465 -5.191411
466 -5.185665
467 -5.179978
468 -5.174406
469 -5.169007
470 -5.163842
471 -5.158976
472 -5.154473
473 -5.150401
474 -5.146822
475 -5.143797
476 -5.141379
477 -5.139603
478 -5.138498
479 -5.138124
480 -5.138124
481 -5.138205
482 -5.138451
483 -5.138862
484 -5.139438
485 -5.140178
486 -5.141079
487 -5.142139
488 -5.143352
489 -5.144713
490 -5.146215
491 -5.147848
492 -5.149610
493 -5.151497
494 -5.153502
495 -5.155622
496 -5.157848
497 -5.160175
498 -5.162595
499 -5.165100
500 -5.167682
501 -5.170334
502 -5.173046
503 -5.175812
504 -5.178624
505 -5.181472
506 -5.184350
507 -5.187249
508 -5.190164
509 -5.193086
510 -5.196009
511 -5.198927
512 -5.201834
513 -5.204724
514 -5.207592
515 -5.210429
516 -5.213202
517 -5.215856
518 -5.218442
519 -5.220978
520 -5.223466
521 -5.225906
522 -5.228299
523 -5.230646
524 -5.232947
525 -5.235203
526 -5.237416
527 -5.239587
528 -5.241716
529 -5.243806
530 -5.245856
531 -5.247868
532 -5.249842
533 -5.251779
534 -5.253678
535 -5.255540
536 -5.257364
537 -5.259150
538 -5.260897
539 -5.262603
540 -5.264268
541 -5.265890
542 -5.267467
543 -5.268998
544 -5.270481
545 -5.271914
546 -5.273296
547 -5.274624
548 -5.275895
549 -5.277132
550 -5.278291
551 -5.279394
552 -5.280440
553 -5.281425
554 -5.282351
555 -5.283216
556 -5.284023
557 -5.284774
558 -5.285479
559 -5.286195

0 -5.251987
1 -5.253494
2 -5.259064
3 -5.268238
4 -5.280867
5 -5.296773
6 -5.315761
7 -5.337639
8 -5.362226
9 -5.389358
10 -5.418887
11 -5.450662
12 -5.484520
13 -5.520275
14 -5.557708
15 -5.596568
16 -5.636578
17 -5.677438
18 -5.718807
19 -5.760276
20 -5.801310
21 -5.841159
22 -5.878749
23 -5.912574
24 -5.940642
25 -5.960590
26 -5.970113
27 -5.967686
28 -5.953201
29 -5.927989
30 -5.894212
31 -5.854163
32 -5.809877
33 -5.763028
34 -5.714970
35 -5.666798
36 -5.619388
37 -5.573410
38 -5.529324
39 -5.487382
40 -5.447634
41 -5.409952
42 -5.374072
43 -5.339640
44 -5.306268
45 -5.273588
46 -5.241296
47 -5.209182
48 -5.177142
49 -5.145176
50 -5.113368
51 -5.081857
52 -5.050804
53 -5.020364
54 -4.990675
55 -4.961855
56 -4.934027
57 -4.907358
58 -4.882128
59 -4.858825
60 -4.838298
61 -4.821939
62 -4.811814
63 -4.812856
64 -4.847394
65 -4.883884
66 -4.919938
67 -4.955371
68 -4.990054
69 -5.023857
70 -5.056644
71 -5.088265
72 -5.118564
73 -5.147395
74 -5.176237
75 -5.215571
76 -5.250676
77 -5.255116
78 -5.266033
79 -5.284227
80 -5.284227
81 -5.274851
82 -5.259413
83 -5.244329
84 -5.238185
85 -5.233280
86 -5.229129
87 -5.225666
88 -5.222857
89 -5.220673
90 -5.219091
91 -5.218096
92 -5.217679
93 -5.217841
94 -5.218592
95 -5.219952
96 -5.221952
97 -5.224634
98 -5.228050
99 -5.232262
100 -5.237343
101 -5.243373
102 -5.250441
103 -5.258641
104 -5.268072
105 -5.278840
106 -5.291047
107 -5.304800
108 -5.320200
109 -5.337344
110 -5.356317
111 -5.377011
112 -5.379312
113 -5.377359
114 -5.375244
115 -5.372991
116 -5.370605
117 -5.368087
118 -5.365439
119 -5.362659
120 -5.359747
121 -5.356702
122 -5.353527
123 -5.350227
124 -5.346811
125 -5.343291
126 -5.339682
127 -5.336002
128 -5.332273
129 -5.328518
130 -5.324760
131 -5.321025
132 -5.317335
133 -5.313712
134 -5.310175
135 -5.306741
136 -5.303421
137 -5.300225
138 -5.297156
139 -5.294216
140 -5.291404
141 -5.288717
142 -5.286150
143 -5.283700
144 -5.281365
145 -5.279147
146 -5.277051
147 -5.275090
148 -5.273281
149 -5.271648
150 -5.270218
151 -5.269012
152 -5.268042
153 -5.267300
154 -5.266758
155 -5.266379
156 -5.266125
157 -5.265963
158 -5.265870
159 -5.265833
160 -5.265833
161 -5.265912
162 -5.266114
163 -5.266436
164 -5.266869
165 -5.267405
166 -5.268031
167 -5.268737
168 -5.269511
169 -5.270340
170 -5.271215
171 -5.272125
172 -5.273063
173 -5.274021
174 -5.274993
175 -5.275975
176 -5.276962
177 -5.277949
178 -5.278933
179 -5.279908
180 -5.280867
181 -5.281804
182 -5.282711
183 -5.283577
184 -5.284394
185 -5.285148
186 -5.285830
187 -5.286426
188 -5.286925
189 -5.287317
190 -5.287590
191 -5.287738
192 -5.287753
193 -5.287632
194 -5.287371
195 -5.286971
196 -5.286432
197 -5.285756
198 -5.284941
199 -5.283933
200 -5.279651
201 -5.278302
202 -5.276845
203 -5.275238
204 -5.273479
205 -5.271535
206 -5.242731
207 -5.209217
208 -5.177283
209 -5.146883
210 -5.117958
211 -5.090444
212 -5.064276
213 -5.039391
214 -5.015732
215 -4.993251
216 -4.971905
217 -4.951663
218 -4.932503
219 -4.914407
220 -4.897365
221 -4.881368
222 -4.866409
223 -4.852479
224 -4.839566
225 -4.827656
226 -4.816730
227 -4.806767
228 -4.797740
229 -4.789624
230 -4.782391
231 -4.776016
232 -4.770479
233 -4.765765
234 -4.761869
235 -4.758801
236 -4.756584
237 -4.755272
238 -4.755239
239 -4.755730
240 -4.755730
241 -4.755126
242 -4.755346
243 -4.756837
244 -4.759357
245 -4.762842
246 -4.767265
247 -4.772598
248 -4.778786
249 -4.785727
250 -4.793268
251 -4.801206
252 -4.809321
253 -4.831666
254 -4.885816
255 -4.941969
256 -5.000107
257 -5.056765
258 -5.045144
259 -5.032734
260 -5.019671
261 -5.006005
262 -4.991772
263 -4.977017
264 -4.962985
265 -4.991334
266 -5.029531
267 -5.071437
268 -5.116073
269 -5.162560
270 -5.210135
271 -5.258160
272 -5.306131
273 -5.353680
274 -5.400569
275 -5.446688
276 -5.492033
277 -5.536688
278 -5.580794
279 -5.624529
280 -5.668089
281 -5.711681
282 -5.755524
283 -5.799857
284 -5.844934
285 -5.891011
286 -5.938310
287 -5.986949
288 -6.036832
289 -6.087414
290 -6.137062
291 -6.165159
292 -6.086308
293 -6.077830
294 -6.140292
295 -6.080775
296 -6.014539
297 -5.948531
298 -5.884585
299 -5.823624
300 -5.766098
301 -5.712171
302 -5.661830
303 -5.614960
304 -5.571399
305 -5.530973
306 -5.493512
307 -5.458868
308 -5.426917
309 -5.397570
310 -5.370774
311 -5.346520
312 -5.324838
313 -5.305793
314 -5.289473
315 -5.275971
316 -5.265375
317 -5.257754
318 -5.253162
319 -5.251987
320 -5.251987
321 -5.255553
322 -5.267217
323 -5.286300
324 -5.312370
325 -5.344962
326 -5.383664
327 -5.428137
328 -5.478084
329 -5.533194
330 -5.593121
331 -5.657531
332 -5.726139
333 -5.798636
334 -5.874355
335 -5.951580
336 -6.026239
337 -6.089365
338 -6.123629
339 -6.111045
340 -6.057693
341 -5.983719
342 -5.901988
343 -5.818458
344 -5.735827
345 -5.655252
346 -5.577145
347 -5.501602
348 -5.428546
349 -5.357706
350 -5.288600
351 -5.220645
352 -5.153369
353 -5.086615
354 -5.020622
355 -4.955924
356 -4.893125
357 -4.832634
358 -4.774581
359 -4.725334
360 -4.760053
361 -4.799571
362 -4.840099
363 -4.881552
364 -4.923848
365 -4.966787
366 -5.009972
367 -5.013500
368 -4.946127
369 -4.915177
370 -4.964374
371 -5.008787
372 -5.041545
373 -5.047205
374 -5.015044
375 -4.960453
376 -4.899511
377 -4.865035
378 -4.903146
379 -4.946108
380 -4.995621
381 -5.053818
382 -5.122936
383 -5.205028
384 -5.301674
385 -5.366841
386 -5.360164
387 -5.351691
388 -5.341874
389 -5.331268
390 -5.320469
391 -5.309993
392 -5.300176
393 -5.291172
394 -5.283060
395 -5.276027
396 -5.270581
397 -5.267388
398 -5.266143
399 -5.265833
400 -5.265833
401 -5.265912
402 -5.266114
403 -5.266436
404 -5.266869
405 -5.267405
406 -5.268031
407 -5.268737
408 -5.269511
409 -5.270340
410 -5.271215
411 -5.272125
412 -5.273063
413 -5.274021
414 -5.274993
415 -5.275975
416 -5.276962
417 -5.277949
418 -5.278933
419 -5.279908
420 -5.280867
421 -5.281804
422 -5.282711
423 -5.283577
424 -5.284394
425 -5.285148
426 -5.285830
427 -5.286426
428 -5.286925
429 -5.287317
430 -5.287590
431 -5.287738
432 -5.287753
433 -5.287632
434 -5.287371
435 -5.286971
436 -5.286432
437 -5.285756
438 -5.284941
439 -5.283933
440 -5.279651
441 -5.278302
442 -5.276845
443 -5.275238
444 -5.273479
445 -5.271535
446 -5.242731
447 -5.209217
448 -5.177283
449 -5.146883
450 -5.117958
451 -5.090444
452 -5.064276
453 -5.039391
454 -5.015732
455 -4.993251
456 -4.971905
457 -4.951663
458 -4.932503
459 -4.914407
460 -4.897365
461 -4.881368
462 -4.866409
463 -4.852479
464 -4.839566
465 -4.827656
466 -4.816730
467 -4.806767
468 -4.797740
469 -4.789624
470 -4.782391
471 -4.776016
472 -4.770479
473 -4.765765
474 -4.761869
475 -4.758801
476 -4.756584
477 -4.755272
478 -4.755239
479 -4.755730
480 -4.755730
481 -4.755600
482 -4.755241
483 -4.754692
484 -4.754041
485 -4.753455
486 -4.753210
487 -4.753583
488 -4.754646
489 -4.756288
490 -4.758375
491 -4.760814
492 -4.763553
493 -4.766556
494 -4.769802
495 -4.773274
496 -4.776961
497 -4.780853
498 -4.784943
499 -4.789225
500 -4.793695
501 -4.798349
502 -4.803184
503 -4.808199
504 -4.813393
505 -4.818765
506 -4.824317
507 -4.830049
508 -4.835964
509 -4.842062
510 -4.848348
511 -4.854823
512 -4.861492
513 -4.868357
514 -4.875421
515 -4.882689
516 -4.890165
517 -4.897852
518 -4.905754
519 -4.913875
520 -4.922220
521 -4.930793
522 -4.939599
523 -4.948642
524 -4.957928
525 -4.967461
526 -4.977249
527 -4.987297
528 -4.997612
529 -5.008203
530 -5.019076
531 -5.030241
532 -5.041707
533 -5.053484
534 -5.065583
535 -5.078016
536 -5.090794
537 -5.103930
538 -5.117436
539 -5.131325
540 -5.145611
541 -5.160306
542 -5.175423
543 -5.190975
544 -5.206972
545 -5.223426
546 -5.240345
547 -5.257737
548 -5.275416
549 -5.276931
550 -5.277878
551 -5.278767
552 -5.279606
553 -5.280396
554 -5.281139
555 -5.281837
556 -5.282492
557 -5.283105
558 -5.283679
559 -5.284227

0 -5.251562
1 -5.251057
2 -5.248392
3 -5.243810
4 -5.237132
5 -5.228159
6 -5.216714
7 -5.202674
8 -5.185999
9 -5.166739
10 -5.145026
11 -5.121055
12 -5.095050
13 -5.067230
14 -5.037775
15 -5.006820
16 -5.005090
17 -5.075052
18 -5.145839
19 -5.216569
20 -5.286085
21 -5.352810
22 -5.414689
23 -5.469160
24 -5.513221
25 -5.543708
26 -5.557901
27 -5.554363
28 -5.533501
29 -5.497367
30 -5.448862
31 -5.390943
32 -5.326190
33 -5.256672
34 -5.183989
35 -5.109343
36 -5.033623
37 -4.957483
38 -4.881432
39 -4.826998
40 -4.801344
41 -4.773633
42 -4.744346
43 -4.713961
44 -4.682918
45 -4.651637
46 -4.620543
47 -4.590084
48 -4.560745
49 -4.533048
50 -4.507583
51 -4.485042
52 -4.466312
53 -4.468476
54 -4.497461
55 -4.527843
56 -4.559638
57 -4.592801
58 -4.627209
59 -4.662673
60 -4.698951
61 -4.735760
62 -4.772771
63 -4.807067
64 -4.817573
65 -4.835365
66 -4.860988
67 -4.892489
68 -4.928198
69 -4.966860
70 -5.007540
71 -5.049486
72 -5.092032
73 -5.134489
74 -5.174421
75 -5.200060
76 -5.223774
77 -5.245613
78 -5.257951
79 -5.264616
80 -5.264616
81 -5.256749
82 -5.249511
83 -5.239059
84 -5.217666
85 -5.193787
86 -5.168495
87 -5.142287
88 -5.115520
89 -5.088458
90 -5.061301
91 -5.034207
92 -5.007299
93 -4.980678
94 -4.954423
95 -4.928602
96 -4.903270
97 -4.878475
98 -4.854263
99 -4.830682
100 -4.807784
101 -4.785646
102 -4.764383
103 -4.744201
104 -4.725531
105 -4.709433
106 -4.698878
107 -4.700210
108 -4.715286
109 -4.737692
110 -4.763153
111 -4.790037
112 -4.817629
113 -4.845520
114 -4.873421
115 -4.901089
116 -4.928314
117 -4.954904
118 -4.980682
119 -5.005495
120 -5.029209
121 -5.051712
122 -5.072921
123 -5.092776
124 -5.111243
125 -5.128315
126 -5.144001
127 -5.158330
128 -5.171346
129 -5.183103
130 -5.193664
131 -5.203094
132 -5.211465
133 -5.218851
134 -5.225323
135 -5.230956
136 -5.235823
137 -5.239994
138 -5.243540
139 -5.246528
140 -5.249023
141 -5.251084
142 -5.252769
143 -5.254128
144 -5.255207
145 -5.256044
146 -5.256671
147 -5.257110
148 -5.257375
149 -5.257475
150 -5.257413
151 -5.257193
152 -5.256833
153 -5.256364
154 -5.255837
155 -5.255310
156 -5.254838
157 -5.254468
158 -5.254233
159 -5.254153
160 -5.254153
161 -5.254225
162 -5.254444
163 -5.254805
164 -5.255301
165 -5.255921
166 -5.256655
167 -5.257488
168 -5.258407
169 -5.259398
170 -5.260447
171 -5.261542
172 -5.262669
173 -5.263820
174 -5.264985
175 -5.266157
176 -5.267332
177 -5.268505
178 -5.269673
179 -5.270834
180 -5.271986
181 -5.273126
182 -5.274250
183 -5.275352
184 -5.276426
185 -5.277464
186 -5.278454
187 -5.279384
188 -5.280241
189 -5.281009
190 -5.281673
191 -5.282215
192 -5.282620
193 -5.282871
194 -5.282954
195 -5.282855
196 -5.282561
197 -5.282061
198 -5.281327
199 -5.279907
200 -5.241340
201 -5.194614
202 -5.149445
203 -5.105871
204 -5.063880
205 -5.023447
206 -4.984542
207 -4.947136
208 -4.911197
209 -4.876698
210 -4.843615
211 -4.811928
212 -4.781622
213 -4.752684
214 -4.725106
215 -4.698880
216 -4.674001
217 -4.650465
218 -4.628271
219 -4.607443
220 -4.588217
221 -4.590313
222 -4.604727
223 -4.618902
224 -4.632767
225 -4.646256
226 -4.659302
227 -4.671837
228 -4.683788
229 -4.695083
230 -4.705649
231 -4.715409
232 -4.724282
233 -4.732190
234 -4.739049
235 -4.744780
236 -4.749302
237 -4.752492
238 -4.753838
239 -4.753884
240 -4.753884
241 -4.753165
242 -4.749170
243 -4.742203
244 -4.732865
245 -4.721469
246 -4.708274
247 -4.693500
248 -4.677327
249 -4.660042
250 -4.681481
251 -4.729244
252 -4.779359
253 -4.817260
254 -4.825080
255 -4.832506
256 -4.839618
257 -4.846654
258 -4.854091
259 -4.862659
260 -4.873328
261 -4.887207
262 -4.905357
263 -4.928530
264 -4.955780
265 -4.945221
266 -4.928757
267 -4.911715
268 -4.894274
269 -4.876630
270 -4.859032
271 -4.841763
272 -4.825112
273 -4.809333
274 -4.794627
275 -4.804151
276 -4.858837
277 -4.914862
278 -4.972376
279 -5.031630
280 -5.092899
281 -5.156414
282 -5.222313
283 -5.290614
284 -5.361221
285 -5.433940
286 -5.508518
287 -5.584670
288 -5.662086
289 -5.740412
290 -5.819158
291 -5.897272
292 -5.969171
293 -5.964398
294 -5.876549
295 -5.779411
296 -5.679968
297 -5.580178
298 -5.481352
299 -5.384540
300 -5.290578
301 -5.200077
302 -5.113416
303 -5.056392
304 -5.078625
305 -5.100274
306 -5.121175
307 -5.141151
308 -5.159982
309 -5.177421
310 -5.193220
311 -5.207161
312 -5.219094
313 -5.228959
314 -5.236797
315 -5.242746
316 -5.247013
317 -5.249833
318 -5.251419
319 -5.251562
320 -5.251562
321 -5.250207
322 -5.244800
323 -5.235129
324 -5.220513
325 -5.200472
326 -5.174936
327 -5.144283
328 -5.109207
329 -5.070479
330 -5.028716
331 -5.057872
332 -5.174166
333 -5.294148
334 -5.414916
335 -5.531577
336 -5.636185
337 -5.715648
338 -5.751045
339 -5.729683
340 -5.661404
341 -5.565671
342 -5.456013
343 -5.339748
344 -5.220791
345 -5.101282
346 -4.982419
347 -4.864935
348 -4.749411
349 -4.644435
350 -4.607974
351 -4.575458
352 -4.546295
353 -4.521043
354 -4.546930
355 -4.578462
356 -4.611749
357 -4.646670
358 -4.682946
359 -4.713721
360 -4.663415
361 -4.611882
362 -4.574487
363 -4.601860
364 -4.652013
365 -4.704926
366 -4.758313
367 -4.811414
368 -4.863844
369 -4.884516
370 -4.831213
371 -4.790373
372 -4.767134
373 -4.763836
374 -4.777038
375 -4.800824
376 -4.830834
377 -4.840399
378 -4.790037
379 -4.759133
380 -4.759249
381 -4.788390
382 -4.836728
383 -4.896783
384 -4.962278
385 -5.026988
386 -5.085472
387 -5.134280
388 -5.172395
389 -5.200660
390 -5.220808
391 -5.234737
392 -5.244138
393 -5.250350
394 -5.254318
395 -5.256587
396 -5.257287
397 -5.256399
398 -5.254857
399 -5.254153
400 -5.254153
401 -5.254225
402 -5.254444
403 -5.254805
404 -5.255301
405 -5.255921
406 -5.256655
407 -5.257488
408 -5.258407
409 -5.259398
410 -5.260447
411 -5.261542
412 -5.262669
413 -5.263820
414 -5.264985
415 -5.266157
416 -5.267332
417 -5.268505
418 -5.269673
419 -5.270834
420 -5.271986
421 -5.273126
422 -5.274250
423 -5.275352
424 -5.276426
425 -5.277464
426 -5.278454
427 -5.279384
428 -5.280241
429 -5.281009
430 -5.281673
431 -5.282215
432 -5.282620
433 -5.282871
434 -5.282954
435 -5.282855
436 -5.282561
437 -5.282061
438 -5.281327
439 -5.279907
440 -5.241340
441 -5.194614
442 -5.149445
443 -5.105871
444 -5.063880
445 -5.023447
446 -4.984542
447 -4.947136
448 -4.911197
449 -4.876698
450 -4.843615
451 -4.811928
452 -4.781622
453 -4.752684
454 -4.725106
455 -4.698880
456 -4.674001
457 -4.650465
458 -4.628271
459 -4.607443
460 -4.588217
461 -4.590313
462 -4.604727
463 -4.618902
464 -4.632767
465 -4.646256
466 -4.659302
467 -4.671837
468 -4.683788
469 -4.695083
470 -4.705649
471 -4.715409
472 -4.724282
473 -4.732190
474 -4.739049
475 -4.744780
476 -4.749302
477 -4.752492
478 -4.753838
479 -4.753884
480 -4.753884
481 -4.753730
482 -4.753244
483 -4.752426
484 -4.751281
485 -4.749812
486 -4.748022
487 -4.745917
488 -4.743499
489 -4.740774
490 -4.737748
491 -4.734425
492 -4.730815
493 -4.726925
494 -4.722766
495 -4.718347
496 -4.713680
497 -4.708777
498 -4.703650
499 -4.698312
500 -4.692775
501 -4.687054
502 -4.681160
503 -4.675107
504 -4.668909
505 -4.662577
506 -4.656123
507 -4.649561
508 -4.642900
509 -4.636151
510 -4.629326
511 -4.622433
512 -4.615484
513 -4.608489
514 -4.601464
515 -4.594441
516 -4.587602
517 -4.585178
518 -4.593427
519 -4.602857
520 -4.612660
521 -4.622769
522 -4.633169
523 -4.643859
524 -4.654840
525 -4.666115
526 -4.677689
527 -4.689565
528 -4.701749
529 -4.714245
530 -4.727059
531 -4.740197
532 -4.753663
533 -4.767465
534 -4.781609
535 -4.796100
536 -4.810947
537 -4.826155
538 -4.841732
539 -4.857684
540 -4.874019
541 -4.890744
542 -4.907866
543 -4.925393
544 -4.943330
545 -4.961684
546 -4.980462
547 -4.999669
548 -5.019311
549 -5.039391
550 -5.059915
551 -5.080885
552 -5.102304
553 -5.124172
554 -5.146489
555 -5.169255
556 -5.192467
557 -5.216117
558 -5.240190
559 -5.264616

0 -4.320061
1 -4.322723
2 -4.331540
3 -4.347019
4 -4.369207
5 -4.397835
6 -4.432535
7 -4.472876
8 -4.518362
9 -4.568443
10 -4.622544
11 -4.680108
12 -4.740632
13 -4.803692
14 -4.868945
15 -4.936085
16 -4.974143
17 -4.940271
18 -4.904737
19 -4.867563
20 -4.828731
21 -4.788341
22 -4.747176
23 -4.732636
24 -4.758520
25 -4.784956
26 -4.810124
27 -4.833410
28 -4.854293
29 -4.872278
30 -4.886893
31 -4.897706
32 -4.904344
33 -4.906518
34 -4.904058
35 -4.896940
36 -4.885298
37 -4.869429
38 -4.849740
39 -4.805610
40 -4.730768
41 -4.656924
42 -4.584436
43 -4.513632
44 -4.444848
45 -4.378464
46 -4.316268
47 -4.322759
48 -4.343137
49 -4.365470
50 -4.389308
51 -4.414446
52 -4.440825
53 -4.452547
54 -4.445089
55 -4.444925
56 -4.451906
57 -4.464629
58 -4.481141
59 -4.499539
60 -4.517998
61 -4.534529
62 -4.546765
63 -4.552221
64 -4.549298
65 -4.538197
66 -4.520554
67 -4.498351
68 -4.473293
69 -4.446812
70 -4.421727
71 -4.426361
72 -4.440024
73 -4.450335
74 -4.456668
75 -4.458767
76 -4.456537
77 -4.450074
78 -4.439720
79 -4.426108
80 -4.426108
81 -4.433587
82 -4.440695
83 -4.447442
84 -4.453849
85 -4.459937
86 -4.465720
87 -4.471209
88 -4.476412
89 -4.481327
90 -4.485949
91 -4.490268
92 -4.494268
93 -4.497934
94 -4.501245
95 -4.504185
96 -4.506741
97 -4.508912
98 -4.510726
99 -4.512334
100 -4.514934
101 -4.527132
102 -4.546427
103 -4.567155
104 -4.588306
105 -4.608675
106 -4.625196
107 -4.631440
108 -4.625453
109 -4.613543
110 -4.599861
111 -4.585901
112 -4.572220
113 -4.559052
114 -4.546498
115 -4.534593
116 -4.523333
117 -4.512688
118 -4.502614
119 -4.493050
120 -4.483930
121 -4.475185
122 -4.466748
123 -4.458568
124 -4.450648
125 -4.443237
126 -4.437107
127 -4.431917
128 -4.426940
129 -4.422005
130 -4.417083
131 -4.412181
132 -4.407316
133 -4.402505
134 -4.397765
135 -4.393109
136 -4.388545
137 -4.384080
138 -4.379718
139 -4.375464
140 -4.371328
141 -4.367319
142 -4.363450
143 -4.359738
144 -4.356195
145 -4.352836
146 -4.349674
147 -4.346722
148 -4.343989
149 -4.341484
150 -4.339212
151 -4.337178
152 -4.335383
153 -4.333830
154 -4.332518
155 -4.331447
156 -4.330616
157 -4.330023
158 -4.329668
159 -4.329549
160 -4.329549
161 -4.329671
162 -4.330037
163 -4.330644
164 -4.331489
165 -4.332565
166 -4.333865
167 -4.335378
168 -4.337096
169 -4.339005
170 -4.341093
171 -4.343346
172 -4.345749
173 -4.348288
174 -4.350947
175 -4.353713
176 -4.356574
177 -4.359518
178 -4.362538
179 -4.365623
180 -4.368767
181 -4.371961
182 -4.375197
183 -4.378466
184 -4.381757
185 -4.385058
186 -4.388356
187 -4.391637
188 -4.394887
189 -4.398091
190 -4.401236
191 -4.404309
192 -4.407297
193 -4.410189
194 -4.412976
195 -4.415651
196 -4.418206
197 -4.420638
198 -4.422945
199 -4.425125
200 -4.427180
201 -4.429113
202 -4.430926
203 -4.432624
204 -4.434212
205 -4.435691
206 -4.437064
207 -4.438332
208 -4.439500
209 -4.440609
210 -4.441905
211 -4.445877
212 -4.457770
213 -4.471901
214 -4.486487
215 -4.501271
216 -4.516157
217 -4.531084
218 -4.546004
219 -4.560869
220 -4.575611
221 -4.580637
222 -4.594267
223 -4.608485
224 -4.622482
225 -4.636119
226 -4.649304
227 -4.661949
228 -4.673967
229 -4.685269
230 -4.695767
231 -4.705376
232 -4.714012
233 -4.721598
234 -4.728059
235 -4.733321
236 -4.737317
237 -4.740016
238 -4.741478
239 -4.741869
240 -4.741869
241 -4.739717
242 -4.733274
243 -4.722332
244 -4.707306
245 -4.688813
246 -4.667456
247 -4.643788
248 -4.618400
249 -4.635704
250 -4.640768
251 -4.620972
252 -4.600003
253 -4.578072
254 -4.555394
255 -4.532257
256 -4.509018
257 -4.486082
258 -4.463873
259 -4.442817
260 -4.424082
261 -4.441225
262 -4.464178
263 -4.483358
264 -4.498409
265 -4.509546
266 -4.517356
267 -4.522602
268 -4.526119
269 -4.529509
270 -4.555837
271 -4.600481
272 -4.648452
273 -4.698695
274 -4.750679
275 -4.781033
276 -4.768713
277 -4.757532
278 -4.747445
279 -4.738412
280 -4.730460
281 -4.723725
282 -4.718473
283 -4.715108
284 -4.714347
285 -4.720373
286 -4.737726
287 -4.754322
288 -4.767664
289 -4.777251
290 -4.783273
291 -4.789052
292 -4.804308
293 -4.824369
294 -4.846022
295 -4.868605
296 -4.891804
297 -4.915397
298 -4.939202
299 -4.963056
300 -4.986815
301 -5.010349
302 -5.033547
303 -5.030677
304 -4.952020
305 -4.877203
306 -4.806139
307 -4.738780
308 -4.675204
309 -4.615635
310 -4.560437
311 -4.510059
312 -4.464972
313 -4.425604
314 -4.392290
315 -4.365257
316 -4.344641
317 -4.330461
318 -4.322463
319 -4.320061
320 -4.320061
321 -4.326106
322 -4.346159
323 -4.381035
324 -4.430124
325 -4.492336
326 -4.566207
327 -4.650019
328 -4.742121
329 -4.841244
330 -4.946608
331 -4.984096
332 -4.936869
333 -4.886852
334 -4.834192
335 -4.779766
336 -4.763791
337 -4.798211
338 -4.828409
339 -4.851838
340 -4.866750
341 -4.871722
342 -4.865985
343 -4.849783
344 -4.824512
345 -4.792460
346 -4.756228
347 -4.718133
348 -4.679863
349 -4.634489
350 -4.525363
351 -4.463478
352 -4.489248
353 -4.516936
354 -4.499119
355 -4.480937
356 -4.465700
357 -4.452794
358 -4.441813
359 -4.433700
360 -4.445729
361 -4.487293
362 -4.521524
363 -4.496838
364 -4.495515
365 -4.504271
366 -4.510315
367 -4.513621
368 -4.514048
369 -4.511170
370 -4.504455
371 -4.493520
372 -4.478296
373 -4.471990
374 -4.491861
375 -4.511611
376 -4.531228
377 -4.549973
378 -4.564797
379 -4.567774
380 -4.550048
381 -4.518369
382 -4.510438
383 -4.504352
384 -4.496057
385 -4.485638
386 -4.473311
387 -4.459396
388 -4.444329
389 -4.428627
390 -4.412814
391 -4.397343
392 -4.382569
393 -4.368794
394 -4.356393
395 -4.345965
396 -4.338204
397 -4.333200
398 -4.330438
399 -4.329549
400 -4.329549
401 -4.329671
402 -4.330037
403 -4.330644
404 -4.331489
405 -4.332565
406 -4.333865
407 -4.335378
408 -4.337096
409 -4.339005
410 -4.341093
411 -4.343346
412 -4.345749
413 -4.348288
414 -4.350947
415 -4.353713
416 -4.356574
417 -4.359518
418 -4.362538
419 -4.365623
420 -4.368767
421 -4.371961
422 -4.375197
423 -4.378466
424 -4.381757
425 -4.385058
426 -4.388356
427 -4.391637
428 -4.394887
429 -4.398091
430 -4.401236
431 -4.404309
432 -4.407297
433 -4.410189
434 -4.412976
435 -4.415651
436 -4.418206
437 -4.420638
438 -4.422945
439 -4.425125
440 -4.427180
441 -4.429113
442 -4.430926
443 -4.432624
444 -4.434212
445 -4.435691
446 -4.437064
447 -4.438332
448 -4.439500
449 -4.440609
450 -4.441905
451 -4.445877
452 -4.457770
453 -4.471901
454 -4.486487
455 -4.501271
456 -4.516157
457 -4.531084
458 -4.546004
459 -4.560869
460 -4.575611
461 -4.580637
462 -4.594267
463 -4.608485
464 -4.622482
465 -4.636119
466 -4.649304
467 -4.661949
468 -4.673967
469 -4.685269
470 -4.695767
471 -4.705376
472 -4.714012
473 -4.721598
474 -4.728059
475 -4.733321
476 -4.737317
477 -4.740016
478 -4.741478
479 -4.741869
480 -4.741869
481 -4.741957
482 -4.742211
483 -4.742591
484 -4.743010
485 -4.743296
486 -4.743174
487 -4.742367
488 -4.740802
489 -4.738593
490 -4.735876
491 -4.732745
492 -4.729258
493 -4.725451
494 -4.721351
495 -4.716979
496 -4.712352
497 -4.707487
498 -4.702398
499 -4.697101
500 -4.691608
501 -4.685936
502 -4.680096
503 -4.674102
504 -4.667968
505 -4.661705
506 -4.655325
507 -4.648839
508 -4.642258
509 -4.635592
510 -4.628848
511 -4.622035
512 -4.615159
513 -4.608226
514 -4.601243
515 -4.594219
516 -4.587166
517 -4.580073
518 -4.572935
519 -4.565760
520 -4.558551
521 -4.551312
522 -4.544044
523 -4.536749
524 -4.529430
525 -4.522090
526 -4.514731
527 -4.507359
528 -4.499981
529 -4.492605
530 -4.485243
531 -4.477916
532 -4.470657
533 -4.463538
534 -4.456742
535 -4.450822
536 -4.446969
537 -4.445204
538 -4.444289
539 -4.443628
540 -4.443037
541 -4.442452
542 -4.441846
543 -4.441206
544 -4.440529
545 -4.439810
546 -4.439051
547 -4.438251
548 -4.437411
549 -4.436533
550 -4.435619
551 -4.434671
552 -4.433691
553 -4.432680
554 -4.431642
555 -4.430578
556 -4.429490
557 -4.428382
558 -4.427254
559 -4.426108

0 -4.319488
1 -4.318859
2 -4.316625
3 -4.312960
4 -4.308297
5 -4.304719
6 -4.309132
7 -4.322002
8 -4.338927
9 -4.358361
10 -4.379636
11 -4.402382
12 -4.426339
13 -4.451304
14 -4.477109
15 -4.503613
16 -4.530707
17 -4.558302
18 -4.586321
19 -4.614681
20 -4.643260
21 -4.671821
22 -4.699460
23 -4.698662
24 -4.655511
25 -4.609759
26 -4.563094
27 -4.515981
28 -4.468788
29 -4.421877
30 -4.375667
31 -4.330978
32 -4.304603
33 -4.303660
34 -4.304789
35 -4.305293
36 -4.303733
37 -4.299573
38 -4.292692
39 -4.283375
40 -4.273217
41 -4.266637
42 -4.265909
43 -4.269671
44 -4.277375
45 -4.288862
46 -4.302451
47 -4.254188
48 -4.212339
49 -4.215590
50 -4.225068
51 -4.236450
52 -4.249344
53 -4.261257
54 -4.271045
55 -4.282836
56 -4.295715
57 -4.308572
58 -4.321027
59 -4.332772
60 -4.343526
61 -4.353052
62 -4.361166
63 -4.367754
64 -4.372777
65 -4.376268
66 -4.378331
67 -4.379153
68 -4.379292
69 -4.386624
70 -4.404275
71 -4.390785
72 -4.370437
73 -4.361642
74 -4.354752
75 -4.356057
76 -4.375515
77 -4.394119
78 -4.410997
79 -4.426064
80 -4.426064
81 -4.418827
82 -4.410997
83 -4.402660
84 -4.393905
85 -4.384828
86 -4.375542
87 -4.366228
88 -4.359874
89 -4.366493
90 -4.374533
91 -4.383249
92 -4.392709
93 -4.403017
94 -4.414277
95 -4.426578
96 -4.439986
97 -4.454538
98 -4.470213
99 -4.486850
100 -4.503217
101 -4.510639
102 -4.511499
103 -4.511246
104 -4.510440
105 -4.509202
106 -4.507592
107 -4.505651
108 -4.503417
109 -4.500924
110 -4.498204
111 -4.495285
112 -4.492192
113 -4.488943
114 -4.485557
115 -4.482043
116 -4.478410
117 -4.474663
118 -4.470802
119 -4.466826
120 -4.462733
121 -4.458519
122 -4.454175
123 -4.449680
124 -4.444968
125 -4.439735
126 -4.433171
127 -4.425599
128 -4.417760
129 -4.409921
130 -4.402525
131 -4.396949
132 -4.393205
133 -4.389752
134 -4.386151
135 -4.382348
136 -4.378366
137 -4.374251
138 -4.370056
139 -4.365830
140 -4.361619
141 -4.357460
142 -4.353387
143 -4.349426
144 -4.345601
145 -4.341930
146 -4.338429
147 -4.335114
148 -4.331996
149 -4.329089
150 -4.326405
151 -4.323958
152 -4.321760
153 -4.319825
154 -4.318164
155 -4.316789
156 -4.315708
157 -4.314928
158 -4.314455
159 -4.314292
160 -4.314292
161 -4.314459
162 -4.314953
163 -4.315766
164 -4.316884
165 -4.318289
166 -4.319957
167 -4.321864
168 -4.323983
169 -4.326287
170 -4.328752
171 -4.331356
172 -4.334082
173 -4.336917
174 -4.339850
175 -4.342874
176 -4.345984
177 -4.349177
178 -4.352447
179 -4.355790
180 -4.359198
181 -4.362664
182 -4.366176
183 -4.369723
184 -4.373292
185 -4.376865
186 -4.380427
187 -4.383961
188 -4.387450
189 -4.390877
190 -4.394228
191 -4.397490
192 -4.400652
193 -4.403707
194 -4.406651
195 -4.409482
196 -4.412200
197 -4.414807
198 -4.417303
199 -4.419689
200 -4.421963
201 -4.424121
202 -4.426152
203 -4.428046
204 -4.429787
205 -4.431357
206 -4.432739
207 -4.433922
208 -4.434902
209 -4.435697
210 -4.436440
211 -4.439090
212 -4.446499
213 -4.460322
214 -4.474824
215 -4.489563
216 -4.504443
217 -4.519399
218 -4.534369
219 -4.549265
220 -4.563802
221 -4.567726
222 -4.551579
223 -4.535786
224 -4.521063
225 -4.507438
226 -4.494891
227 -4.483391
228 -4.472906
229 -4.463407
230 -4.454873
231 -4.447285
232 -4.440635
233 -4.434919
234 -4.430142
235 -4.426307
236 -4.423408
237 -4.421420
238 -4.420347
239 -4.420137
240 -4.420137
241 -4.422128
242 -4.430159
243 -4.444309
244 -4.464224
245 -4.489532
246 -4.519824
247 -4.554620
248 -4.593277
249 -4.591096
250 -4.563101
251 -4.534226
252 -4.504708
253 -4.474676
254 -4.444198
255 -4.413313
256 -4.382112
257 -4.352540
258 -4.359226
259 -4.386284
260 -4.413457
261 -4.404469
262 -4.388354
263 -4.374413
264 -4.372825
265 -4.389637
266 -4.412524
267 -4.440734
268 -4.473871
269 -4.510526
270 -4.527601
271 -4.529552
272 -4.531182
273 -4.533432
274 -4.536854
275 -4.541954
276 -4.549205
277 -4.559000
278 -4.571603
279 -4.587091
280 -4.605312
281 -4.625864
282 -4.648092
283 -4.671097
284 -4.693590
285 -4.710758
286 -4.717397
287 -4.724919
288 -4.735168
289 -4.748049
290 -4.762864
291 -4.775896
292 -4.777146
293 -4.771121
294 -4.760957
295 -4.747308
296 -4.730528
297 -4.710924
298 -4.688810
299 -4.664528
300 -4.638451
301 -4.610973
302 -4.582500
303 -4.553433
304 -4.524159
305 -4.495048
306 -4.466449
307 -4.438694
308 -4.412094
309 -4.386954
310 -4.363591
311 -4.342410
312 -4.324123
313 -4.310884
314 -4.309403
315 -4.312423
316 -4.315463
317 -4.317758
318 -4.319139
319 -4.319488
320 -4.319488
321 -4.318126
322 -4.313726
323 -4.307492
324 -4.309546
325 -4.330555
326 -4.359359
327 -4.392638
328 -4.429183
329 -4.468218
330 -4.509113
331 -4.551317
332 -4.594325
333 -4.637586
334 -4.680370
335 -4.721258
336 -4.719584
337 -4.663023
338 -4.605872
339 -4.550510
340 -4.499054
341 -4.454544
342 -4.420844
343 -4.399815
344 -4.388962
345 -4.384965
346 -4.386306
347 -4.392690
348 -4.404056
349 -4.420080
350 -4.440105
351 -4.418137
352 -4.315423
353 -4.266395
354 -4.280526
355 -4.297866
356 -4.318112
357 -4.341344
358 -4.367184
359 -4.395168
360 -4.419198
361 -4.443126
362 -4.463898
363 -4.478308
364 -4.446147
365 -4.404457
366 -4.386082
367 -4.384505
368 -4.389574
369 -4.407671
370 -4.434406
371 -4.451006
372 -4.453731
373 -4.458922
374 -4.465386
375 -4.479149
376 -4.490654
377 -4.500019
378 -4.507141
379 -4.511784
380 -4.513664
381 -4.510499
382 -4.476317
383 -4.440789
384 -4.412222
385 -4.392261
386 -4.379623
387 -4.371057
388 -4.363537
389 -4.360925
390 -4.358894
391 -4.354667
392 -4.349208
393 -4.343288
394 -4.337317
395 -4.331319
396 -4.325219
397 -4.319616
398 -4.315696
399 -4.314292
400 -4.314292
401 -4.314459
402 -4.314953
403 -4.315766
404 -4.316884
405 -4.318289
406 -4.319957
407 -4.321864
408 -4.323983
409 -4.326287
410 -4.328752
411 -4.331356
412 -4.334082
413 -4.336917
414 -4.339850
415 -4.342874
416 -4.345984
417 -4.349177
418 -4.352447
419 -4.355790
420 -4.359198
421 -4.362664
422 -4.366176
423 -4.369723
424 -4.373292
425 -4.376865
426 -4.380427
427 -4.383961
428 -4.387450
429 -4.390877
430 -4.394228
431 -4.397490
432 -4.400652
433 -4.403707
434 -4.406651
435 -4.409482
436 -4.412200
437 -4.414807
438 -4.417303
439 -4.419689
440 -4.421963
441 -4.424121
442 -4.426152
443 -4.428046
444 -4.429787
445 -4.431357
446 -4.432739
447 -4.433922
448 -4.434902
449 -4.435697
450 -4.436440
451 -4.439090
452 -4.446499
453 -4.460322
454 -4.474824
455 -4.489563
456 -4.504443
457 -4.519399
458 -4.534369
459 -4.549265
460 -4.563802
461 -4.567726
462 -4.551579
463 -4.535786
464 -4.521063
465 -4.507438
466 -4.494891
467 -4.483391
468 -4.472906
469 -4.463407
470 -4.454873
471 -4.447285
472 -4.440635
473 -4.434919
474 -4.430142
475 -4.426307
476 -4.423408
477 -4.421420
478 -4.420347
479 -4.420137
480 -4.420137
481 -4.420126
482 -4.420087
483 -4.420029
484 -4.419970
485 -4.419948
486 -4.420042
487 -4.420428
488 -4.421379
489 -4.423012
490 -4.425188
491 -4.427761
492 -4.430657
493 -4.433841
494 -4.437293
495 -4.441003
496 -4.444965
497 -4.449173
498 -4.453624
499 -4.458315
500 -4.463244
501 -4.468411
502 -4.473813
503 -4.479451
504 -4.485324
505 -4.491433
506 -4.497777
507 -4.504359
508 -4.511178
509 -4.518235
510 -4.525532
511 -4.533070
512 -4.540849
513 -4.548867
514 -4.557118
515 -4.565571
516 -4.574045
517 -4.578332
518 -4.572186
519 -4.565102
520 -4.557891
521 -4.550627
522 -4.543330
523 -4.536008
524 -4.528667
525 -4.521312
526 -4.513946
527 -4.506575
528 -4.499206
529 -4.491846
530 -4.484508
531 -4.477212
532 -4.469993
533 -4.462925
534 -4.456204
535 -4.450429
536 -4.446781
537 -4.445113
538 -4.444218
539 -4.443560
540 -4.442968
541 -4.442382
542 -4.441775
543 -4.441135
544 -4.440457
545 -4.439739
546 -4.438980
547 -4.438181
548 -4.437342
549 -4.436466
550 -4.435555
551 -4.434609
552 -4.433632
553 -4.432624
554 -4.431589
555 -4.430529
556 -4.429444
557 -4.428337
558 -4.427210
559 -4.426064

0 -4.292609
1 -4.292984
2 -4.294022
3 -4.295262
4 -4.296747
5 -4.299048
6 -4.301334
7 -4.303539
8 -4.306518
9 -4.310062
10 -4.313988
11 -4.318105
12 -4.322205
13 -4.326084
14 -4.329551
15 -4.332453
16 -4.334679
17 -4.336167
18 -4.336903
19 -4.336911
20 -4.336242
21 -4.334969
22 -4.333169
23 -4.330921
24 -4.328297
25 -4.325361
26 -4.322168
27 -4.318768
28 -4.315214
29 -4.311574
30 -4.307954
31 -4.304320
32 -4.285546
33 -4.276672
34 -4.276627
35 -4.273876
36 -4.269964
37 -4.265656
38 -4.261293
39 -4.256793
40 -4.250792
41 -4.239206
42 -4.220314
43 -4.196558
44 -4.174113
45 -4.175944
46 -4.184720
47 -4.192850
48 -4.192814
49 -4.200706
50 -4.216166
51 -4.230932
52 -4.243870
53 -4.256119
54 -4.267212
55 -4.271634
56 -4.269916
57 -4.263925
58 -4.255210
59 -4.245028
60 -4.234242
61 -4.223422
62 -4.213034
63 -4.205296
64 -4.233111
65 -4.267905
66 -4.300828
67 -4.331229
68 -4.358268
69 -4.373725
70 -4.372469
71 -4.368274
72 -4.358098
73 -4.336656
74 -4.332490
75 -4.344907
76 -4.337106
77 -4.327612
78 -4.317344
79 -4.306904
80 -4.306904
81 -4.312830
82 -4.318913
83 -4.325081
84 -4.331358
85 -4.337779
86 -4.344375
87 -4.351126
88 -4.355216
89 -4.346818
90 -4.337681
91 -4.328760
92 -4.320207
93 -4.312156
94 -4.304842
95 -4.299821
96 -4.300601
97 -4.302168
98 -4.303185
99 -4.303536
100 -4.303220
101 -4.302273
102 -4.300745
103 -4.298699
104 -4.296209
105 -4.293356
106 -4.290265
107 -4.290413
108 -4.296657
109 -4.303767
110 -4.311481
111 -4.319617
112 -4.327998
113 -4.336447
114 -4.344798
115 -4.352898
116 -4.360609
117 -4.367817
118 -4.374427
119 -4.380362
120 -4.385571
121 -4.390017
122 -4.393683
123 -4.396564
124 -4.398669
125 -4.400016
126 -4.400629
127 -4.400531
128 -4.399731
129 -4.398178
130 -4.395519
131 -4.390445
132 -4.383019
133 -4.374867
134 -4.366519
135 -4.358137
136 -4.349811
137 -4.341618
138 -4.333633
139 -4.325938
140 -4.318632
141 -4.311850
142 -4.305891
143 -4.302297
144 -4.301598
145 -4.301253
146 -4.300864
147 -4.300397
148 -4.299864
149 -4.299291
150 -4.298706
151 -4.298136
152 -4.297603
153 -4.297125
154 -4.296712
155 -4.296369
156 -4.296099
157 -4.295903
158 -4.295781
159 -4.295735
160 -4.295735
161 -4.295767
162 -4.295837
163 -4.295942
164 -4.296077
165 -4.296238
166 -4.296418
167 -4.296607
168 -4.296796
169 -4.296971
170 -4.297121
171 -4.297233
172 -4.297296
173 -4.297302
174 -4.297251
175 -4.297148
176 -4.297019
177 -4.296921
178 -4.296994
179 -4.297547
180 -4.298937
181 -4.300948
182 -4.302996
183 -4.304697
184 -4.305852
185 -4.306356
186 -4.306153
187 -4.305225
188 -4.303586
189 -4.301280
190 -4.298407
191 -4.295218
192 -4.292683
193 -4.292446
194 -4.293745
195 -4.295897
196 -4.298807
197 -4.302501
198 -4.307027
199 -4.312430
200 -4.318747
201 -4.325999
202 -4.334186
203 -4.343291
204 -4.353274
205 -4.364075
206 -4.375619
207 -4.387815
208 -4.400555
209 -4.413679
210 -4.426746
211 -4.435571
212 -4.440031
213 -4.440925
214 -4.440989
215 -4.440687
216 -4.440099
217 -4.439257
218 -4.438187
219 -4.436915
220 -4.435471
221 -4.433889
222 -4.432207
223 -4.430465
224 -4.428709
225 -4.426986
226 -4.425350
227 -4.423857
228 -4.422564
229 -4.421521
230 -4.420745
231 -4.420221
232 -4.419908
233 -4.419758
234 -4.419724
235 -4.419762
236 -4.419833
237 -4.419893
238 -4.419855
239 -4.419687
240 -4.419687
241 -4.419287
242 -4.417170
243 -4.413903
244 -4.409956
245 -4.405940
246 -4.401945
247 -4.397690
248 -4.393091
249 -4.388197
250 -4.383095
251 -4.377882
252 -4.372644
253 -4.367461
254 -4.362412
255 -4.357610
256 -4.353262
257 -4.348758
258 -4.341884
259 -4.341913
260 -4.341917
261 -4.343954
262 -4.348819
263 -4.356806
264 -4.358428
265 -4.348056
266 -4.338170
267 -4.329389
268 -4.321645
269 -4.314825
270 -4.308833
271 -4.303607
272 -4.299133
273 -4.295447
274 -4.292623
275 -4.290769
276 -4.290001
277 -4.290423
278 -4.292103
279 -4.295054
280 -4.299222
281 -4.304479
282 -4.310626
283 -4.317396
284 -4.324475
285 -4.331520
286 -4.338200
287 -4.344227
288 -4.349394
289 -4.353585
290 -4.356777
291 -4.359015
292 -4.360384
293 -4.360990
294 -4.360943
295 -4.360351
296 -4.359314
297 -4.357919
298 -4.356237
299 -4.354312
300 -4.352161
301 -4.349769
302 -4.347104
303 -4.344121
304 -4.340783
305 -4.337072
306 -4.333011
307 -4.328666
308 -4.324150
309 -4.319619
310 -4.315261
311 -4.311307
312 -4.308086
313 -4.305795
314 -4.301023
315 -4.297871
316 -4.295837
317 -4.294220
318 -4.293012
319 -4.292609
320 -4.292609
321 -4.293487
322 -4.295453
323 -4.298165
324 -4.302584
325 -4.306571
326 -4.312144
327 -4.318685
328 -4.325543
329 -4.332025
330 -4.337499
331 -4.341518
332 -4.343883
333 -4.344668
334 -4.344166
335 -4.342802
336 -4.341005
337 -4.339056
338 -4.336933
339 -4.334141
340 -4.329492
341 -4.320860
342 -4.305636
343 -4.283790
344 -4.260064
345 -4.239812
346 -4.225861
347 -4.218851
348 -4.217995
349 -4.221923
350 -4.229306
351 -4.239064
352 -4.250012
353 -4.214411
354 -4.193761
355 -4.227382
356 -4.264211
357 -4.303536
358 -4.344683
359 -4.385214
360 -4.411632
361 -4.407624
362 -4.399974
363 -4.392309
364 -4.384773
365 -4.374453
366 -4.345112
367 -4.335220
368 -4.372256
369 -4.398317
370 -4.413739
371 -4.431872
372 -4.449916
373 -4.448619
374 -4.435229
375 -4.409042
376 -4.380769
377 -4.350962
378 -4.320070
379 -4.288983
380 -4.262709
381 -4.269998
382 -4.287424
383 -4.299164
384 -4.310138
385 -4.327873
386 -4.342792
387 -4.353290
388 -4.358823
389 -4.353731
390 -4.342132
391 -4.327887
392 -4.312164
393 -4.299093
394 -4.299044
395 -4.298865
396 -4.297958
397 -4.296874
398 -4.296054
399 -4.295735
400 -4.295735
401 -4.295767
402 -4.295837
403 -4.295942
404 -4.296077
405 -4.296238
406 -4.296418
407 -4.296607
408 -4.296796
409 -4.296971
410 -4.297121
411 -4.297233
412 -4.297296
413 -4.297302
414 -4.297251
415 -4.297148
416 -4.297019
417 -4.296921
418 -4.296994
419 -4.297547
420 -4.298937
421 -4.300948
422 -4.302996
423 -4.304697
424 -4.305852
425 -4.306356
426 -4.306153
427 -4.305225
428 -4.303586
429 -4.301280
430 -4.298407
431 -4.295218
432 -4.292683
433 -4.292446
434 -4.293745
435 -4.295897
436 -4.298807
437 -4.302501
438 -4.307027
439 -4.312430
440 -4.318747
441 -4.325999
442 -4.334186
443 -4.343291
444 -4.353274
445 -4.364075
446 -4.375619
447 -4.387815
448 -4.400555
449 -4.413679
450 -4.426746
451 -4.435571
452 -4.440031
453 -4.440925
454 -4.440989
455 -4.440687
456 -4.440099
457 -4.439257
458 -4.438187
459 -4.436915
460 -4.435471
461 -4.433889
462 -4.432207
463 -4.430465
464 -4.428709
465 -4.426986
466 -4.425350
467 -4.423857
468 -4.422564
469 -4.421521
470 -4.420745
471 -4.420221
472 -4.419908
473 -4.419758
474 -4.419724
475 -4.419762
476 -4.419833
477 -4.419893
478 -4.419855
479 -4.419687
480 -4.419687
481 -4.419659
482 -4.419583
483 -4.419460
484 -4.419296
485 -4.419095
486 -4.418864
487 -4.418613
488 -4.418350
489 -4.418085
490 -4.417828
491 -4.417591
492 -4.417383
493 -4.417214
494 -4.417096
495 -4.417036
496 -4.417044
497 -4.417125
498 -4.417287
499 -4.417533
500 -4.417867
501 -4.418291
502 -4.418804
503 -4.419404
504 -4.420090
505 -4.420857
506 -4.421699
507 -4.422610
508 -4.423582
509 -4.424607
510 -4.425676
511 -4.426779
512 -4.427907
513 -4.429049
514 -4.430196
515 -4.431338
516 -4.432466
517 -4.433570
518 -4.434642
519 -4.435673
520 -4.436658
521 -4.437588
522 -4.438458
523 -4.439262
524 -4.439997
525 -4.440656
526 -4.441237
527 -4.441736
528 -4.442148
529 -4.442468
530 -4.442688
531 -4.442795
532 -4.442759
533 -4.442519
534 -4.441900
535 -4.440360
536 -4.436725
537 -4.430988
538 -4.424394
539 -4.417547
540 -4.410646
541 -4.403768
542 -4.396956
543 -4.390236
544 -4.383628
545 -4.377147
546 -4.370808
547 -4.364627
548 -4.358614
549 -4.352785
550 -4.347151
551 -4.341726
552 -4.336521
553 -4.331546
554 -4.326808
555 -4.322315
556 -4.318073
557 -4.314087
558 -4.310362
559 -4.306904

0 -4.291624
1 -4.291152
2 -4.289507
3 -4.287132
4 -4.285188
5 -4.284078
6 -4.279172
7 -4.268630
8 -4.254492
9 -4.237728
10 -4.218795
11 -4.198027
12 -4.175691
13 -4.151965
14 -4.126940
15 -4.100657
16 -4.073183
17 -4.044653
18 -4.015376
19 -3.986200
20 -3.959247
21 -3.960761
22 -3.999903
23 -4.037946
24 -4.074385
25 -4.109009
26 -4.141566
27 -4.171736
28 -4.199124
29 -4.223286
30 -4.243728
31 -4.259849
32 -4.270432
33 -4.244137
34 -4.206636
35 -4.173813
36 -4.147413
37 -4.128788
38 -4.118440
39 -4.115757
40 -4.119267
41 -4.127145
42 -4.137547
43 -4.148510
44 -4.153976
45 -4.134200
46 -4.147975
47 -4.163570
48 -4.172287
49 -4.130921
50 -4.078958
51 -4.029085
52 -3.983007
53 -3.943029
54 -3.915076
55 -3.910829
56 -3.931185
57 -3.963595
58 -4.000617
59 -4.039433
60 -4.078852
61 -4.118216
62 -4.156969
63 -4.192753
64 -4.192513
65 -4.184722
66 -4.178309
67 -4.174542
68 -4.181476
69 -4.206494
70 -4.232770
71 -4.258693
72 -4.283968
73 -4.308136
74 -4.313412
75 -4.295816
76 -4.286683
77 -4.289928
78 -4.298092
79 -4.306511
80 -4.306511
81 -4.302758
82 -4.298775
83 -4.294661
84 -4.290434
85 -4.286110
86 -4.281710
87 -4.277268
88 -4.272933
89 -4.271869
90 -4.276444
91 -4.281292
92 -4.285922
93 -4.290130
94 -4.293651
95 -4.294919
96 -4.290447
97 -4.285299
98 -4.280883
99 -4.277408
100 -4.274977
101 -4.273665
102 -4.273519
103 -4.274564
104 -4.276796
105 -4.280175
106 -4.284593
107 -4.286567
108 -4.283203
109 -4.279678
110 -4.276186
111 -4.272839
112 -4.269772
113 -4.267192
114 -4.265454
115 -4.264990
116 -4.265784
117 -4.267311
118 -4.269137
119 -4.271055
120 -4.272974
121 -4.274856
122 -4.276684
123 -4.278455
124 -4.280172
125 -4.281837
126 -4.283456
127 -4.285035
128 -4.286577
129 -4.288083
130 -4.289553
131 -4.290984
132 -4.292369
133 -4.293701
134 -4.294967
135 -4.296154
136 -4.297248
137 -4.298231
138 -4.299087
139 -4.299796
140 -4.300339
141 -4.300673
142 -4.300634
143 -4.298852
144 -4.295013
145 -4.291831
146 -4.289696
147 -4.288418
148 -4.287688
149 -4.287248
150 -4.286934
151 -4.286653
152 -4.286363
153 -4.286051
154 -4.285727
155 -4.285412
156 -4.285132
157 -4.284910
158 -4.284766
159 -4.284713
160 -4.284713
161 -4.284754
162 -4.284864
163 -4.285040
164 -4.285274
165 -4.285559
166 -4.285885
167 -4.286242
168 -4.286620
169 -4.287008
170 -4.287396
171 -4.287773
172 -4.288129
173 -4.288454
174 -4.288742
175 -4.288994
176 -4.289226
177 -4.289506
178 -4.290026
179 -4.290990
180 -4.291815
181 -4.291997
182 -4.291751
183 -4.291301
184 -4.290762
185 -4.290200
186 -4.289661
187 -4.289188
188 -4.288820
189 -4.288594
190 -4.288521
191 -4.288499
192 -4.287914
193 -4.287743
194 -4.289306
195 -4.291546
196 -4.294412
197 -4.297951
198 -4.302226
199 -4.307297
200 -4.313213
201 -4.320012
202 -4.327710
203 -4.336304
204 -4.345768
205 -4.356058
206 -4.367113
207 -4.378861
208 -4.391220
209 -4.404101
210 -4.417385
211 -4.430640
212 -4.435741
213 -4.435784
214 -4.435441
215 -4.434852
216 -4.434054
217 -4.433075
218 -4.431940
219 -4.430679
220 -4.429325
221 -4.427911
222 -4.426474
223 -4.425046
224 -4.423657
225 -4.422332
226 -4.421083
227 -4.419907
228 -4.418788
229 -4.417705
230 -4.416651
231 -4.415637
232 -4.414682
233 -4.413799
234 -4.412993
235 -4.412263
236 -4.411617
237 -4.411087
238 -4.410736
239 -4.410627
240 -4.410627
241 -4.410872
242 -4.410499
243 -4.408961
244 -4.406250
245 -4.402155
246 -4.396893
247 -4.390953
248 -4.384511
249 -4.377511
250 -4.369769
251 -4.361056
252 -4.351156
253 -4.339931
254 -4.327381
255 -4.313855
256 -4.303622
257 -4.322381
258 -4.316766
259 -4.284996
260 -4.252690
261 -4.220526
262 -4.189884
263 -4.166585
264 -4.145649
265 -4.124585
266 -4.103232
267 -4.081637
268 -4.059964
269 -4.038777
270 -4.027034
271 -4.025654
272 -4.023952
273 -4.021220
274 -4.017296
275 -4.012154
276 -4.005855
277 -3.998513
278 -3.990273
279 -3.981272
280 -3.971624
281 -3.961443
282 -3.954768
283 -3.977211
284 -3.998281
285 -4.016280
286 -4.030837
287 -4.041683
288 -4.048616
289 -4.051511
290 -4.050326
291 -4.045105
292 -4.035978
293 -4.023144
294 -4.006851
295 -3.991887
296 -4.012432
297 -4.033240
298 -4.054013
299 -4.074575
300 -4.094793
301 -4.114583
302 -4.133894
303 -4.152695
304 -4.170963
305 -4.188653
306 -4.205689
307 -4.221951
308 -4.237269
309 -4.251430
310 -4.264173
311 -4.275160
312 -4.283780
313 -4.288469
314 -4.287453
315 -4.285697
316 -4.287012
317 -4.289404
318 -4.291129
319 -4.291624
320 -4.291624
321 -4.290454
322 -4.287129
323 -4.285283
324 -4.282229
325 -4.267424
326 -4.245651
327 -4.219111
328 -4.188826
329 -4.155581
330 -4.119952
331 -4.082267
332 -4.042613
333 -4.000976
334 -3.957653
335 -4.005487
336 -4.055852
337 -4.101312
338 -4.140879
339 -4.173331
340 -4.197449
341 -4.212390
342 -4.217960
343 -4.214597
344 -4.203151
345 -4.184577
346 -4.159445
347 -4.127779
348 -4.089752
349 -4.055138
350 -4.078165
351 -4.103514
352 -4.130692
353 -4.158996
354 -4.119946
355 -4.039227
356 -3.977543
357 -3.947456
358 -3.951850
359 -3.980194
360 -4.019449
361 -4.061581
362 -4.107319
363 -4.154115
364 -4.200840
365 -4.246618
366 -4.290237
367 -4.301957
368 -4.316276
369 -4.348959
370 -4.379210
371 -4.406055
372 -4.429186
373 -4.435499
374 -4.406130
375 -4.370104
376 -4.333298
377 -4.300133
378 -4.273980
379 -4.257089
380 -4.249121
381 -4.260338
382 -4.272290
383 -4.289590
384 -4.302801
385 -4.302079
386 -4.297176
387 -4.291506
388 -4.287238
389 -4.285586
390 -4.287513
391 -4.291391
392 -4.294969
393 -4.295832
394 -4.289345
395 -4.287767
396 -4.286949
397 -4.285982
398 -4.285090
399 -4.284713
400 -4.284713
401 -4.284754
402 -4.284864
403 -4.285040
404 -4.285274
405 -4.285559
406 -4.285885
407 -4.286242
408 -4.286620
409 -4.287008
410 -4.287396
411 -4.287773
412 -4.288129
413 -4.288454
414 -4.288742
415 -4.288994
416 -4.289226
417 -4.289506
418 -4.290026
419 -4.290990
420 -4.291815
421 -4.291997
422 -4.291751
423 -4.291301
424 -4.290762
425 -4.290200
426 -4.289661
427 -4.289188
428 -4.288820
429 -4.288594
430 -4.288521
431 -4.288499
432 -4.287914
433 -4.287743
434 -4.289306
435 -4.291546
436 -4.294412
437 -4.297951
438 -4.302226
439 -4.307297
440 -4.313213
441 -4.320012
442 -4.327710
443 -4.336304
444 -4.345768
445 -4.356058
446 -4.367113
447 -4.378861
448 -4.391220
449 -4.404101
450 -4.417385
451 -4.430640
452 -4.435741
453 -4.435784
454 -4.435441
455 -4.434852
456 -4.434054
457 -4.433075
458 -4.431940
459 -4.430679
460 -4.429325
461 -4.427911
462 -4.426474
463 -4.425046
464 -4.423657
465 -4.422332
466 -4.421083
467 -4.419907
468 -4.418788
469 -4.417705
470 -4.416651
471 -4.415637
472 -4.414682
473 -4.413799
474 -4.412993
475 -4.412263
476 -4.411617
477 -4.411087
478 -4.410736
479 -4.410627
480 -4.410627
481 -4.410753
482 -4.411126
483 -4.411740
484 -4.412579
485 -4.413610
486 -4.414758
487 -4.415854
488 -4.416632
489 -4.416983
490 -4.417053
491 -4.416998
492 -4.416899
493 -4.416801
494 -4.416730
495 -4.416704
496 -4.416735
497 -4.416836
498 -4.417013
499 -4.417272
500 -4.417617
501 -4.418050
502 -4.418572
503 -4.419182
504 -4.419876
505 -4.420651
506 -4.421502
507 -4.422421
508 -4.423401
509 -4.424433
510 -4.425510
511 -4.426620
512 -4.427755
513 -4.428904
514 -4.430058
515 -4.431206
516 -4.432340
517 -4.433450
518 -4.434528
519 -4.435566
520 -4.436556
521 -4.437492
522 -4.438368
523 -4.439178
524 -4.439918
525 -4.440582
526 -4.441168
527 -4.441671
528 -4.442086
529 -4.442409
530 -4.442631
531 -4.442738
532 -4.442701
533 -4.442455
534 -4.441811
535 -4.440178
536 -4.436379
537 -4.430572
538 -4.423981
539 -4.417158
540 -4.410285
541 -4.403437
542 -4.396654
543 -4.389961
544 -4.383378
545 -4.376922
546 -4.370608
547 -4.364449
548 -4.358458
549 -4.352647
550 -4.347025
551 -4.341602
552 -4.336388
553 -4.331391
554 -4.326623
555 -4.322093
556 -4.317810
557 -4.313781
558 -4.310013
559 -4.306511

0 -4.232915
1 -4.234194
2 -4.237785
3 -4.242819
4 -4.247297
5 -4.248013
6 -4.243384
7 -4.234683
8 -4.223232
9 -4.209610
10 -4.193976
11 -4.176317
12 -4.156590
13 -4.134819
14 -4.111149
15 -4.085832
16 -4.059191
17 -4.031600
18 -4.003422
19 -3.974686
20 -3.944539
21 -3.935000
22 -3.917402
23 -3.905270
24 -3.899343
25 -3.899278
26 -3.904001
27 -3.912139
28 -3.922409
29 -3.933804
30 -3.945620
31 -3.957418
32 -3.968970
33 -3.980206
34 -3.991171
35 -4.001986
36 -4.012820
37 -4.023855
38 -4.035262
39 -4.047183
40 -4.059717
41 -4.072912
42 -4.086770
43 -4.101249
44 -4.116238
45 -4.128441
46 -4.096695
47 -4.060341
48 -4.022760
49 -3.984912
50 -3.947559
51 -3.911395
52 -3.877374
53 -3.847638
54 -3.826121
55 -3.809119
56 -3.805934
57 -3.835669
58 -3.867515
59 -3.900108
60 -3.933082
61 -3.966095
62 -3.998801
63 -4.030892
64 -4.062135
65 -4.092393
66 -4.121590
67 -4.149424
68 -4.169011
69 -4.174225
70 -4.182482
71 -4.194607
72 -4.209080
73 -4.224239
74 -4.238665
75 -4.250644
76 -4.256043
77 -4.252157
78 -4.247249
79 -4.246137
80 -4.246137
81 -4.245417
82 -4.245839
83 -4.247322
84 -4.249750
85 -4.252984
86 -4.256874
87 -4.261246
88 -4.265813
89 -4.267273
90 -4.263122
91 -4.258598
92 -4.254071
93 -4.249626
94 -4.245336
95 -4.241283
96 -4.237562
97 -4.234279
98 -4.231541
99 -4.229447
100 -4.228067
101 -4.227430
102 -4.227523
103 -4.228289
104 -4.229644
105 -4.231485
106 -4.233708
107 -4.236209
108 -4.238894
109 -4.241672
110 -4.244459
111 -4.247167
112 -4.249681
113 -4.251819
114 -4.253247
115 -4.253555
116 -4.252780
117 -4.251463
118 -4.250049
119 -4.248755
120 -4.247677
121 -4.246854
122 -4.246302
123 -4.246022
124 -4.246006
125 -4.246245
126 -4.246725
127 -4.247431
128 -4.248345
129 -4.249451
130 -4.250728
131 -4.252157
132 -4.253714
133 -4.255375
134 -4.257112
135 -4.258895
136 -4.260691
137 -4.262462
138 -4.264165
139 -4.265748
140 -4.267146
141 -4.268276
142 -4.269018
143 -4.269210
144 -4.268656
145 -4.267202
146 -4.264876
147 -4.261929
148 -4.258686
149 -4.255411
150 -4.252276
151 -4.249380
152 -4.246781
153 -4.244510
154 -4.242582
155 -4.241004
156 -4.239777
157 -4.238901
158 -4.238375
159 -4.238196
160 -4.238196
161 -4.238365
162 -4.238870
163 -4.239711
164 -4.240889
165 -4.242404
166 -4.244257
167 -4.246444
168 -4.248964
169 -4.251807
170 -4.254958
171 -4.258397
172 -4.262088
173 -4.265985
174 -4.270025
175 -4.274116
176 -4.278131
177 -4.281850
178 -4.284847
179 -4.286516
180 -4.286996
181 -4.286931
182 -4.286630
183 -4.286212
184 -4.285741
185 -4.285270
186 -4.284845
187 -4.284512
188 -4.284320
189 -4.284313
190 -4.284535
191 -4.285009
192 -4.285572
193 -4.283799
194 -4.279334
195 -4.274114
196 -4.268470
197 -4.262495
198 -4.256221
199 -4.249650
200 -4.242764
201 -4.235535
202 -4.227929
203 -4.219916
204 -4.211474
205 -4.202601
206 -4.193313
207 -4.183656
208 -4.173699
209 -4.163535
210 -4.153277
211 -4.143055
212 -4.133001
213 -4.123253
214 -4.113941
215 -4.105187
216 -4.097108
217 -4.089821
218 -4.083468
219 -4.078244
220 -4.074352
221 -4.071741
222 -4.069989
223 -4.068673
224 -4.067552
225 -4.066514
226 -4.065509
227 -4.064515
228 -4.063529
229 -4.062557
230 -4.061610
231 -4.060704
232 -4.059854
233 -4.059076
234 -4.058385
235 -4.057795
236 -4.057316
237 -4.056958
238 -4.056727
239 -4.056629
240 -4.056629
241 -4.056880
242 -4.057728
243 -4.059617
244 -4.063302
245 -4.069476
246 -4.078363
247 -4.089891
248 -4.103947
249 -4.120424
250 -4.139204
251 -4.160150
252 -4.183103
253 -4.207875
254 -4.234200
255 -4.261502
256 -4.285190
257 -4.278229
258 -4.261561
259 -4.243495
260 -4.224643
261 -4.205093
262 -4.183789
263 -4.155142
264 -4.124304
265 -4.093911
266 -4.064305
267 -4.036289
268 -4.025319
269 -4.024753
270 -4.014945
271 -3.994582
272 -3.974321
273 -3.954948
274 -3.936777
275 -3.920044
276 -3.904936
277 -3.891593
278 -3.880121
279 -3.872009
280 -3.899064
281 -3.926786
282 -3.948715
283 -3.938655
284 -3.926590
285 -3.913806
286 -3.900392
287 -3.886525
288 -3.876448
289 -3.887313
290 -3.900949
291 -3.916487
292 -3.933637
293 -3.952104
294 -3.971581
295 -3.987240
296 -3.964875
297 -3.939755
298 -3.912757
299 -3.917407
300 -3.946614
301 -3.977073
302 -4.007632
303 -4.037583
304 -4.066391
305 -4.093660
306 -4.119125
307 -4.142634
308 -4.164131
309 -4.183623
310 -4.201126
311 -4.216603
312 -4.229852
313 -4.240286
314 -4.246545
315 -4.246971
316 -4.242862
317 -4.237844
318 -4.234213
319 -4.232915
320 -4.232915
321 -4.235722
322 -4.242732
323 -4.247906
324 -4.242319
325 -4.227510
326 -4.207275
327 -4.182664
328 -4.153721
329 -4.120369
330 -4.082857
331 -4.042059
332 -3.999675
333 -3.958382
334 -3.951051
335 -3.912592
336 -3.876709
337 -3.871237
338 -3.876922
339 -3.889012
340 -3.904076
341 -3.919968
342 -3.935623
343 -3.950745
344 -3.965549
345 -3.980566
346 -3.996457
347 -4.013843
348 -4.033134
349 -4.045572
350 -3.998609
351 -3.949861
352 -3.902271
353 -3.857782
354 -3.817444
355 -3.821194
356 -3.858960
357 -3.897935
358 -3.937612
359 -3.976887
360 -4.016628
361 -4.058064
362 -4.097202
363 -4.135055
364 -4.171998
365 -4.208380
366 -4.244365
367 -4.278643
368 -4.259123
369 -4.220093
370 -4.183547
371 -4.152399
372 -4.133186
373 -4.131190
374 -4.139264
375 -4.151509
376 -4.166386
377 -4.183753
378 -4.203659
379 -4.225677
380 -4.246981
381 -4.232865
382 -4.229645
383 -4.236033
384 -4.244456
385 -4.252559
386 -4.259832
387 -4.266322
388 -4.272116
389 -4.276802
390 -4.279233
391 -4.280267
392 -4.280951
393 -4.280081
394 -4.272840
395 -4.261238
396 -4.251138
397 -4.243883
398 -4.239607
399 -4.238196
400 -4.238196
401 -4.238365
402 -4.238870
403 -4.239711
404 -4.240889
405 -4.242404
406 -4.244257
407 -4.246444
408 -4.248964
409 -4.251807
410 -4.254958
411 -4.258397
412 -4.262088
413 -4.265985
414 -4.270025
415 -4.274116
416 -4.278131
417 -4.281850
418 -4.284847
419 -4.286516
420 -4.286996
421 -4.286931
422 -4.286630
423 -4.286212
424 -4.285741
425 -4.285270
426 -4.284845
427 -4.284512
428 -4.284320
429 -4.284313
430 -4.284535
431 -4.285009
432 -4.285572
433 -4.283799
434 -4.279334
435 -4.274114
436 -4.268470
437 -4.262495
438 -4.256221
439 -4.249650
440 -4.242764
441 -4.235535
442 -4.227929
443 -4.219916
444 -4.211474
445 -4.202601
446 -4.193313
447 -4.183656
448 -4.173699
449 -4.163535
450 -4.153277
451 -4.143055
452 -4.133001
453 -4.123253
454 -4.113941
455 -4.105187
456 -4.097108
457 -4.089821
458 -4.083468
459 -4.078244
460 -4.074352
461 -4.071741
462 -4.069989
463 -4.068673
464 -4.067552
465 -4.066514
466 -4.065509
467 -4.064515
468 -4.063529
469 -4.062557
470 -4.061610
471 -4.060704
472 -4.059854
473 -4.059076
474 -4.058385
475 -4.057795
476 -4.057316
477 -4.056958
478 -4.056727
479 -4.056629
480 -4.056629
481 -4.056646
482 -4.056616
483 -4.056541
484 -4.056425
485 -4.056274
486 -4.056094
487 -4.055893
488 -4.055679
489 -4.055462
490 -4.055251
491 -4.055055
492 -4.054883
493 -4.054742
494 -4.054640
495 -4.054581
496 -4.054569
497 -4.054605
498 -4.054692
499 -4.054828
500 -4.055017
501 -4.055258
502 -4.055556
503 -4.055919
504 -4.056354
505 -4.056876
506 -4.057502
507 -4.058250
508 -4.059138
509 -4.060184
510 -4.061400
511 -4.062791
512 -4.064362
513 -4.066109
514 -4.068030
515 -4.070120
516 -4.072375
517 -4.074791
518 -4.077362
519 -4.080086
520 -4.082957
521 -4.085974
522 -4.089131
523 -4.092426
524 -4.095853
525 -4.099408
526 -4.103085
527 -4.106879
528 -4.110784
529 -4.114793
530 -4.118898
531 -4.123091
532 -4.127365
533 -4.131710
534 -4.136119
535 -4.140582
536 -4.145091
537 -4.149638
538 -4.154215
539 -4.158813
540 -4.163425
541 -4.168045
542 -4.172664
543 -4.177276
544 -4.181877
545 -4.186459
546 -4.191017
547 -4.195548
548 -4.200045
549 -4.204505
550 -4.208923
551 -4.213295
552 -4.217617
553 -4.221885
554 -4.226096
555 -4.230245
556 -4.234328
557 -4.238341
558 -4.242279
559 -4.246137

0 -3.625591
1 -3.624783
2 -3.622457
3 -3.618620
4 -3.613274
5 -3.606454
6 -3.598235
7 -3.588771
8 -3.578351
9 -3.567601
10 -3.557936
11 -3.556370
12 -3.583667
13 -3.621548
14 -3.662245
15 -3.704365
16 -3.747339
17 -3.790713
18 -3.834038
19 -3.876870
20 -3.918650
21 -3.912145
22 -3.878112
23 -3.842956
24 -3.807136
25 -3.771060
26 -3.735128
27 -3.699756
28 -3.665521
29 -3.635958
30 -3.644821
31 -3.665586
32 -3.685006
33 -3.701583
34 -3.713996
35 -3.720737
36 -3.720241
37 -3.711301
38 -3.693620
39 -3.668070
40 -3.636407
41 -3.600738
42 -3.563169
43 -3.525811
44 -3.493156
45 -3.505272
46 -3.527521
47 -3.551473
48 -3.576633
49 -3.602721
50 -3.629540
51 -3.656961
52 -3.688339
53 -3.718686
54 -3.742797
55 -3.771648
56 -3.781146
57 -3.754881
58 -3.727263
59 -3.729069
60 -3.770042
61 -3.810386
62 -3.849463
63 -3.886762
64 -3.921845
65 -3.954302
66 -3.983657
67 -4.009240
68 -4.030089
69 -4.045130
70 -4.053875
71 -4.057075
72 -4.056311
73 -4.053059
74 -4.048231
75 -4.042166
76 -4.034757
77 -4.025638
78 -4.014463
79 -4.001346
80 -4.001346
81 -4.005895
82 -4.013640
83 -4.021244
84 -4.028688
85 -4.035973
86 -4.043099
87 -4.050060
88 -4.056840
89 -4.063416
90 -4.069754
91 -4.075805
92 -4.081511
93 -4.086795
94 -4.091566
95 -4.095717
96 -4.099126
97 -4.101663
98 -4.103197
99 -4.103614
100 -4.102830
101 -4.100809
102 -4.097569
103 -4.093174
104 -4.087723
105 -4.081331
106 -4.074119
107 -4.066200
108 -4.057675
109 -4.048633
110 -4.039149
111 -4.029285
112 -4.019092
113 -4.008611
114 -3.997877
115 -3.986916
116 -3.975750
117 -3.964399
118 -3.952879
119 -3.941205
120 -3.929393
121 -3.917463
122 -3.905434
123 -3.893331
124 -3.881182
125 -3.869018
126 -3.856878
127 -3.844800
128 -3.832830
129 -3.821013
130 -3.809399
131 -3.798037
132 -3.786975
133 -3.776260
134 -3.765937
135 -3.756044
136 -3.746616
137 -3.737680
138 -3.729258
139 -3.721361
140 -3.713996
141 -3.707160
142 -3.700846
143 -3.695038
144 -3.689718
145 -3.684865
146 -3.680456
147 -3.676468
148 -3.672878
149 -3.669664
150 -3.666809
151 -3.664294
152 -3.662105
153 -3.660229
154 -3.658657
155 -3.657379
156 -3.656389
157 -3.655683
158 -3.655257
159 -3.655110
160 -3.655110
161 -3.655400
162 -3.656249
163 -3.657658
164 -3.659634
165 -3.662184
166 -3.665316
167 -3.669040
168 -3.673365
169 -3.678301
170 -3.683855
171 -3.690032
172 -3.696837
173 -3.704267
174 -3.712318
175 -3.720981
176 -3.730240
177 -3.740077
178 -3.750468
179 -3.761382
180 -3.772787
181 -3.784645
182 -3.796915
183 -3.809555
184 -3.822518
185 -3.835757
186 -3.849222
187 -3.862859
188 -3.876615
189 -3.890429
190 -3.904240
191 -3.917979
192 -3.931572
193 -3.944937
194 -3.957988
195 -3.970632
196 -3.982770
197 -3.994304
198 -4.005135
199 -4.015176
200 -4.024350
201 -4.032603
202 -4.039901
203 -4.046240
204 -4.051642
205 -4.056154
206 -4.059840
207 -4.062780
208 -4.065062
209 -4.066771
210 -4.067994
211 -4.068809
212 -4.069285
213 -4.069480
214 -4.069439
215 -4.069194
216 -4.068751
217 -4.068089
218 -4.067131
219 -4.065717
220 -4.063650
221 -4.060966
222 -4.058042
223 -4.055246
224 -4.052744
225 -4.050576
226 -4.048726
227 -4.047160
228 -4.045844
229 -4.044748
230 -4.043846
231 -4.043118
232 -4.042544
233 -4.042105
234 -4.041783
235 -4.041564
236 -4.041432
237 -4.041374
238 -4.041380
239 -4.041443
240 -4.041443
241 -4.041759
242 -4.042668
243 -4.043991
244 -4.045195
245 -4.045670
246 -4.045188
247 -4.043796
248 -4.041597
249 -4.038731
250 -4.035418
251 -4.031979
252 -4.028806
253 -4.026233
254 -4.024411
255 -4.023296
256 -4.022720
257 -4.022475
258 -4.022371
259 -4.022267
260 -4.022096
261 -4.021862
262 -4.021630
263 -4.021498
264 -4.021558
265 -4.021849
266 -4.022284
267 -4.022011
268 -4.005330
269 -3.978185
270 -3.951114
271 -3.924384
272 -3.897954
273 -3.871766
274 -3.845808
275 -3.820194
276 -3.796626
277 -3.811327
278 -3.840441
279 -3.868420
280 -3.862630
281 -3.856906
282 -3.853122
283 -3.851354
284 -3.851681
285 -3.854192
286 -3.858954
287 -3.865960
288 -3.871198
289 -3.857838
290 -3.844517
291 -3.832791
292 -3.823912
293 -3.819374
294 -3.820639
295 -3.828609
296 -3.843217
297 -3.863482
298 -3.887457
299 -3.880431
300 -3.848485
301 -3.814161
302 -3.778093
303 -3.740707
304 -3.702473
305 -3.663943
306 -3.625920
307 -3.590588
308 -3.569172
309 -3.571638
310 -3.580341
311 -3.589436
312 -3.597861
313 -3.605285
314 -3.611572
315 -3.616673
316 -3.620588
317 -3.623349
318 -3.625002
319 -3.625591
320 -3.625591
321 -3.623923
322 -3.619073
323 -3.611010
324 -3.599818
325 -3.585832
326 -3.569988
327 -3.557158
328 -3.585801
329 -3.643213
330 -3.704945
331 -3.768042
332 -3.830880
333 -3.891895
334 -3.920230
335 -3.891609
336 -3.864449
337 -3.819542
338 -3.774855
339 -3.732296
340 -3.692951
341 -3.658098
342 -3.633392
343 -3.635196
344 -3.635303
345 -3.625696
346 -3.606825
347 -3.587002
348 -3.597751
349 -3.619699
350 -3.646976
351 -3.677919
352 -3.711347
353 -3.746407
354 -3.782148
355 -3.777246
356 -3.739146
357 -3.705716
358 -3.728701
359 -3.762653
360 -3.797008
361 -3.830441
362 -3.863040
363 -3.895180
364 -3.926635
365 -3.956777
366 -3.984900
367 -4.010268
368 -4.032203
369 -4.050265
370 -4.064210
371 -4.072946
372 -4.071841
373 -4.072713
374 -4.087728
375 -4.102569
376 -4.117298
377 -4.131966
378 -4.146294
379 -4.159404
380 -4.168848
381 -4.167030
382 -4.144419
383 -4.108334
384 -4.067011
385 -4.023471
386 -3.979116
387 -3.934917
388 -3.891756
389 -3.850550
390 -3.812243
391 -3.777697
392 -3.747517
393 -3.721949
394 -3.700912
395 -3.684145
396 -3.671357
397 -3.662327
398 -3.656927
399 -3.655110
400 -3.655110
401 -3.655400
402 -3.656249
403 -3.657658
404 -3.659634
405 -3.662184
406 -3.665316
407 -3.669040
408 -3.673365
409 -3.678301
410 -3.683855
411 -3.690032
412 -3.696837
413 -3.704267
414 -3.712318
415 -3.720981
416 -3.730240
417 -3.740077
418 -3.750468
419 -3.761382
420 -3.772787
421 -3.784645
422 -3.796915
423 -3.809555
424 -3.822518
425 -3.835757
426 -3.849222
427 -3.862859
428 -3.876615
429 -3.890429
430 -3.904240
431 -3.917979
432 -3.931572
433 -3.944937
434 -3.957988
435 -3.970632
436 -3.982770
437 -3.994304
438 -4.005135
439 -4.015176
440 -4.024350
441 -4.032603
442 -4.039901
443 -4.046240
444 -4.051642
445 -4.056154
446 -4.059840
447 -4.062780
448 -4.065062
449 -4.066771
450 -4.067994
451 -4.068809
452 -4.069285
453 -4.069480
454 -4.069439
455 -4.069194
456 -4.068751
457 -4.068089
458 -4.067131
459 -4.065717
460 -4.063650
461 -4.060966
462 -4.058042
463 -4.055246
464 -4.052744
465 -4.050576
466 -4.048726
467 -4.047160
468 -4.045844
469 -4.044748
470 -4.043846
471 -4.043118
472 -4.042544
473 -4.042105
474 -4.041783
475 -4.041564
476 -4.041432
477 -4.041374
478 -4.041380
479 -4.041443
480 -4.041443
481 -4.041383
482 -4.041373
483 -4.041414
484 -4.041502
485 -4.041635
486 -4.041808
487 -4.042017
488 -4.042257
489 -4.042522
490 -4.042805
491 -4.043103
492 -4.043411
493 -4.043726
494 -4.044046
495 -4.044371
496 -4.044704
497 -4.045049
498 -4.045410
499 -4.045794
500 -4.046205
501 -4.046650
502 -4.047130
503 -4.047647
504 -4.048198
505 -4.048778
506 -4.049378
507 -4.049986
508 -4.050591
509 -4.051185
510 -4.051762
511 -4.052323
512 -4.052871
513 -4.053414
514 -4.053962
515 -4.054524
516 -4.055109
517 -4.055728
518 -4.056389
519 -4.057101
520 -4.057875
521 -4.058717
522 -4.059630
523 -4.060610
524 -4.061642
525 -4.062701
526 -4.063753
527 -4.064763
528 -4.065697
529 -4.066526
530 -4.067222
531 -4.067763
532 -4.068131
533 -4.068309
534 -4.068284
535 -4.068045
536 -4.067583
537 -4.066892
538 -4.065967
539 -4.064805
540 -4.063405
541 -4.061768
542 -4.059896
543 -4.057795
544 -4.055470
545 -4.052932
546 -4.050200
547 -4.047323
548 -4.044408
549 -4.041464
550 -4.038378
551 -4.035095
552 -4.031601
553 -4.027894
554 -4.023976
555 -4.019849
556 -4.015517
557 -4.010986
558 -4.006260
559 -4.001346

0 -3.625105
1 -3.623949
2 -3.620487
3 -3.614954
4 -3.607718
5 -3.599214
6 -3.589904
7 -3.580239
8 -3.570632
9 -3.561428
10 -3.553361
11 -3.549486
12 -3.545031
13 -3.542737
14 -3.543031
15 -3.545988
16 -3.551474
17 -3.559101
18 -3.568212
19 -3.577877
20 -3.586891
21 -3.593804
22 -3.597038
23 -3.595184
24 -3.587473
25 -3.574222
26 -3.558723
27 -3.572227
28 -3.595073
29 -3.614505
30 -3.596216
31 -3.566329
32 -3.537614
33 -3.510976
34 -3.487016
35 -3.466430
36 -3.450068
37 -3.438904
38 -3.433391
39 -3.432118
40 -3.433691
41 -3.439385
42 -3.450232
43 -3.465129
44 -3.480621
45 -3.458572
46 -3.442459
47 -3.478575
48 -3.522438
49 -3.566243
50 -3.609196
51 -3.650448
52 -3.684858
53 -3.713132
54 -3.730627
55 -3.718371
56 -3.690268
57 -3.658011
58 -3.688022
59 -3.701239
60 -3.688296
61 -3.705367
62 -3.725227
63 -3.744265
64 -3.762352
65 -3.779678
66 -3.796510
67 -3.813110
68 -3.829689
69 -3.846379
70 -3.863211
71 -3.880122
72 -3.896970
73 -3.913563
74 -3.929687
75 -3.945142
76 -3.959765
77 -3.973443
78 -3.986113
79 -3.997567
80 -3.997567
81 -3.996084
82 -3.990746
83 -3.984998
84 -3.978974
85 -3.972785
86 -3.966533
87 -3.960308
88 -3.954184
89 -3.948219
90 -3.942457
91 -3.936926
92 -3.931639
93 -3.926599
94 -3.921799
95 -3.917225
96 -3.912857
97 -3.908669
98 -3.904635
99 -3.900725
100 -3.896910
101 -3.893157
102 -3.889434
103 -3.885709
104 -3.881947
105 -3.878110
106 -3.874163
107 -3.870064
108 -3.865776
109 -3.861258
110 -3.856473
111 -3.851385
112 -3.845964
113 -3.840187
114 -3.834040
115 -3.827517
116 -3.820625
117 -3.813379
118 -3.805806
119 -3.797944
120 -3.789838
121 -3.781538
122 -3.773100
123 -3.764582
124 -3.756043
125 -3.747538
126 -3.739122
127 -3.730844
128 -3.722746
129 -3.714866
130 -3.707233
131 -3.699870
132 -3.692792
133 -3.686007
134 -3.679516
135 -3.673316
136 -3.667399
137 -3.661754
138 -3.656370
139 -3.651234
140 -3.646336
141 -3.641666
142 -3.637218
143 -3.632988
144 -3.628976
145 -3.625183
146 -3.621612
147 -3.618268
148 -3.615157
149 -3.612284
150 -3.609657
151 -3.607282
152 -3.605166
153 -3.603314
154 -3.601733
155 -3.600429
156 -3.599406
157 -3.598668
158 -3.598218
159 -3.598060
160 -3.598060
161 -3.598354
162 -3.599208
163 -3.600621
164 -3.602597
165 -3.605143
166 -3.608266
167 -3.611975
168 -3.616285
169 -3.621208
170 -3.626759
171 -3.632953
172 -3.639804
173 -3.647320
174 -3.655508
175 -3.664368
176 -3.673891
177 -3.684065
178 -3.694865
179 -3.706262
180 -3.718217
181 -3.730686
182 -3.743620
183 -3.756965
184 -3.770664
185 -3.784657
186 -3.798886
187 -3.813290
188 -3.827810
189 -3.842385
190 -3.856954
191 -3.871454
192 -3.885823
193 -3.899991
194 -3.913887
195 -3.927435
196 -3.940554
197 -3.953162
198 -3.965174
199 -3.976507
200 -3.987086
201 -3.996844
202 -4.005730
203 -4.013710
204 -4.020772
205 -4.026922
206 -4.032188
207 -4.036610
208 -4.040245
209 -4.043155
210 -4.045409
211 -4.047077
212 -4.048225
213 -4.048917
214 -4.049212
215 -4.049162
216 -4.048813
217 -4.048207
218 -4.047381
219 -4.046367
220 -4.045201
221 -4.043915
222 -4.042546
223 -4.041137
224 -4.039732
225 -4.038374
226 -4.037095
227 -4.035917
228 -4.034850
229 -4.033894
230 -4.033043
231 -4.032290
232 -4.031628
233 -4.031053
234 -4.030562
235 -4.030156
236 -4.029837
237 -4.029605
238 -4.029462
239 -4.029407
240 -4.029407
241 -4.029524
242 -4.029619
243 -4.029397
244 -4.028617
245 -4.027190
246 -4.025135
247 -4.022510
248 -4.019376
249 -4.015754
250 -4.011589
251 -4.006703
252 -4.000802
253 -3.993562
254 -3.984734
255 -3.974150
256 -3.961683
257 -3.947212
258 -3.930632
259 -3.911880
260 -3.890955
261 -3.867934
262 -3.842955
263 -3.816213
264 -3.787939
265 -3.758411
266 -3.727968
267 -3.697043
268 -3.666234
269 -3.636649
270 -3.623266
271 -3.645762
272 -3.671046
273 -3.697177
274 -3.724082
275 -3.751673
276 -3.778248
277 -3.767514
278 -3.743149
279 -3.719014
280 -3.695648
281 -3.673360
282 -3.652449
283 -3.633231
284 -3.616034
285 -3.601194
286 -3.589029
287 -3.579807
288 -3.573689
289 -3.570651
290 -3.570384
291 -3.572189
292 -3.574903
293 -3.576967
294 -3.576756
295 -3.573149
296 -3.565995
297 -3.556051
298 -3.544552
299 -3.532810
300 -3.522003
301 -3.513103
302 -3.506861
303 -3.503874
304 -3.504991
305 -3.512134
306 -3.523394
307 -3.532984
308 -3.531149
309 -3.536888
310 -3.548218
311 -3.560231
312 -3.572358
313 -3.584174
314 -3.595264
315 -3.605197
316 -3.613534
317 -3.619854
318 -3.623796
319 -3.625105
320 -3.625105
321 -3.622329
322 -3.614280
323 -3.602077
324 -3.587187
325 -3.571139
326 -3.555451
327 -3.542448
328 -3.533232
329 -3.526314
330 -3.525383
331 -3.530541
332 -3.540745
333 -3.553727
334 -3.566071
335 -3.573614
336 -3.572687
337 -3.562334
338 -3.545610
339 -3.551239
340 -3.578586
341 -3.601929
342 -3.614253
343 -3.598166
344 -3.581294
345 -3.571897
346 -3.570868
347 -3.572903
348 -3.568860
349 -3.576385
350 -3.582475
351 -3.588128
352 -3.595373
353 -3.606125
354 -3.621623
355 -3.642311
356 -3.667774
357 -3.695290
358 -3.707956
359 -3.744075
360 -3.778472
361 -3.811137
362 -3.841418
363 -3.868729
364 -3.893368
365 -3.916166
366 -3.937924
367 -3.959165
368 -3.980065
369 -4.000493
370 -4.020126
371 -4.038617
372 -4.055628
373 -4.055581
374 -4.034751
375 -4.014360
376 -3.996573
377 -3.981697
378 -3.969371
379 -3.958868
380 -3.949220
381 -3.939297
382 -3.927918
383 -3.914009
384 -3.896813
385 -3.876077
386 -3.852093
387 -3.825569
388 -3.797414
389 -3.768570
390 -3.739928
391 -3.712336
392 -3.686611
393 -3.663506
394 -3.643604
395 -3.627235
396 -3.614504
397 -3.605404
398 -3.599920
399 -3.598060
400 -3.598060
401 -3.598354
402 -3.599208
403 -3.600621
404 -3.602597
405 -3.605143
406 -3.608266
407 -3.611975
408 -3.616285
409 -3.621208
410 -3.626759
411 -3.632953
412 -3.639804
413 -3.647320
414 -3.655508
415 -3.664368
416 -3.673891
417 -3.684065
418 -3.694865
419 -3.706262
420 -3.718217
421 -3.730686
422 -3.743620
423 -3.756965
424 -3.770664
425 -3.784657
426 -3.798886
427 -3.813290
428 -3.827810
429 -3.842385
430 -3.856954
431 -3.871454
432 -3.885823
433 -3.899991
434 -3.913887
435 -3.927435
436 -3.940554
437 -3.953162
438 -3.965174
439 -3.976507
440 -3.987086
441 -3.996844
442 -4.005730
443 -4.013710
444 -4.020772
445 -4.026922
446 -4.032188
447 -4.036610
448 -4.040245
449 -4.043155
450 -4.045409
451 -4.047077
452 -4.048225
453 -4.048917
454 -4.049212
455 -4.049162
456 -4.048813
457 -4.048207
458 -4.047381
459 -4.046367
460 -4.045201
461 -4.043915
462 -4.042546
463 -4.041137
464 -4.039732
465 -4.038374
466 -4.037095
467 -4.035917
468 -4.034850
469 -4.033894
470 -4.033043
471 -4.032290
472 -4.031628
473 -4.031053
474 -4.030562
475 -4.030156
476 -4.029837
477 -4.029605
478 -4.029462
479 -4.029407
480 -4.029407
481 -4.029442
482 -4.029463
483 -4.029471
484 -4.029464
485 -4.029444
486 -4.029413
487 -4.029372
488 -4.029324
489 -4.029272
490 -4.029220
491 -4.029171
492 -4.029131
493 -4.029104
494 -4.029095
495 -4.029111
496 -4.029158
497 -4.029241
498 -4.029367
499 -4.029544
500 -4.029778
501 -4.030075
502 -4.030441
503 -4.030883
504 -4.031406
505 -4.032013
506 -4.032709
507 -4.033496
508 -4.034376
509 -4.035348
510 -4.036411
511 -4.037562
512 -4.038797
513 -4.040110
514 -4.041491
515 -4.042931
516 -4.044415
517 -4.045929
518 -4.047454
519 -4.048967
520 -4.050445
521 -4.051863
522 -4.053197
523 -4.054427
524 -4.055546
525 -4.056553
526 -4.057454
527 -4.058256
528 -4.058966
529 -4.059585
530 -4.060113
531 -4.060543
532 -4.060870
533 -4.061084
534 -4.061175
535 -4.061133
536 -4.060946
537 -4.060604
538 -4.060095
539 -4.059410
540 -4.058539
541 -4.057472
542 -4.056201
543 -4.054719
544 -4.053018
545 -4.051088
546 -4.048914
547 -4.046450
548 -4.043597
549 -4.040352
550 -4.036838
551 -4.033119
552 -4.029217
553 -4.025146
554 -4.020915
555 -4.016531
556 -4.011999
557 -4.007326
558 -4.002514
559 -3.997567

0 -3.246104
1 -3.249579
2 -3.259865
3 -3.276532
4 -3.298737
5 -3.325388
6 -3.355399
7 -3.387842
8 -3.421950
9 -3.456931
10 -3.491023
11 -3.514699
12 -3.512602
13 -3.500918
14 -3.487563
15 -3.474300
16 -3.462127
17 -3.452047
18 -3.445212
19 -3.442783
20 -3.445577
21 -3.453723
22 -3.466644
23 -3.483367
24 -3.502859
25 -3.524105
26 -3.544183
27 -3.532852
28 -3.510824
29 -3.488854
30 -3.468742
31 -3.451684
32 -3.438375
33 -3.428977
34 -3.423159
35 -3.420194
36 -3.419056
37 -3.418522
38 -3.417790
39 -3.417786
40 -3.419271
41 -3.420265
42 -3.419066
43 -3.416207
44 -3.412557
45 -3.409413
46 -3.424562
47 -3.419981
48 -3.419073
49 -3.425559
50 -3.438351
51 -3.456999
52 -3.480579
53 -3.507879
54 -3.538226
55 -3.571649
56 -3.608020
57 -3.644790
58 -3.631755
59 -3.655375
60 -3.666116
61 -3.646839
62 -3.624935
63 -3.604219
64 -3.585107
65 -3.567809
66 -3.553429
67 -3.554691
68 -3.558895
69 -3.561708
70 -3.563036
71 -3.562918
72 -3.561428
73 -3.558650
74 -3.554661
75 -3.549517
76 -3.543246
77 -3.535852
78 -3.527321
79 -3.517769
80 -3.517769
81 -3.524145
82 -3.530722
83 -3.537437
84 -3.544287
85 -3.551264
86 -3.558362
87 -3.565572
88 -3.572883
89 -3.580279
90 -3.587740
91 -3.595239
92 -3.602742
93 -3.610206
94 -3.617580
95 -3.624800
96 -3.631792
97 -3.638470
98 -3.644738
99 -3.650493
100 -3.655623
101 -3.660019
102 -3.663573
103 -3.666188
104 -3.667785
105 -3.668303
106 -3.667711
107 -3.666000
108 -3.663191
109 -3.659329
110 -3.654480
111 -3.648721
112 -3.642145
113 -3.634844
114 -3.626912
115 -3.618439
116 -3.609508
117 -3.600192
118 -3.590555
119 -3.580650
120 -3.570521
121 -3.560202
122 -3.549718
123 -3.539088
124 -3.528327
125 -3.517445
126 -3.506450
127 -3.495350
128 -3.484154
129 -3.472873
130 -3.461522
131 -3.450117
132 -3.438679
133 -3.427233
134 -3.415807
135 -3.404430
136 -3.393135
137 -3.381955
138 -3.370925
139 -3.360080
140 -3.349456
141 -3.339090
142 -3.329021
143 -3.319289
144 -3.309939
145 -3.301018
146 -3.292576
147 -3.284665
148 -3.277334
149 -3.270627
150 -3.264578
151 -3.259209
152 -3.254528
153 -3.250528
154 -3.247195
155 -3.244508
156 -3.242447
157 -3.240992
158 -3.240127
159 -3.239845
160 -3.239845
161 -3.239915
162 -3.240137
163 -3.240508
164 -3.241021
165 -3.241666
166 -3.242428
167 -3.243286
168 -3.244209
169 -3.245164
170 -3.246107
171 -3.246994
172 -3.247784
173 -3.248454
174 -3.249024
175 -3.249624
176 -3.250631
177 -3.252885
178 -3.257526
179 -3.264907
180 -3.274231
181 -3.284593
182 -3.295529
183 -3.306853
184 -3.318483
185 -3.330374
186 -3.342498
187 -3.354834
188 -3.367365
189 -3.380079
190 -3.392965
191 -3.406015
192 -3.419221
193 -3.432576
194 -3.446075
195 -3.459709
196 -3.473472
197 -3.487354
198 -3.501344
199 -3.515428
200 -3.529590
201 -3.543812
202 -3.558074
203 -3.572355
204 -3.586635
205 -3.600892
206 -3.615105
207 -3.629256
208 -3.643328
209 -3.657303
210 -3.671167
211 -3.684906
212 -3.698503
213 -3.711944
214 -3.725214
215 -3.738294
216 -3.751165
217 -3.763806
218 -3.776192
219 -3.788298
220 -3.800092
221 -3.811543
222 -3.822616
223 -3.833274
224 -3.843479
225 -3.853192
226 -3.862377
227 -3.870996
228 -3.879017
229 -3.886410
230 -3.893150
231 -3.899217
232 -3.904593
233 -3.909267
234 -3.913229
235 -3.916473
236 -3.918996
237 -3.920797
238 -3.921877
239 -3.922237
240 -3.922237
241 -3.921249
242 -3.918474
243 -3.913894
244 -3.907514
245 -3.899368
246 -3.889515
247 -3.878037
248 -3.865028
249 -3.850592
250 -3.834828
251 -3.817826
252 -3.799660
253 -3.780396
254 -3.760099
255 -3.738837
256 -3.716701
257 -3.693801
258 -3.670277
259 -3.646292
260 -3.622025
261 -3.597673
262 -3.573471
263 -3.549833
264 -3.529215
265 -3.524548
266 -3.533248
267 -3.549782
268 -3.570849
269 -3.593588
270 -3.602520
271 -3.578332
272 -3.554864
273 -3.534831
274 -3.518826
275 -3.506939
276 -3.498834
277 -3.493831
278 -3.491066
279 -3.489656
280 -3.488814
281 -3.487903
282 -3.486429
283 -3.484019
284 -3.480398
285 -3.475369
286 -3.468814
287 -3.460692
288 -3.451034
289 -3.439941
290 -3.427582
291 -3.414210
292 -3.400219
293 -3.386300
294 -3.373853
295 -3.365797
296 -3.366167
297 -3.375362
298 -3.389733
299 -3.406370
300 -3.423823
301 -3.441344
302 -3.458457
303 -3.474707
304 -3.489173
305 -3.499585
306 -3.507062
307 -3.515050
308 -3.521804
309 -3.498020
310 -3.462994
311 -3.427219
312 -3.392194
313 -3.358728
314 -3.327664
315 -3.300046
316 -3.277099
317 -3.260014
318 -3.249592
319 -3.246104
320 -3.246104
321 -3.253896
322 -3.276677
323 -3.312075
324 -3.356370
325 -3.406178
326 -3.458772
327 -3.507792
328 -3.515256
329 -3.497177
330 -3.475781
331 -3.454654
332 -3.436677
333 -3.425946
334 -3.426794
335 -3.440173
336 -3.462827
337 -3.490612
338 -3.520149
339 -3.525310
340 -3.509419
341 -3.499223
342 -3.496546
343 -3.501265
344 -3.511862
345 -3.525971
346 -3.540924
347 -3.553661
348 -3.543205
349 -3.514391
350 -3.491132
351 -3.480385
352 -3.486351
353 -3.514776
354 -3.565943
355 -3.610600
356 -3.641657
357 -3.667597
358 -3.686112
359 -3.675233
360 -3.664437
361 -3.655679
362 -3.649884
363 -3.655695
364 -3.676313
365 -3.693541
366 -3.707116
367 -3.716978
368 -3.723225
369 -3.726027
370 -3.725507
371 -3.721663
372 -3.714376
373 -3.711347
374 -3.722286
375 -3.731862
376 -3.739199
377 -3.743217
378 -3.742547
379 -3.735705
380 -3.721631
381 -3.700274
382 -3.672675
383 -3.640511
384 -3.605496
385 -3.569021
386 -3.532047
387 -3.495183
388 -3.458840
389 -3.423392
390 -3.389301
391 -3.357177
392 -3.327804
393 -3.302123
394 -3.281056
395 -3.264996
396 -3.253491
397 -3.245769
398 -3.241300
399 -3.239845
400 -3.239845
401 -3.239915
402 -3.240137
403 -3.240508
404 -3.241021
405 -3.241666
406 -3.242428
407 -3.243286
408 -3.244209
409 -3.245164
410 -3.246107
411 -3.246994
412 -3.247784
413 -3.248454
414 -3.249024
415 -3.249624
416 -3.250631
417 -3.252885
418 -3.257526
419 -3.264907
420 -3.274231
421 -3.284593
422 -3.295529
423 -3.306853
424 -3.318483
425 -3.330374
426 -3.342498
427 -3.354834
428 -3.367365
429 -3.380079
430 -3.392965
431 -3.406015
432 -3.419221
433 -3.432576
434 -3.446075
435 -3.459709
436 -3.473472
437 -3.487354
438 -3.501344
439 -3.515428
440 -3.529590
441 -3.543812
442 -3.558074
443 -3.572355
444 -3.586635
445 -3.600892
446 -3.615105
447 -3.629256
448 -3.643328
449 -3.657303
450 -3.671167
451 -3.684906
452 -3.698503
453 -3.711944
454 -3.725214
455 -3.738294
456 -3.751165
457 -3.763806
458 -3.776192
459 -3.788298
460 -3.800092
461 -3.811543
462 -3.822616
463 -3.833274
464 -3.843479
465 -3.853192
466 -3.862377
467 -3.870996
468 -3.879017
469 -3.886410
470 -3.893150
471 -3.899217
472 -3.904593
473 -3.909267
474 -3.913229
475 -3.916473
476 -3.918996
477 -3.920797
478 -3.921877
479 -3.922237
480 -3.922237
481 -3.922141
482 -3.921853
483 -3.921371
484 -3.920697
485 -3.919829
486 -3.918767
487 -3.917511
488 -3.916059
489 -3.914412
490 -3.912570
491 -3.910533
492 -3.908302
493 -3.905878
494 -3.903262
495 -3.900458
496 -3.897467
497 -3.894295
498 -3.890945
499 -3.887421
500 -3.883731
501 -3.879879
502 -3.875873
503 -3.871719
504 -3.867424
505 -3.862997
506 -3.858444
507 -3.853773
508 -3.848992
509 -3.844107
510 -3.839125
511 -3.834052
512 -3.828895
513 -3.823659
514 -3.818347
515 -3.812965
516 -3.807516
517 -3.802002
518 -3.796426
519 -3.790789
520 -3.785093
521 -3.779337
522 -3.773523
523 -3.767649
524 -3.761716
525 -3.755722
526 -3.749666
527 -3.743546
528 -3.737361
529 -3.731109
530 -3.724789
531 -3.718399
532 -3.711938
533 -3.705407
534 -3.698804
535 -3.692129
536 -3.685384
537 -3.678568
538 -3.671684
539 -3.664733
540 -3.657717
541 -3.650640
542 -3.643503
543 -3.636311
544 -3.629069
545 -3.621779
546 -3.614447
547 -3.607077
548 -3.599676
549 -3.592248
550 -3.584800
551 -3.577336
552 -3.569862
553 -3.562385
554 -3.554911
555 -3.547444
556 -3.539991
557 -3.532557
558 -3.525148
559 -3.517769

0 -3.129234
1 -3.129860
2 -3.131940
3 -3.136195
4 -3.142473
5 -3.149709
6 -3.157279
7 -3.164871
8 -3.172303
9 -3.179455
10 -3.186252
11 -3.192647
12 -3.198612
13 -3.204131
14 -3.209187
15 -3.213759
16 -3.217810
17 -3.221272
18 -3.224022
19 -3.225888
20 -3.226773
21 -3.226763
22 -3.226015
23 -3.224639
24 -3.222715
25 -3.220334
26 -3.217609
27 -3.214669
28 -3.211645
29 -3.208655
30 -3.205797
31 -3.203144
32 -3.200738
33 -3.198598
34 -3.196726
35 -3.195114
36 -3.193766
37 -3.192733
38 -3.192162
39 -3.192389
40 -3.194439
41 -3.210625
42 -3.251690
43 -3.295725
44 -3.340212
45 -3.383758
46 -3.402356
47 -3.399177
48 -3.398249
49 -3.404588
50 -3.418637
51 -3.438559
52 -3.462700
53 -3.489998
54 -3.519268
55 -3.548952
56 -3.577835
57 -3.605416
58 -3.618116
59 -3.580720
60 -3.542667
61 -3.504441
62 -3.508964
63 -3.520913
64 -3.531410
65 -3.540341
66 -3.546670
67 -3.537743
68 -3.526342
69 -3.516892
70 -3.509566
71 -3.504363
72 -3.501193
73 -3.499884
74 -3.500202
75 -3.501881
76 -3.504659
77 -3.508312
78 -3.512685
79 -3.517575
80 -3.517575
81 -3.516035
82 -3.514159
83 -3.511996
84 -3.509543
85 -3.506796
86 -3.503758
87 -3.500429
88 -3.496816
89 -3.492924
90 -3.488762
91 -3.484341
92 -3.479672
93 -3.474767
94 -3.469637
95 -3.464296
96 -3.458754
97 -3.453022
98 -3.447110
99 -3.441028
100 -3.434783
101 -3.428382
102 -3.421833
103 -3.415143
104 -3.408318
105 -3.401367
106 -3.394298
107 -3.387121
108 -3.379849
109 -3.372495
110 -3.365074
111 -3.357603
112 -3.350100
113 -3.342584
114 -3.335075
115 -3.327592
116 -3.320153
117 -3.312776
118 -3.305477
119 -3.298270
120 -3.291167
121 -3.284178
122 -3.277313
123 -3.270580
124 -3.263986
125 -3.257542
126 -3.251258
127 -3.245151
128 -3.239243
129 -3.233568
130 -3.228174
131 -3.223138
132 -3.218582
133 -3.214671
134 -3.211564
135 -3.209260
136 -3.207540
137 -3.206116
138 -3.204767
139 -3.203356
140 -3.201799
141 -3.200043
142 -3.198046
143 -3.195778
144 -3.193211
145 -3.190319
146 -3.187085
147 -3.183498
148 -3.179563
149 -3.175307
150 -3.170789
151 -3.166106
152 -3.161403
153 -3.156867
154 -3.152714
155 -3.149152
156 -3.146334
157 -3.144329
158 -3.143138
159 -3.142742
160 -3.142742
161 -3.143178
162 -3.144462
163 -3.146575
164 -3.149484
165 -3.153150
166 -3.157527
167 -3.162571
168 -3.168233
169 -3.174469
170 -3.181236
171 -3.188490
172 -3.196195
173 -3.204317
174 -3.212823
175 -3.221682
176 -3.230851
177 -3.240263
178 -3.249802
179 -3.259357
180 -3.269034
181 -3.279052
182 -3.289481
183 -3.300295
184 -3.311458
185 -3.322935
186 -3.334701
187 -3.346736
188 -3.359021
189 -3.371545
190 -3.384295
191 -3.397263
192 -3.410438
193 -3.423813
194 -3.437375
195 -3.451113
196 -3.465013
197 -3.479060
198 -3.493234
199 -3.507515
200 -3.521883
201 -3.536315
202 -3.550787
203 -3.565276
204 -3.579761
205 -3.594218
206 -3.608628
207 -3.622970
208 -3.637228
209 -3.651386
210 -3.665430
211 -3.679346
212 -3.693124
213 -3.706751
214 -3.720217
215 -3.733506
216 -3.746604
217 -3.759490
218 -3.772141
219 -3.784529
220 -3.796622
221 -3.808384
222 -3.819774
223 -3.830750
224 -3.841266
225 -3.851279
226 -3.860743
227 -3.869619
228 -3.877866
229 -3.885453
230 -3.892351
231 -3.898539
232 -3.904003
233 -3.908734
234 -3.912730
235 -3.915992
236 -3.918523
237 -3.920327
238 -3.921409
239 -3.921768
240 -3.921768
241 -3.920137
242 -3.915084
243 -3.906749
244 -3.895345
245 -3.881162
246 -3.864572
247 -3.846006
248 -3.825925
249 -3.804786
250 -3.783011
251 -3.760960
252 -3.738910
253 -3.717047
254 -3.695464
255 -3.674188
256 -3.653205
257 -3.632509
258 -3.612150
259 -3.592279
260 -3.573204
261 -3.555434
262 -3.539748
263 -3.527186
264 -3.517323
265 -3.499533
266 -3.477622
267 -3.455871
268 -3.434808
269 -3.414602
270 -3.395338
271 -3.377058
272 -3.359773
273 -3.343471
274 -3.328138
275 -3.313761
276 -3.300350
277 -3.287933
278 -3.276558
279 -3.266279
280 -3.257138
281 -3.249142
282 -3.242258
283 -3.236406
284 -3.231468
285 -3.227312
286 -3.223816
287 -3.220910
288 -3.218666
289 -3.217894
290 -3.223702
291 -3.236727
292 -3.251402
293 -3.266088
294 -3.279212
295 -3.287802
296 -3.287796
297 -3.278785
298 -3.264428
299 -3.247662
300 -3.230017
301 -3.212495
302 -3.196837
303 -3.187484
304 -3.182260
305 -3.177960
306 -3.174055
307 -3.170406
308 -3.166917
309 -3.163481
310 -3.159997
311 -3.156385
312 -3.152616
313 -3.148718
314 -3.144748
315 -3.140714
316 -3.136610
317 -3.132792
318 -3.130139
319 -3.129234
320 -3.129234
321 -3.130792
322 -3.135879
323 -3.144164
324 -3.153628
325 -3.163172
326 -3.172307
327 -3.180841
328 -3.188763
329 -3.196144
330 -3.203062
331 -3.209661
332 -3.216535
333 -3.223131
334 -3.224099
335 -3.220884
336 -3.218548
337 -3.216628
338 -3.214950
339 -3.213773
340 -3.213300
341 -3.213562
342 -3.214465
343 -3.215915
344 -3.217964
345 -3.220911
346 -3.225335
347 -3.232031
348 -3.242168
349 -3.276015
350 -3.337247
351 -3.398035
352 -3.456857
353 -3.506565
354 -3.541072
355 -3.581275
356 -3.623342
357 -3.640196
358 -3.594026
359 -3.545114
360 -3.575930
361 -3.605111
362 -3.631743
363 -3.646925
364 -3.646707
365 -3.648396
366 -3.651577
367 -3.656063
368 -3.661911
369 -3.669283
370 -3.678237
371 -3.688586
372 -3.699852
373 -3.703502
374 -3.689020
375 -3.671137
376 -3.650321
377 -3.627214
378 -3.602476
379 -3.576622
380 -3.549935
381 -3.522485
382 -3.494234
383 -3.465169
384 -3.435400
385 -3.405195
386 -3.374941
387 -3.345102
388 -3.316180
389 -3.288725
390 -3.263386
391 -3.241128
392 -3.224820
393 -3.215351
394 -3.204136
395 -3.189136
396 -3.172160
397 -3.156613
398 -3.146247
399 -3.142742
400 -3.142742
401 -3.143178
402 -3.144462
403 -3.146575
404 -3.149484
405 -3.153150
406 -3.157527
407 -3.162571
408 -3.168233
409 -3.174469
410 -3.181236
411 -3.188490
412 -3.196195
413 -3.204317
414 -3.212823
415 -3.221682
416 -3.230851
417 -3.240263
418 -3.249802
419 -3.259357
420 -3.269034
421 -3.279052
422 -3.289481
423 -3.300295
424 -3.311458
425 -3.322935
426 -3.334701
427 -3.346736
428 -3.359021
429 -3.371545
430 -3.384295
431 -3.397263
432 -3.410438
433 -3.423813
434 -3.437375
435 -3.451113
436 -3.465013
437 -3.479060
438 -3.493234
439 -3.507515
440 -3.521883
441 -3.536315
442 -3.550787
443 -3.565276
444 -3.579761
445 -3.594218
446 -3.608628
447 -3.622970
448 -3.637228
449 -3.651386
450 -3.665430
451 -3.679346
452 -3.693124
453 -3.706751
454 -3.720217
455 -3.733506
456 -3.746604
457 -3.759490
458 -3.772141
459 -3.784529
460 -3.796622
461 -3.808384
462 -3.819774
463 -3.830750
464 -3.841266
465 -3.851279
466 -3.860743
467 -3.869619
468 -3.877866
469 -3.885453
470 -3.892351
471 -3.898539
472 -3.904003
473 -3.908734
474 -3.912730
475 -3.915992
476 -3.918523
477 -3.920327
478 -3.921409
479 -3.921768
480 -3.921768
481 -3.921674
482 -3.921387
483 -3.920908
484 -3.920237
485 -3.919373
486 -3.918315
487 -3.917062
488 -3.915615
489 -3.913974
490 -3.912137
491 -3.910105
492 -3.907880
493 -3.905462
494 -3.902854
495 -3.900057
496 -3.897075
497 -3.893911
498 -3.890570
499 -3.887056
500 -3.883376
501 -3.879535
502 -3.875541
503 -3.871399
504 -3.867117
505 -3.862703
506 -3.858164
507 -3.853508
508 -3.848741
509 -3.843870
510 -3.838904
511 -3.833846
512 -3.828704
513 -3.823482
514 -3.818186
515 -3.812818
516 -3.807383
517 -3.801882
518 -3.796318
519 -3.790693
520 -3.785007
521 -3.779260
522 -3.773453
523 -3.767584
524 -3.761652
525 -3.755657
526 -3.749598
527 -3.743473
528 -3.737282
529 -3.731023
530 -3.724695
531 -3.718297
532 -3.711828
533 -3.705288
534 -3.698677
535 -3.691994
536 -3.685241
537 -3.678418
538 -3.671526
539 -3.664568
540 -3.657545
541 -3.650461
542 -3.643318
543 -3.636120
544 -3.628872
545 -3.621577
546 -3.614241
547 -3.606867
548 -3.599463
549 -3.592032
550 -3.584581
551 -3.577116
552 -3.569642
553 -3.562166
554 -3.554693
555 -3.547229
556 -3.539779
557 -3.532350
558 -3.524947
559 -3.517575

0 -3.119897
1 -3.121209
2 -3.124259
3 -3.126721
4 -3.127252
5 -3.125924
6 -3.122771
7 -3.117761
8 -3.110959
9 -3.102924
10 -3.098496
11 -3.107797
12 -3.120648
13 -3.133568
14 -3.146240
15 -3.158524
16 -3.169970
17 -3.179710
18 -3.186583
19 -3.189406
20 -3.187290
21 -3.179927
22 -3.167738
23 -3.151680
24 -3.132872
25 -3.112339
26 -3.090930
27 -3.069310
28 -3.047983
29 -3.027308
30 -3.007535
31 -2.988886
32 -2.971729
33 -2.957014
34 -2.950199
35 -2.970087
36 -3.003034
37 -3.039826
38 -3.078887
39 -3.119497
40 -3.160541
41 -3.189728
42 -3.196334
43 -3.202221
44 -3.209698
45 -3.219063
46 -3.230381
47 -3.243626
48 -3.258681
49 -3.275316
50 -3.293209
51 -3.312035
52 -3.331508
53 -3.351373
54 -3.371385
55 -3.391293
56 -3.410842
57 -3.429786
58 -3.447900
59 -3.464999
60 -3.480938
61 -3.495607
62 -3.466106
63 -3.427705
64 -3.389217
65 -3.350658
66 -3.312082
67 -3.273577
68 -3.235264
69 -3.197284
70 -3.159798
71 -3.122990
72 -3.087091
73 -3.052429
74 -3.019516
75 -2.989214
76 -2.962972
77 -2.943039
78 -2.932035
79 -2.931285
80 -2.931285
81 -2.928450
82 -2.927642
83 -2.928558
84 -2.930896
85 -2.934381
86 -2.938785
87 -2.943926
88 -2.949661
89 -2.955879
90 -2.962495
91 -2.969442
92 -2.976670
93 -2.984136
94 -2.991803
95 -2.999638
96 -3.007612
97 -3.015691
98 -3.023846
99 -3.032043
100 -3.040249
101 -3.048432
102 -3.056557
103 -3.064596
104 -3.072517
105 -3.080297
106 -3.087911
107 -3.095342
108 -3.102575
109 -3.109599
110 -3.116405
111 -3.122986
112 -3.129340
113 -3.135461
114 -3.141346
115 -3.146991
116 -3.152391
117 -3.157540
118 -3.162430
119 -3.167052
120 -3.171399
121 -3.175459
122 -3.179224
123 -3.182683
124 -3.185830
125 -3.188654
126 -3.191149
127 -3.193303
128 -3.195104
129 -3.196532
130 -3.197551
131 -3.198103
132 -3.198085
133 -3.197346
134 -3.195745
135 -3.193292
136 -3.190211
137 -3.186790
138 -3.183242
139 -3.179689
140 -3.176192
141 -3.172777
142 -3.169452
143 -3.166212
144 -3.163049
145 -3.159952
146 -3.156911
147 -3.153919
148 -3.150972
149 -3.148065
150 -3.145196
151 -3.142362
152 -3.139556
153 -3.136772
154 -3.134016
155 -3.131339
156 -3.128870
157 -3.126828
158 -3.125464
159 -3.124977
160 -3.124977
161 -3.125641
162 -3.127568
163 -3.130652
164 -3.134746
165 -3.139688
166 -3.145327
167 -3.151530
168 -3.158186
169 -3.165210
170 -3.172535
171 -3.180106
172 -3.187870
173 -3.195760
174 -3.203666
175 -3.211373
176 -3.218432
177 -3.223960
178 -3.226826
179 -3.226686
180 -3.224138
181 -3.219783
182 -3.213944
183 -3.206768
184 -3.198330
185 -3.188678
186 -3.177848
187 -3.165879
188 -3.152813
189 -3.138694
190 -3.123570
191 -3.107487
192 -3.090491
193 -3.072623
194 -3.053924
195 -3.034429
196 -3.014176
197 -2.993202
198 -2.971553
199 -2.949287
200 -2.926476
201 -2.903219
202 -2.879639
203 -2.855889
204 -2.832152
205 -2.808637
206 -2.785575
207 -2.763205
208 -2.741776
209 -2.721534
210 -2.702799
211 -2.686943
212 -2.678459
213 -2.672313
214 -2.666587
215 -2.661128
216 -2.655915
217 -2.650945
218 -2.646219
219 -2.641737
220 -2.637497
221 -2.633495
222 -2.629728
223 -2.626188
224 -2.622870
225 -2.619767
226 -2.616876
227 -2.614193
228 -2.611718
229 -2.609453
230 -2.607401
231 -2.605568
232 -2.603960
233 -2.602582
234 -2.601436
235 -2.600520
236 -2.599827
237 -2.599344
238 -2.599061
239 -2.598966
240 -2.598966
241 -2.599140
242 -2.599854
243 -2.601743
244 -2.605943
245 -2.613487
246 -2.624635
247 -2.639231
248 -2.657133
249 -2.678286
250 -2.702704
251 -2.730432
252 -2.761536
253 -2.796083
254 -2.834115
255 -2.875609
256 -2.920413
257 -2.968187
258 -3.018339
259 -3.069988
260 -3.121954
261 -3.172751
262 -3.220567
263 -3.263189
264 -3.297942
265 -3.322039
266 -3.333989
267 -3.334987
268 -3.327898
269 -3.315272
270 -3.298699
271 -3.279069
272 -3.256922
273 -3.232676
274 -3.206760
275 -3.179739
276 -3.152569
277 -3.127579
278 -3.112277
279 -3.112402
280 -3.118119
281 -3.125203
282 -3.132941
283 -3.141217
284 -3.150053
285 -3.159519
286 -3.169705
287 -3.180669
288 -3.192329
289 -3.203847
290 -3.210029
291 -3.210047
292 -3.209095
293 -3.208085
294 -3.207098
295 -3.206058
296 -3.204834
297 -3.203282
298 -3.201268
299 -3.198688
300 -3.195456
301 -3.191400
302 -3.185421
303 -3.173695
304 -3.158983
305 -3.144749
306 -3.131128
307 -3.117549
308 -3.103824
309 -3.095514
310 -3.103822
311 -3.112514
312 -3.119369
313 -3.124037
314 -3.126472
315 -3.126857
316 -3.125635
317 -3.123398
318 -3.120992
319 -3.119897
320 -3.119897
321 -3.122431
322 -3.126401
323 -3.126925
324 -3.123135
325 -3.114936
326 -3.102915
327 -3.100707
328 -3.120294
329 -3.141088
330 -3.162326
331 -3.183102
332 -3.199869
333 -3.208399
334 -3.209266
335 -3.200122
336 -3.179661
337 -3.153186
338 -3.124542
339 -3.095788
340 -3.068042
341 -3.042059
342 -3.019079
343 -3.006210
344 -3.008577
345 -3.038886
346 -3.091346
347 -3.150114
348 -3.211032
349 -3.252676
350 -3.270474
351 -3.291389
352 -3.315906
353 -3.343718
354 -3.374348
355 -3.407189
356 -3.441480
357 -3.476321
358 -3.510726
359 -3.522458
360 -3.445700
361 -3.366762
362 -3.288447
363 -3.211875
364 -3.137718
365 -3.066521
366 -2.998818
367 -2.935150
368 -2.876015
369 -2.821808
370 -2.772780
371 -2.729070
372 -2.691113
373 -2.679360
374 -2.695711
375 -2.713341
376 -2.734537
377 -2.760885
378 -2.792078
379 -2.827812
380 -2.867540
381 -2.910225
382 -2.954423
383 -2.998534
384 -3.041057
385 -3.080725
386 -3.116517
387 -3.147600
388 -3.173287
389 -3.193030
390 -3.206395
391 -3.212774
392 -3.209615
393 -3.196098
394 -3.180756
395 -3.166203
396 -3.152612
397 -3.140007
398 -3.129468
399 -3.124977
400 -3.124977
401 -3.125641
402 -3.127568
403 -3.130652
404 -3.134746
405 -3.139688
406 -3.145327
407 -3.151530
408 -3.158186
409 -3.165210
410 -3.172535
411 -3.180106
412 -3.187870
413 -3.195760
414 -3.203666
415 -3.211373
416 -3.218432
417 -3.223960
418 -3.226826
419 -3.226686
420 -3.224138
421 -3.219783
422 -3.213944
423 -3.206768
424 -3.198330
425 -3.188678
426 -3.177848
427 -3.165879
428 -3.152813
429 -3.138694
430 -3.123570
431 -3.107487
432 -3.090491
433 -3.072623
434 -3.053924
435 -3.034429
436 -3.014176
437 -2.993202
438 -2.971553
439 -2.949287
440 -2.926476
441 -2.903219
442 -2.879639
443 -2.855889
444 -2.832152
445 -2.808637
446 -2.785575
447 -2.763205
448 -2.741776
449 -2.721534
450 -2.702799
451 -2.686943
452 -2.678459
453 -2.672313
454 -2.666587
455 -2.661128
456 -2.655915
457 -2.650945
458 -2.646219
459 -2.641737
460 -2.637497
461 -2.633495
462 -2.629728
463 -2.626188
464 -2.622870
465 -2.619767
466 -2.616876
467 -2.614193
468 -2.611718
469 -2.609453
470 -2.607401
471 -2.605568
472 -2.603960
473 -2.602582
474 -2.601436
475 -2.600520
476 -2.599827
477 -2.599344
478 -2.599061
479 -2.598966
480 -2.598966
481 -2.598953
482 -2.598917
483 -2.598860
484 -2.598785
485 -2.598696
486 -2.598598
487 -2.598496
488 -2.598398
489 -2.598311
490 -2.598243
491 -2.598202
492 -2.598198
493 -2.598238
494 -2.598333
495 -2.598490
496 -2.598719
497 -2.599029
498 -2.599427
499 -2.599922
500 -2.600520
501 -2.601228
502 -2.602051
503 -2.602996
504 -2.604066
505 -2.605264
506 -2.606593
507 -2.608054
508 -2.609648
509 -2.611373
510 -2.613227
511 -2.615207
512 -2.617308
513 -2.619525
514 -2.621849
515 -2.624274
516 -2.626791
517 -2.629390
518 -2.632060
519 -2.634793
520 -2.637577
521 -2.640403
522 -2.643260
523 -2.646140
524 -2.649034
525 -2.651937
526 -2.654842
527 -2.657747
528 -2.660652
529 -2.663562
530 -2.666489
531 -2.669454
532 -2.672500
533 -2.675706
534 -2.679215
535 -2.683279
536 -2.688225
537 -2.694251
538 -2.701275
539 -2.709086
540 -2.717512
541 -2.726447
542 -2.735824
543 -2.745598
544 -2.755733
545 -2.766199
546 -2.776968
547 -2.788011
548 -2.799299
549 -2.810804
550 -2.822496
551 -2.834345
552 -2.846321
553 -2.858395
554 -2.870537
555 -2.882718
556 -2.894910
557 -2.907086
558 -2.919219
559 -2.931285

0 -2.997487
1 -2.997852
2 -2.999480
3 -3.003437
4 -3.010440
5 -3.020330
6 -3.032439
7 -3.046006
8 -3.060254
9 -3.074095
10 -3.082593
11 -3.078411
12 -3.083338
13 -3.092186
14 -3.099740
15 -3.104929
16 -3.107384
17 -3.107162
18 -3.104573
19 -3.100032
20 -3.093963
21 -3.086734
22 -3.078633
23 -3.069845
24 -3.060455
25 -3.050447
26 -3.039717
27 -3.028103
28 -3.015442
29 -3.001660
30 -2.986886
31 -2.971517
32 -2.956203
33 -2.941998
34 -2.932764
35 -2.926823
36 -2.919704
37 -2.914520
38 -2.911632
39 -2.910935
40 -2.912222
41 -2.915300
42 -2.920150
43 -2.927400
44 -2.939398
45 -2.958117
46 -2.978034
47 -2.991974
48 -2.995751
49 -2.988108
50 -2.970360
51 -2.945392
52 -2.919449
53 -2.905790
54 -2.895093
55 -2.884055
56 -2.872449
57 -2.860260
58 -2.847531
59 -2.834341
60 -2.820793
61 -2.806998
62 -2.793074
63 -2.779146
64 -2.765357
65 -2.751871
66 -2.738885
67 -2.726612
68 -2.715262
69 -2.705010
70 -2.696077
71 -2.695272
72 -2.707796
73 -2.720293
74 -2.732198
75 -2.742979
76 -2.751504
77 -2.755797
78 -2.753478
79 -2.744184
80 -2.744184
81 -2.748292
82 -2.754471
83 -2.760702
84 -2.766939
85 -2.773167
86 -2.779379
87 -2.785569
88 -2.791734
89 -2.797870
90 -2.803977
91 -2.810050
92 -2.816089
93 -2.822091
94 -2.828052
95 -2.833969
96 -2.839836
97 -2.845647
98 -2.851394
99 -2.857068
100 -2.862658
101 -2.868153
102 -2.873538
103 -2.878800
104 -2.883922
105 -2.888891
106 -2.893689
107 -2.898304
108 -2.902720
109 -2.906927
110 -2.910915
111 -2.914677
112 -2.918210
113 -2.921514
114 -2.924593
115 -2.927455
116 -2.930112
117 -2.932581
118 -2.934880
119 -2.937033
120 -2.939067
121 -2.941009
122 -2.942892
123 -2.944749
124 -2.946615
125 -2.948522
126 -2.950502
127 -2.952572
128 -2.954737
129 -2.956976
130 -2.959254
131 -2.961520
132 -2.963725
133 -2.965828
134 -2.967803
135 -2.969638
136 -2.971336
137 -2.972913
138 -2.974394
139 -2.975814
140 -2.977210
141 -2.978625
142 -2.980098
143 -2.981670
144 -2.983371
145 -2.985229
146 -2.987261
147 -2.989475
148 -2.991872
149 -2.994440
150 -2.997164
151 -3.000017
152 -3.002957
153 -3.005925
154 -3.008832
155 -3.011558
156 -3.013951
157 -3.015839
158 -3.017055
159 -3.017472
160 -3.017472
161 -3.016977
162 -3.015512
163 -3.013165
164 -3.010050
165 -3.006285
166 -3.001975
167 -2.997202
168 -2.992023
169 -2.986475
170 -2.980577
171 -2.974335
172 -2.967754
173 -2.960833
174 -2.953582
175 -2.946021
176 -2.938187
177 -2.930135
178 -2.921932
179 -2.913652
180 -2.905355
181 -2.897088
182 -2.888882
183 -2.880750
184 -2.872702
185 -2.864739
186 -2.856864
187 -2.849074
188 -2.841373
189 -2.833760
190 -2.826236
191 -2.818805
192 -2.811465
193 -2.804217
194 -2.797056
195 -2.789979
196 -2.782978
197 -2.776045
198 -2.769170
199 -2.762343
200 -2.755555
201 -2.748798
202 -2.742067
203 -2.735360
204 -2.728677
205 -2.722023
206 -2.715404
207 -2.708831
208 -2.702309
209 -2.695829
210 -2.689290
211 -2.681514
212 -2.668193
213 -2.654632
214 -2.643365
215 -2.635097
216 -2.628709
217 -2.623120
218 -2.617988
219 -2.613212
220 -2.608757
221 -2.604615
222 -2.600787
223 -2.597290
224 -2.594149
225 -2.591404
226 -2.589096
227 -2.587262
228 -2.585904
229 -2.584986
230 -2.584433
231 -2.584156
232 -2.584068
233 -2.584096
234 -2.584180
235 -2.584280
236 -2.584369
237 -2.584434
238 -2.584472
239 -2.584483
240 -2.584483
241 -2.584747
242 -2.585560
243 -2.586848
244 -2.588187
245 -2.589100
246 -2.589585
247 -2.589870
248 -2.590113
249 -2.590375
250 -2.590661
251 -2.590978
252 -2.591383
253 -2.592048
254 -2.593298
255 -2.595592
256 -2.599327
257 -2.604603
258 -2.611291
259 -2.619373
260 -2.629816
261 -2.648085
262 -2.677634
263 -2.711443
264 -2.746781
265 -2.782762
266 -2.818764
267 -2.854263
268 -2.888773
269 -2.921807
270 -2.952855
271 -2.981400
272 -3.006965
273 -3.029179
274 -3.047860
275 -3.063044
276 -3.074858
277 -3.082788
278 -3.082859
279 -3.075841
280 -3.073454
281 -3.074216
282 -3.075524
283 -3.076579
284 -3.077269
285 -3.077729
286 -3.078192
287 -3.078926
288 -3.080193
289 -3.082232
290 -3.085237
291 -3.089343
292 -3.094592
293 -3.100904
294 -3.108051
295 -3.115675
296 -3.123323
297 -3.130504
298 -3.136734
299 -3.141562
300 -3.144578
301 -3.145411
302 -3.143717
303 -3.139178
304 -3.131578
305 -3.121110
306 -3.108756
307 -3.096271
308 -3.087897
309 -3.086489
310 -3.073119
311 -3.058474
312 -3.044168
313 -3.030824
314 -3.019067
315 -3.009545
316 -3.002831
317 -2.999096
318 -2.997715
319 -2.997487
320 -2.997487
321 -2.998372
322 -3.003185
323 -3.014548
324 -3.031719
325 -3.052331
326 -3.073776
327 -3.083058
328 -3.089233
329 -3.104021
330 -3.114649
331 -3.119020
332 -3.117366
333 -3.110862
334 -3.100854
335 -3.088542
336 -3.074909
337 -3.060774
338 -3.046864
339 -3.033862
340 -3.022409
341 -3.012987
342 -3.005415
343 -2.994180
344 -2.982050
345 -2.987602
346 -2.988807
347 -2.987043
348 -2.983111
349 -2.979421
350 -2.992646
351 -2.999241
352 -2.991805
353 -2.968619
354 -2.932522
355 -2.887875
356 -2.838639
357 -2.788226
358 -2.739875
359 -2.695984
360 -2.657752
361 -2.625815
362 -2.599621
363 -2.578821
364 -2.565205
365 -2.563169
366 -2.575018
367 -2.589355
368 -2.603657
369 -2.617788
370 -2.632156
371 -2.647234
372 -2.662965
373 -2.670920
374 -2.686024
375 -2.704842
376 -2.723881
377 -2.742295
378 -2.760882
379 -2.779765
380 -2.798473
381 -2.816314
382 -2.832662
383 -2.847186
384 -2.859955
385 -2.871384
386 -2.882051
387 -2.892447
388 -2.902787
389 -2.913003
390 -2.922974
391 -2.932944
392 -2.943627
393 -2.955450
394 -2.968057
395 -2.980826
396 -2.993254
397 -3.004766
398 -3.013826
399 -3.017472
400 -3.017472
401 -3.016977
402 -3.015512
403 -3.013165
404 -3.010050
405 -3.006285
406 -3.001975
407 -2.997202
408 -2.992023
409 -2.986475
410 -2.980577
411 -2.974335
412 -2.967754
413 -2.960833
414 -2.953582
415 -2.946021
416 -2.938187
417 -2.930135
418 -2.921932
419 -2.913652
420 -2.905355
421 -2.897088
422 -2.888882
423 -2.880750
424 -2.872702
425 -2.864739
426 -2.856864
427 -2.849074
428 -2.841373
429 -2.833760
430 -2.826236
431 -2.818805
432 -2.811465
433 -2.804217
434 -2.797056
435 -2.789979
436 -2.782978
437 -2.776045
438 -2.769170
439 -2.762343
440 -2.755555
441 -2.748798
442 -2.742067
443 -2.735360
444 -2.728677
445 -2.722023
446 -2.715404
447 -2.708831
448 -2.702309
449 -2.695829
450 -2.689290
451 -2.681514
452 -2.668193
453 -2.654632
454 -2.643365
455 -2.635097
456 -2.628709
457 -2.623120
458 -2.617988
459 -2.613212
460 -2.608757
461 -2.604615
462 -2.600787
463 -2.597290
464 -2.594149
465 -2.591404
466 -2.589096
467 -2.587262
468 -2.585904
469 -2.584986
470 -2.584433
471 -2.584156
472 -2.584068
473 -2.584096
474 -2.584180
475 -2.584280
476 -2.584369
477 -2.584434
478 -2.584472
479 -2.584483
480 -2.584483
481 -2.584475
482 -2.584445
483 -2.584394
484 -2.584327
485 -2.584248
486 -2.584163
487 -2.584079
488 -2.584005
489 -2.583951
490 -2.583925
491 -2.583939
492 -2.584004
493 -2.584131
494 -2.584331
495 -2.584615
496 -2.584994
497 -2.585478
498 -2.586077
499 -2.586799
500 -2.587652
501 -2.588643
502 -2.589777
503 -2.591058
504 -2.592488
505 -2.594069
506 -2.595800
507 -2.597681
508 -2.599707
509 -2.601874
510 -2.604176
511 -2.606607
512 -2.609158
513 -2.611820
514 -2.614583
515 -2.617437
516 -2.620370
517 -2.623371
518 -2.626427
519 -2.629528
520 -2.632662
521 -2.635816
522 -2.638981
523 -2.642145
524 -2.645301
525 -2.648438
526 -2.651549
527 -2.654628
528 -2.657669
529 -2.660667
530 -2.663621
531 -2.666527
532 -2.669386
533 -2.672197
534 -2.674962
535 -2.677684
536 -2.680364
537 -2.683008
538 -2.685620
539 -2.688207
540 -2.690775
541 -2.693331
542 -2.695882
543 -2.698436
544 -2.701000
545 -2.703581
546 -2.706186
547 -2.708822
548 -2.711494
549 -2.714207
550 -2.716967
551 -2.719775
552 -2.722637
553 -2.725552
554 -2.728523
555 -2.731549
556 -2.734631
557 -2.737765
558 -2.740950
559 -2.744184

0 -2.989501
1 -2.990154
2 -2.992224
3 -2.995841
4 -3.000948
5 -3.007543
6 -3.015596
7 -3.024921
8 -3.035228
9 -3.046132
10 -3.056953
11 -3.064264
12 -3.055937
13 -3.040223
14 -3.022311
15 -3.003115
16 -2.983158
17 -2.962917
18 -2.942899
19 -2.923666
20 -2.905878
21 -2.890314
22 -2.877841
23 -2.869184
24 -2.864482
25 -2.863047
26 -2.863732
27 -2.865446
28 -2.867353
29 -2.868907
30 -2.869970
31 -2.871600
32 -2.879429
33 -2.898363
34 -2.914696
35 -2.908724
36 -2.897935
37 -2.888080
38 -2.880002
39 -2.874048
40 -2.870419
41 -2.869171
42 -2.870655
43 -2.881196
44 -2.901626
45 -2.915605
46 -2.923241
47 -2.927492
48 -2.929231
49 -2.928479
50 -2.925116
51 -2.918938
52 -2.906747
53 -2.878541
54 -2.850378
55 -2.831903
56 -2.815852
57 -2.799906
58 -2.784082
59 -2.768656
60 -2.753871
61 -2.739892
62 -2.726794
63 -2.714574
64 -2.703161
65 -2.692450
66 -2.682354
67 -2.672953
68 -2.665365
69 -2.668240
70 -2.680724
71 -2.686978
72 -2.680827
73 -2.675991
74 -2.675435
75 -2.683600
76 -2.696629
77 -2.711161
78 -2.726313
79 -2.741068
80 -2.741068
81 -2.734035
82 -2.723722
83 -2.712537
84 -2.700967
85 -2.689530
86 -2.678888
87 -2.670021
88 -2.664122
89 -2.661550
90 -2.661430
91 -2.662836
92 -2.665260
93 -2.668462
94 -2.672323
95 -2.676779
96 -2.681790
97 -2.687330
98 -2.693379
99 -2.699915
100 -2.706918
101 -2.714365
102 -2.722231
103 -2.730486
104 -2.739096
105 -2.748023
106 -2.757224
107 -2.766651
108 -2.776253
109 -2.785977
110 -2.795764
111 -2.805559
112 -2.815304
113 -2.824944
114 -2.834427
115 -2.843702
116 -2.852726
117 -2.861455
118 -2.869854
119 -2.877888
120 -2.885526
121 -2.892739
122 -2.899499
123 -2.905777
124 -2.911546
125 -2.916779
126 -2.921452
127 -2.925554
128 -2.929091
129 -2.932093
130 -2.934614
131 -2.936728
132 -2.938522
133 -2.940084
134 -2.941511
135 -2.942899
136 -2.944345
137 -2.945945
138 -2.947777
139 -2.949897
140 -2.952319
141 -2.955018
142 -2.957936
143 -2.960998
144 -2.964126
145 -2.967249
146 -2.970308
147 -2.973260
148 -2.976071
149 -2.978715
150 -2.981172
151 -2.983423
152 -2.985451
153 -2.987241
154 -2.988777
155 -2.990048
156 -2.991046
157 -2.991764
158 -2.992196
159 -2.992341
160 -2.992341
161 -2.992064
162 -2.991239
163 -2.989869
164 -2.987956
165 -2.985506
166 -2.982524
167 -2.979017
168 -2.974991
169 -2.970455
170 -2.965419
171 -2.959892
172 -2.953885
173 -2.947406
174 -2.940458
175 -2.933036
176 -2.925128
177 -2.916709
178 -2.907751
179 -2.898230
180 -2.888134
181 -2.877474
182 -2.866278
183 -2.854587
184 -2.842452
185 -2.829929
186 -2.817103
187 -2.805500
188 -2.799967
189 -2.794638
190 -2.789215
191 -2.783688
192 -2.778057
193 -2.772323
194 -2.766488
195 -2.760553
196 -2.754519
197 -2.748386
198 -2.742156
199 -2.735832
200 -2.729415
201 -2.722911
202 -2.716328
203 -2.709675
204 -2.702965
205 -2.696214
206 -2.689441
207 -2.682666
208 -2.675913
209 -2.669202
210 -2.662549
211 -2.655954
212 -2.649376
213 -2.642639
214 -2.635168
215 -2.626408
216 -2.617459
217 -2.609328
218 -2.602262
219 -2.596250
220 -2.591205
221 -2.587015
222 -2.583559
223 -2.580707
224 -2.578326
225 -2.576279
226 -2.574432
227 -2.572670
228 -2.570917
229 -2.569149
230 -2.567384
231 -2.565664
232 -2.564037
233 -2.562547
234 -2.561230
235 -2.560115
236 -2.559226
237 -2.558578
238 -2.558185
239 -2.558053
240 -2.558053
241 -2.558494
242 -2.559675
243 -2.561181
244 -2.562519
245 -2.563400
246 -2.563842
247 -2.564036
248 -2.564199
249 -2.564520
250 -2.565152
251 -2.566203
252 -2.567725
253 -2.569676
254 -2.571895
255 -2.574140
256 -2.576323
257 -2.578863
258 -2.583070
259 -2.592024
260 -2.609922
261 -2.633800
262 -2.664691
263 -2.699411
264 -2.733966
265 -2.767561
266 -2.799988
267 -2.831110
268 -2.860757
269 -2.888726
270 -2.914807
271 -2.938805
272 -2.960557
273 -2.979942
274 -2.996865
275 -3.011224
276 -3.022790
277 -3.030861
278 -3.033126
279 -3.024261
280 -3.003447
281 -2.977340
282 -2.950134
283 -2.923631
284 -2.898872
285 -2.876655
286 -2.857615
287 -2.842062
288 -2.829789
289 -2.820206
290 -2.812800
291 -2.807514
292 -2.804870
293 -2.805770
294 -2.810892
295 -2.820281
296 -2.833516
297 -2.849946
298 -2.868842
299 -2.889490
300 -2.911253
301 -2.933577
302 -2.955987
303 -2.978072
304 -2.999452
305 -3.019745
306 -3.038479
307 -3.054728
308 -3.064659
309 -3.060106
310 -3.049109
311 -3.037633
312 -3.026831
313 -3.017105
314 -3.008693
315 -3.001752
316 -2.996348
317 -2.992505
318 -2.990245
319 -2.989501
320 -2.989501
321 -2.991100
322 -2.996241
323 -3.004887
324 -3.016866
325 -3.031762
326 -3.048569
327 -3.064143
328 -3.055575
329 -3.030374
330 -3.001036
331 -2.969514
332 -2.937228
333 -2.905663
334 -2.876530
335 -2.851891
336 -2.834175
337 -2.825347
338 -2.824511
339 -2.828582
340 -2.837481
341 -2.855931
342 -2.885550
343 -2.922981
344 -2.958745
345 -2.960505
346 -2.955168
347 -2.956078
348 -2.964281
349 -2.975100
350 -2.965822
351 -2.951400
352 -2.931974
353 -2.907112
354 -2.876780
355 -2.841399
356 -2.801652
357 -2.758080
358 -2.710945
359 -2.661723
360 -2.619352
361 -2.589521
362 -2.562665
363 -2.541261
364 -2.545299
365 -2.556387
366 -2.563576
367 -2.574157
368 -2.587726
369 -2.602925
370 -2.618661
371 -2.634182
372 -2.649142
373 -2.651731
374 -2.625595
375 -2.601754
376 -2.582395
377 -2.567779
378 -2.558172
379 -2.554105
380 -2.557329
381 -2.586716
382 -2.628419
383 -2.670953
384 -2.712189
385 -2.750789
386 -2.786005
387 -2.817536
388 -2.845357
389 -2.869584
390 -2.890415
391 -2.908199
392 -2.923755
393 -2.938395
394 -2.952640
395 -2.965799
396 -2.976965
397 -2.985388
398 -2.990586
399 -2.992341
400 -2.992341
401 -2.992064
402 -2.991239
403 -2.989869
404 -2.987956
405 -2.985506
406 -2.982524
407 -2.979017
408 -2.974991
409 -2.970455
410 -2.965419
411 -2.959892
412 -2.953885
413 -2.947406
414 -2.940458
415 -2.933036
416 -2.925128
417 -2.916709
418 -2.907751
419 -2.898230
420 -2.888134
421 -2.877474
422 -2.866278
423 -2.854587
424 -2.842452
425 -2.829929
426 -2.817103
427 -2.805500
428 -2.799967
429 -2.794638
430 -2.789215
431 -2.783688
432 -2.778057
433 -2.772323
434 -2.766488
435 -2.760553
436 -2.754519
437 -2.748386
438 -2.742156
439 -2.735832
440 -2.729415
441 -2.722911
442 -2.716328
443 -2.709675
444 -2.702965
445 -2.696214
446 -2.689441
447 -2.682666
448 -2.675913
449 -2.669202
450 -2.662549
451 -2.655954
452 -2.649376
453 -2.642639
454 -2.635168
455 -2.626408
456 -2.617459
457 -2.609328
458 -2.602262
459 -2.596250
460 -2.591205
461 -2.587015
462 -2.583559
463 -2.580707
464 -2.578326
465 -2.576279
466 -2.574432
467 -2.572670
468 -2.570917
469 -2.569149
470 -2.567384
471 -2.565664
472 -2.564037
473 -2.562547
474 -2.561230
475 -2.560115
476 -2.559226
477 -2.558578
478 -2.558185
479 -2.558053
480 -2.558053
481 -2.558047
482 -2.558034
483 -2.558016
484 -2.557994
485 -2.557973
486 -2.557956
487 -2.557948
488 -2.557955
489 -2.557983
490 -2.558038
491 -2.558128
492 -2.558261
493 -2.558442
494 -2.558681
495 -2.558984
496 -2.559358
497 -2.559810
498 -2.560346
499 -2.560972
500 -2.561692
501 -2.562511
502 -2.563432
503 -2.564458
504 -2.565591
505 -2.566832
506 -2.568182
507 -2.569642
508 -2.571212
509 -2.572893
510 -2.574684
511 -2.576587
512 -2.578603
513 -2.580734
514 -2.582984
515 -2.585355
516 -2.587852
517 -2.590482
518 -2.593251
519 -2.596168
520 -2.599241
521 -2.602479
522 -2.605895
523 -2.609499
524 -2.613302
525 -2.617317
526 -2.621555
527 -2.626026
528 -2.630739
529 -2.635699
530 -2.640905
531 -2.646347
532 -2.651993
533 -2.657778
534 -2.663568
535 -2.669123
536 -2.674128
537 -2.678391
538 -2.682003
539 -2.685179
540 -2.688092
541 -2.690849
542 -2.693512
543 -2.696121
544 -2.698702
545 -2.701275
546 -2.703853
547 -2.706449
548 -2.709071
549 -2.711728
550 -2.714425
551 -2.717169
552 -2.719963
553 -2.722810
554 -2.725713
555 -2.728673
556 -2.731689
557 -2.734761
558 -2.737888
559 -2.741068

0 -2.899004
1 -2.897060
2 -2.892937
3 -2.887504
4 -2.880151
5 -2.870985
6 -2.860307
7 -2.848424
8 -2.835555
9 -2.821814
10 -2.807236
11 -2.791846
12 -2.776046
13 -2.766055
14 -2.764911
15 -2.766418
16 -2.769592
17 -2.773851
18 -2.778651
19 -2.783479
20 -2.787841
21 -2.791241
22 -2.793190
23 -2.793407
24 -2.792223
25 -2.790773
26 -2.790580
27 -2.792994
28 -2.798927
29 -2.808795
30 -2.822391
31 -2.838115
32 -2.849558
33 -2.850241
34 -2.845066
35 -2.837041
36 -2.826988
37 -2.815133
38 -2.801455
39 -2.786178
40 -2.801449
41 -2.823884
42 -2.848306
43 -2.865883
44 -2.870774
45 -2.873860
46 -2.876374
47 -2.878097
48 -2.878669
49 -2.877717
50 -2.874871
51 -2.869757
52 -2.861956
53 -2.850578
54 -2.830877
55 -2.798169
56 -2.761368
57 -2.724056
58 -2.687345
59 -2.652135
60 -2.619847
61 -2.593803
62 -2.580256
63 -2.580399
64 -2.588929
65 -2.601966
66 -2.617056
67 -2.632554
68 -2.646546
69 -2.650226
70 -2.644932
71 -2.641469
72 -2.643367
73 -2.650417
74 -2.657554
75 -2.658512
76 -2.656363
77 -2.654216
78 -2.652973
79 -2.653140
80 -2.653140
81 -2.650523
82 -2.648364
83 -2.646615
84 -2.645181
85 -2.643879
86 -2.642335
87 -2.639827
88 -2.635393
89 -2.628913
90 -2.621526
91 -2.614504
92 -2.608822
93 -2.605201
94 -2.603823
95 -2.604233
96 -2.605849
97 -2.608282
98 -2.611319
99 -2.614841
100 -2.618779
101 -2.623088
102 -2.627738
103 -2.632703
104 -2.637968
105 -2.643516
106 -2.649336
107 -2.655417
108 -2.661749
109 -2.668325
110 -2.675136
111 -2.682173
112 -2.689429
113 -2.696894
114 -2.704557
115 -2.712409
116 -2.720436
117 -2.728624
118 -2.736957
119 -2.745418
120 -2.753985
121 -2.762638
122 -2.771352
123 -2.780101
124 -2.788855
125 -2.797584
126 -2.806254
127 -2.814830
128 -2.823271
129 -2.831536
130 -2.839577
131 -2.847344
132 -2.854781
133 -2.861824
134 -2.868403
135 -2.874445
136 -2.879872
137 -2.884613
138 -2.888614
139 -2.891856
140 -2.894362
141 -2.896200
142 -2.897476
143 -2.898318
144 -2.898854
145 -2.899206
146 -2.899478
147 -2.899757
148 -2.900111
149 -2.900589
150 -2.901221
151 -2.902022
152 -2.902987
153 -2.904090
154 -2.905279
155 -2.906472
156 -2.907568
157 -2.908455
158 -2.909033
159 -2.909234
160 -2.909234
161 -2.908946
162 -2.908092
163 -2.906694
164 -2.904790
165 -2.902426
166 -2.899652
167 -2.896519
168 -2.893074
169 -2.889358
170 -2.885404
171 -2.881238
172 -2.876877
173 -2.872336
174 -2.867631
175 -2.862786
176 -2.857843
177 -2.852865
178 -2.847932
179 -2.843104
180 -2.838396
181 -2.833773
182 -2.829173
183 -2.824538
184 -2.819824
185 -2.814997
186 -2.810015
187 -2.803402
188 -2.790372
189 -2.776862
190 -2.763245
191 -2.749618
192 -2.736076
193 -2.722711
194 -2.709598
195 -2.696763
196 -2.684160
197 -2.671677
198 -2.659167
199 -2.646476
200 -2.633473
201 -2.620050
202 -2.606122
203 -2.591628
204 -2.576523
205 -2.560778
206 -2.544383
207 -2.527346
208 -2.509692
209 -2.491474
210 -2.472774
211 -2.453716
212 -2.434478
213 -2.415313
214 -2.396561
215 -2.378612
216 -2.361788
217 -2.346203
218 -2.331769
219 -2.318339
220 -2.305801
221 -2.294108
222 -2.283275
223 -2.273361
224 -2.264455
225 -2.256646
226 -2.249986
227 -2.244459
228 -2.239969
229 -2.236371
230 -2.233499
231 -2.231199
232 -2.229346
233 -2.227847
234 -2.226639
235 -2.225683
236 -2.224955
237 -2.224442
238 -2.224136
239 -2.224035
240 -2.224035
241 -2.224607
242 -2.226502
243 -2.230033
244 -2.235467
245 -2.243249
246 -2.254296
247 -2.269785
248 -2.289567
249 -2.311866
250 -2.335102
251 -2.358385
252 -2.381241
253 -2.403419
254 -2.424834
255 -2.445651
256 -2.466675
257 -2.490222
258 -2.518555
259 -2.551180
260 -2.585878
261 -2.617132
262 -2.634595
263 -2.645511
264 -2.655414
265 -2.665362
266 -2.675680
267 -2.686464
268 -2.697665
269 -2.709117
270 -2.720569
271 -2.731732
272 -2.742326
273 -2.752120
274 -2.760961
275 -2.768778
276 -2.775574
277 -2.781402
278 -2.786336
279 -2.790434
280 -2.793712
281 -2.796127
282 -2.797571
283 -2.797876
284 -2.796834
285 -2.794256
286 -2.790087
287 -2.784638
288 -2.778784
289 -2.773748
290 -2.770482
291 -2.769101
292 -2.768778
293 -2.768258
294 -2.766730
295 -2.764135
296 -2.760747
297 -2.756891
298 -2.752939
299 -2.749359
300 -2.747498
301 -2.756321
302 -2.770943
303 -2.785685
304 -2.799842
305 -2.813065
306 -2.825135
307 -2.835954
308 -2.845547
309 -2.854034
310 -2.861595
311 -2.868409
312 -2.874608
313 -2.880231
314 -2.885217
315 -2.889433
316 -2.892746
317 -2.895136
318 -2.897154
319 -2.899004
320 -2.899004
321 -2.895393
322 -2.889295
323 -2.879710
324 -2.866921
325 -2.851748
326 -2.834683
327 -2.815730
328 -2.794604
329 -2.771106
330 -2.749601
331 -2.751325
332 -2.756504
333 -2.763026
334 -2.769855
335 -2.776210
336 -2.781280
337 -2.784563
338 -2.787767
339 -2.793895
340 -2.802183
341 -2.806580
342 -2.803845
343 -2.795106
344 -2.781505
345 -2.763828
346 -2.742688
347 -2.719938
348 -2.728056
349 -2.741074
350 -2.748416
351 -2.750096
352 -2.747026
353 -2.740140
354 -2.730103
355 -2.717305
356 -2.701939
357 -2.684068
358 -2.663596
359 -2.639861
360 -2.606425
361 -2.563061
362 -2.534542
363 -2.533336
364 -2.522882
365 -2.509011
366 -2.495724
367 -2.482607
368 -2.470108
369 -2.458839
370 -2.449486
371 -2.442635
372 -2.438542
373 -2.437165
374 -2.438491
375 -2.442813
376 -2.450845
377 -2.463797
378 -2.483538
379 -2.511213
380 -2.544627
381 -2.563988
382 -2.581605
383 -2.605523
384 -2.633742
385 -2.664552
386 -2.696809
387 -2.729624
388 -2.762162
389 -2.793511
390 -2.822553
391 -2.847812
392 -2.867508
393 -2.880562
394 -2.888203
395 -2.893250
396 -2.897965
397 -2.903041
398 -2.907442
399 -2.909234
400 -2.909234
401 -2.908946
402 -2.908092
403 -2.906694
404 -2.904790
405 -2.902426
406 -2.899652
407 -2.896519
408 -2.893074
409 -2.889358
410 -2.885404
411 -2.881238
412 -2.876877
413 -2.872336
414 -2.867631
415 -2.862786
416 -2.857843
417 -2.852865
418 -2.847932
419 -2.843104
420 -2.838396
421 -2.833773
422 -2.829173
423 -2.824538
424 -2.819824
425 -2.814997
426 -2.810015
427 -2.803402
428 -2.790372
429 -2.776862
430 -2.763245
431 -2.749618
432 -2.736076
433 -2.722711
434 -2.709598
435 -2.696763
436 -2.684160
437 -2.671677
438 -2.659167
439 -2.646476
440 -2.633473
441 -2.620050
442 -2.606122
443 -2.591628
444 -2.576523
445 -2.560778
446 -2.544383
447 -2.527346
448 -2.509692
449 -2.491474
450 -2.472774
451 -2.453716
452 -2.434478
453 -2.415313
454 -2.396561
455 -2.378612
456 -2.361788
457 -2.346203
458 -2.331769
459 -2.318339
460 -2.305801
461 -2.294108
462 -2.283275
463 -2.273361
464 -2.264455
465 -2.256646
466 -2.249986
467 -2.244459
468 -2.239969
469 -2.236371
470 -2.233499
471 -2.231199
472 -2.229346
473 -2.227847
474 -2.226639
475 -2.225683
476 -2.224955
477 -2.224442
478 -2.224136
479 -2.224035
480 -2.224035
481 -2.224066
482 -2.224159
483 -2.224313
484 -2.224529
485 -2.224806
486 -2.225145
487 -2.225546
488 -2.226009
489 -2.226536
490 -2.227127
491 -2.227784
492 -2.228509
493 -2.229304
494 -2.230173
495 -2.231121
496 -2.232154
497 -2.233279
498 -2.234508
499 -2.235852
500 -2.237329
501 -2.238958
502 -2.240765
503 -2.242778
504 -2.245032
505 -2.247564
506 -2.250412
507 -2.253610
508 -2.257185
509 -2.261152
510 -2.265516
511 -2.270265
512 -2.275383
513 -2.280845
514 -2.286630
515 -2.292714
516 -2.299080
517 -2.305714
518 -2.312606
519 -2.319748
520 -2.327136
521 -2.334766
522 -2.342633
523 -2.350729
524 -2.359044
525 -2.367565
526 -2.376273
527 -2.385147
528 -2.394162
529 -2.403292
530 -2.412510
531 -2.421791
532 -2.431108
533 -2.440438
534 -2.449760
535 -2.459054
536 -2.468305
537 -2.477498
538 -2.486619
539 -2.495659
540 -2.504609
541 -2.513461
542 -2.522210
543 -2.530850
544 -2.539379
545 -2.547793
546 -2.556089
547 -2.564268
548 -2.572326
549 -2.580264
550 -2.588082
551 -2.595779
552 -2.603357
553 -2.610815
554 -2.618155
555 -2.625378
556 -2.632486
557 -2.639481
558 -2.646365
559 -2.653140

0 -2.896014
1 -2.894606
2 -2.888773
3 -2.878101
4 -2.864257
5 -2.848600
6 -2.832341
7 -2.816523
8 -2.802020
9 -2.789502
10 -2.779361
11 -2.771666
12 -2.765939
13 -2.755846
14 -2.738216
15 -2.719066
16 -2.699168
17 -2.678927
18 -2.658968
19 -2.641280
20 -2.629169
21 -2.620359
22 -2.613881
23 -2.610943
24 -2.613904
25 -2.623833
26 -2.638618
27 -2.655690
28 -2.673495
29 -2.691160
30 -2.708117
31 -2.723913
32 -2.738126
33 -2.750324
34 -2.760076
35 -2.766997
36 -2.770879
37 -2.772024
38 -2.773062
39 -2.782538
40 -2.767894
41 -2.747872
42 -2.725624
43 -2.701366
44 -2.675356
45 -2.647760
46 -2.618662
47 -2.588176
48 -2.556583
49 -2.524631
50 -2.500027
51 -2.502100
52 -2.508010
53 -2.513664
54 -2.518751
55 -2.523252
56 -2.527200
57 -2.530626
58 -2.533505
59 -2.535666
60 -2.536460
61 -2.533782
62 -2.525513
63 -2.528094
64 -2.536598
65 -2.543973
66 -2.551006
67 -2.558903
68 -2.568201
69 -2.578493
70 -2.588636
71 -2.596664
72 -2.600061
73 -2.598785
74 -2.595490
75 -2.592177
76 -2.589822
77 -2.588971
78 -2.590003
79 -2.592998
80 -2.592998
81 -2.591163
82 -2.589610
83 -2.588295
84 -2.587199
85 -2.586316
86 -2.585649
87 -2.585194
88 -2.584935
89 -2.584824
90 -2.584760
91 -2.584541
92 -2.583821
93 -2.582219
94 -2.579731
95 -2.576885
96 -2.574249
97 -2.572137
98 -2.570651
99 -2.569793
100 -2.569528
101 -2.569813
102 -2.570609
103 -2.571883
104 -2.573607
105 -2.575754
106 -2.578294
107 -2.581199
108 -2.584437
109 -2.587976
110 -2.591783
111 -2.595825
112 -2.600073
113 -2.604499
114 -2.609080
115 -2.613797
116 -2.618631
117 -2.623572
118 -2.628607
119 -2.633730
120 -2.638934
121 -2.644216
122 -2.649570
123 -2.654996
124 -2.660489
125 -2.666050
126 -2.671674
127 -2.677359
128 -2.683102
129 -2.688898
130 -2.694741
131 -2.700626
132 -2.706544
133 -2.712492
134 -2.718469
135 -2.724493
136 -2.730616
137 -2.736970
138 -2.743821
139 -2.751486
140 -2.759991
141 -2.769019
142 -2.778249
143 -2.787487
144 -2.796619
145 -2.805570
146 -2.814283
147 -2.822703
148 -2.830773
149 -2.838428
150 -2.845595
151 -2.852194
152 -2.858140
153 -2.863357
154 -2.867781
155 -2.871377
156 -2.874138
157 -2.876079
158 -2.877229
159 -2.877609
160 -2.877609
161 -2.877383
162 -2.876715
163 -2.875629
164 -2.874163
165 -2.872363
166 -2.870282
167 -2.867971
168 -2.865478
169 -2.862839
170 -2.860083
171 -2.857220
172 -2.854246
173 -2.851137
174 -2.847847
175 -2.844303
176 -2.840406
177 -2.836025
178 -2.831017
179 -2.825261
180 -2.818696
181 -2.811331
182 -2.803222
183 -2.794448
184 -2.785100
185 -2.775279
186 -2.765097
187 -2.754673
188 -2.744125
189 -2.733545
190 -2.722968
191 -2.712346
192 -2.701549
193 -2.690397
194 -2.678715
195 -2.666377
196 -2.653341
197 -2.639648
198 -2.625382
199 -2.610644
200 -2.595523
201 -2.580094
202 -2.564418
203 -2.548544
204 -2.532519
205 -2.516385
206 -2.500184
207 -2.483960
208 -2.467754
209 -2.451603
210 -2.435540
211 -2.419580
212 -2.403723
213 -2.387956
214 -2.372277
215 -2.356775
216 -2.341669
217 -2.327169
218 -2.313299
219 -2.299964
220 -2.287062
221 -2.274529
222 -2.262326
223 -2.250448
224 -2.239052
225 -2.234137
226 -2.232244
227 -2.230474
228 -2.228771
229 -2.227137
230 -2.225588
231 -2.224148
232 -2.222842
233 -2.221691
234 -2.220706
235 -2.219895
236 -2.219263
237 -2.218810
238 -2.218538
239 -2.218447
240 -2.218447
241 -2.218576
242 -2.218810
243 -2.218923
244 -2.218871
245 -2.218760
246 -2.219561
247 -2.235247
248 -2.251152
249 -2.266698
250 -2.283605
251 -2.302974
252 -2.325339
253 -2.350707
254 -2.378659
255 -2.408507
256 -2.439764
257 -2.473459
258 -2.507572
259 -2.536395
260 -2.554440
261 -2.563461
262 -2.568519
263 -2.571905
264 -2.574213
265 -2.575529
266 -2.575841
267 -2.575167
268 -2.573582
269 -2.571221
270 -2.568263
271 -2.564930
272 -2.561487
273 -2.558255
274 -2.555624
275 -2.554067
276 -2.554117
277 -2.556266
278 -2.560754
279 -2.567330
280 -2.575312
281 -2.583960
282 -2.592810
283 -2.601790
284 -2.611163
285 -2.621370
286 -2.632758
287 -2.645263
288 -2.658279
289 -2.670831
290 -2.681945
291 -2.690999
292 -2.697830
293 -2.702491
294 -2.705017
295 -2.705524
296 -2.704411
297 -2.702542
298 -2.709862
299 -2.724036
300 -2.737628
301 -2.741592
302 -2.740693
303 -2.740348
304 -2.740903
305 -2.742340
306 -2.744584
307 -2.747588
308 -2.751452
309 -2.756729
310 -2.765131
311 -2.778742
312 -2.796583
313 -2.816419
314 -2.836680
315 -2.856072
316 -2.873229
317 -2.886642
318 -2.894513
319 -2.896014
320 -2.896014
321 -2.892152
322 -2.876551
323 -2.853327
324 -2.827083
325 -2.801650
326 -2.780192
327 -2.764623
328 -2.754635
329 -2.749226
330 -2.743713
331 -2.716770
332 -2.687933
333 -2.662773
334 -2.653798
335 -2.647067
336 -2.642150
337 -2.639481
338 -2.641431
339 -2.651518
340 -2.666959
341 -2.682323
342 -2.694392
343 -2.701222
344 -2.701376
345 -2.693827
346 -2.688273
347 -2.706801
348 -2.688554
349 -2.656818
350 -2.620617
351 -2.580515
352 -2.539728
353 -2.517291
354 -2.520843
355 -2.527173
356 -2.532070
357 -2.534699
358 -2.534692
359 -2.531721
360 -2.525285
361 -2.514724
362 -2.504851
363 -2.491177
364 -2.478997
365 -2.469404
366 -2.456247
367 -2.441668
368 -2.427750
369 -2.415440
370 -2.404926
371 -2.396230
372 -2.390015
373 -2.388110
374 -2.392579
375 -2.403226
376 -2.418801
377 -2.438111
378 -2.459138
379 -2.480053
380 -2.500937
381 -2.521852
382 -2.542540
383 -2.563587
384 -2.585599
385 -2.608326
386 -2.631227
387 -2.653945
388 -2.676426
389 -2.699027
390 -2.722550
391 -2.747214
392 -2.771899
393 -2.795514
394 -2.817452
395 -2.837236
396 -2.854121
397 -2.867008
398 -2.874951
399 -2.877609
400 -2.877609
401 -2.877383
402 -2.876715
403 -2.875629
404 -2.874163
405 -2.872363
406 -2.870282
407 -2.867971
408 -2.865478
409 -2.862839
410 -2.860083
411 -2.857220
412 -2.854246
413 -2.851137
414 -2.847847
415 -2.844303
416 -2.840406
417 -2.836025
418 -2.831017
419 -2.825261
420 -2.818696
421 -2.811331
422 -2.803222
423 -2.794448
424 -2.785100
425 -2.775279
426 -2.765097
427 -2.754673
428 -2.744125
429 -2.733545
430 -2.722968
431 -2.712346
432 -2.701549
433 -2.690397
434 -2.678715
435 -2.666377
436 -2.653341
437 -2.639648
438 -2.625382
439 -2.610644
440 -2.595523
441 -2.580094
442 -2.564418
443 -2.548544
444 -2.532519
445 -2.516385
446 -2.500184
447 -2.483960
448 -2.467754
449 -2.451603
450 -2.435540
451 -2.419580
452 -2.403723
453 -2.387956
454 -2.372277
455 -2.356775
456 -2.341669
457 -2.327169
458 -2.313299
459 -2.299964
460 -2.287062
461 -2.274529
462 -2.262326
463 -2.250448
464 -2.239052
465 -2.234137
466 -2.232244
467 -2.230474
468 -2.228771
469 -2.227137
470 -2.225588
471 -2.224148
472 -2.222842
473 -2.221691
474 -2.220706
475 -2.219895
476 -2.219263
477 -2.218810
478 -2.218538
479 -2.218447
480 -2.218447
481 -2.218472
482 -2.218549
483 -2.218679
484 -2.218861
485 -2.219096
486 -2.219383
487 -2.219723
488 -2.220114
489 -2.220558
490 -2.221055
491 -2.221605
492 -2.222209
493 -2.222868
494 -2.223585
495 -2.224360
496 -2.225199
497 -2.226105
498 -2.227085
499 -2.228147
500 -2.229304
501 -2.230570
502 -2.231966
503 -2.233518
504 -2.235259
505 -2.237229
506 -2.239474
507 -2.242043
508 -2.244978
509 -2.248308
510 -2.252040
511 -2.256160
512 -2.260633
513 -2.265418
514 -2.270470
515 -2.275747
516 -2.281216
517 -2.286848
518 -2.292621
519 -2.298517
520 -2.304524
521 -2.310632
522 -2.316833
523 -2.323122
524 -2.329496
525 -2.335953
526 -2.342490
527 -2.349108
528 -2.355805
529 -2.362582
530 -2.369438
531 -2.376374
532 -2.383391
533 -2.390487
534 -2.397662
535 -2.404916
536 -2.412247
537 -2.419655
538 -2.427135
539 -2.434687
540 -2.442307
541 -2.449991
542 -2.457734
543 -2.465533
544 -2.473381
545 -2.481274
546 -2.489205
547 -2.497169
548 -2.505159
549 -2.513168
550 -2.521191
551 -2.529221
552 -2.537252
553 -2.545278
554 -2.553292
555 -2.561289
556 -2.569263
557 -2.577209
558 -2.585122
559 -2.592998

0 -2.762231
1 -2.762151
2 -2.761807
3 -2.761041
4 -2.759636
5 -2.757364
6 -2.754014
7 -2.749416
8 -2.743462
9 -2.736159
10 -2.727685
11 -2.718369
12 -2.708533
13 -2.698376
14 -2.687981
15 -2.677395
16 -2.666674
17 -2.655865
18 -2.644831
19 -2.632134
20 -2.615138
21 -2.597120
22 -2.581055
23 -2.570184
24 -2.566363
25 -2.564643
26 -2.563398
27 -2.569501
28 -2.584746
29 -2.602404
30 -2.620434
31 -2.638335
32 -2.655929
33 -2.673144
34 -2.689957
35 -2.706370
36 -2.722381
37 -2.737741
38 -2.750162
39 -2.751293
40 -2.742030
41 -2.727386
42 -2.708822
43 -2.687048
44 -2.662630
45 -2.636122
46 -2.608041
47 -2.578789
48 -2.548620
49 -2.517827
50 -2.488209
51 -2.457037
52 -2.424741
53 -2.393861
54 -2.400442
55 -2.411587
56 -2.423764
57 -2.436959
58 -2.451127
59 -2.466095
60 -2.481466
61 -2.496373
62 -2.507358
63 -2.500058
64 -2.497900
65 -2.506544
66 -2.516202
67 -2.524622
68 -2.531217
69 -2.536242
70 -2.540273
71 -2.543805
72 -2.547176
73 -2.550604
74 -2.554222
75 -2.558088
76 -2.562146
77 -2.566180
78 -2.569802
79 -2.572678
80 -2.572678
81 -2.570294
82 -2.567813
83 -2.565300
84 -2.562798
85 -2.560331
86 -2.557909
87 -2.555530
88 -2.553178
89 -2.550831
90 -2.548453
91 -2.546001
92 -2.543424
93 -2.540677
94 -2.537732
95 -2.534601
96 -2.531341
97 -2.528050
98 -2.524850
99 -2.521859
100 -2.519181
101 -2.516897
102 -2.515069
103 -2.513737
104 -2.512930
105 -2.512665
106 -2.512948
107 -2.513780
108 -2.515154
109 -2.517061
110 -2.519486
111 -2.522414
112 -2.525829
113 -2.529714
114 -2.534051
115 -2.538824
116 -2.544015
117 -2.549610
118 -2.555592
119 -2.561948
120 -2.568664
121 -2.575730
122 -2.583134
123 -2.590865
124 -2.598915
125 -2.607273
126 -2.615926
127 -2.624861
128 -2.634058
129 -2.643496
130 -2.653146
131 -2.662975
132 -2.672942
133 -2.682998
134 -2.693080
135 -2.703105
136 -2.712950
137 -2.722409
138 -2.731140
139 -2.738750
140 -2.745141
141 -2.750558
142 -2.755256
143 -2.759370
144 -2.762960
145 -2.766053
146 -2.768667
147 -2.770821
148 -2.772540
149 -2.773858
150 -2.774817
151 -2.775466
152 -2.775859
153 -2.776052
154 -2.776100
155 -2.776055
156 -2.775965
157 -2.775869
158 -2.775796
159 -2.775765
160 -2.775765
161 -2.775825
162 -2.775991
163 -2.776251
164 -2.776584
165 -2.776960
166 -2.777345
167 -2.777699
168 -2.777977
169 -2.778131
170 -2.778114
171 -2.777878
172 -2.777376
173 -2.776568
174 -2.775418
175 -2.773893
176 -2.771971
177 -2.769632
178 -2.766864
179 -2.763658
180 -2.760006
181 -2.755901
182 -2.751333
183 -2.746285
184 -2.740730
185 -2.734629
186 -2.727923
187 -2.720539
188 -2.712393
189 -2.703410
190 -2.693550
191 -2.682837
192 -2.671354
193 -2.659216
194 -2.646545
195 -2.633444
196 -2.620000
197 -2.606275
198 -2.592321
199 -2.578177
200 -2.563874
201 -2.549439
202 -2.534897
203 -2.520269
204 -2.505579
205 -2.490847
206 -2.476093
207 -2.461337
208 -2.446596
209 -2.431882
210 -2.417198
211 -2.402535
212 -2.387854
213 -2.373066
214 -2.357985
215 -2.342297
216 -2.325632
217 -2.307863
218 -2.289304
219 -2.270661
220 -2.253764
221 -2.244095
222 -2.240327
223 -2.237874
224 -2.235596
225 -2.227281
226 -2.216318
227 -2.205588
228 -2.195146
229 -2.185011
230 -2.175208
231 -2.165765
232 -2.156730
233 -2.148165
234 -2.140166
235 -2.132876
236 -2.126520
237 -2.121439
238 -2.118124
239 -2.117075
240 -2.117075
241 -2.122380
242 -2.136404
243 -2.154752
244 -2.175201
245 -2.196315
246 -2.215815
247 -2.218528
248 -2.219726
249 -2.223316
250 -2.234784
251 -2.260648
252 -2.292676
253 -2.326951
254 -2.362315
255 -2.398002
256 -2.432479
257 -2.461082
258 -2.481688
259 -2.496808
260 -2.508434
261 -2.517366
262 -2.524021
263 -2.528743
264 -2.531840
265 -2.533557
266 -2.534079
267 -2.533561
268 -2.532165
269 -2.530093
270 -2.527599
271 -2.524974
272 -2.522525
273 -2.520535
274 -2.519225
275 -2.518738
276 -2.519150
277 -2.520493
278 -2.522778
279 -2.526003
280 -2.530156
281 -2.535238
282 -2.541249
283 -2.548140
284 -2.555758
285 -2.563849
286 -2.572195
287 -2.580780
288 -2.589791
289 -2.599424
290 -2.609737
291 -2.620657
292 -2.632075
293 -2.643903
294 -2.656107
295 -2.668694
296 -2.681685
297 -2.694846
298 -2.698817
299 -2.696233
300 -2.693704
301 -2.691595
302 -2.690169
303 -2.689764
304 -2.690814
305 -2.693793
306 -2.699112
307 -2.706992
308 -2.717300
309 -2.729209
310 -2.740524
311 -2.748510
312 -2.753398
313 -2.756606
314 -2.758822
315 -2.760333
316 -2.761308
317 -2.761880
318 -2.762162
319 -2.762231
320 -2.762231
321 -2.762034
322 -2.761166
323 -2.759113
324 -2.755263
325 -2.749008
326 -2.739804
327 -2.727908
328 -2.715182
329 -2.703238
330 -2.692140
331 -2.681465
332 -2.671120
333 -2.657723
334 -2.630206
335 -2.603836
336 -2.581847
337 -2.576522
338 -2.584973
339 -2.584846
340 -2.575517
341 -2.585981
342 -2.605786
343 -2.626001
344 -2.646405
345 -2.667155
346 -2.677861
347 -2.654095
348 -2.623090
349 -2.586360
350 -2.545704
351 -2.505355
352 -2.492630
353 -2.481777
354 -2.457745
355 -2.448666
356 -2.450359
357 -2.456709
358 -2.465231
359 -2.474789
360 -2.484473
361 -2.491887
362 -2.483927
363 -2.472257
364 -2.461216
365 -2.442090
366 -2.423466
367 -2.407435
368 -2.394339
369 -2.384145
370 -2.376908
371 -2.372851
372 -2.372047
373 -2.373966
374 -2.377915
375 -2.384689
376 -2.394861
377 -2.407973
378 -2.423796
379 -2.442498
380 -2.463824
381 -2.486714
382 -2.509946
383 -2.533011
384 -2.556262
385 -2.580258
386 -2.605226
387 -2.631053
388 -2.657336
389 -2.683194
390 -2.707066
391 -2.727675
392 -2.744866
393 -2.758479
394 -2.768166
395 -2.773917
396 -2.776353
397 -2.776635
398 -2.776091
399 -2.775765
400 -2.775765
401 -2.775825
402 -2.775991
403 -2.776251
404 -2.776584
405 -2.776960
406 -2.777345
407 -2.777699
408 -2.777977
409 -2.778131
410 -2.778114
411 -2.777878
412 -2.777376
413 -2.776568
414 -2.775418
415 -2.773893
416 -2.771971
417 -2.769632
418 -2.766864
419 -2.763658
420 -2.760006
421 -2.755901
422 -2.751333
423 -2.746285
424 -2.740730
425 -2.734629
426 -2.727923
427 -2.720539
428 -2.712393
429 -2.703410
430 -2.693550
431 -2.682837
432 -2.671354
433 -2.659216
434 -2.646545
435 -2.633444
436 -2.620000
437 -2.606275
438 -2.592321
439 -2.578177
440 -2.563874
441 -2.549439
442 -2.534897
443 -2.520269
444 -2.505579
445 -2.490847
446 -2.476093
447 -2.461337
448 -2.446596
449 -2.431882
450 -2.417198
451 -2.402535
452 -2.387854
453 -2.373066
454 -2.357985
455 -2.342297
456 -2.325632
457 -2.307863
458 -2.289304
459 -2.270661
460 -2.253764
461 -2.244095
462 -2.240327
463 -2.237874
464 -2.235596
465 -2.227281
466 -2.216318
467 -2.205588
468 -2.195146
469 -2.185011
470 -2.175208
471 -2.165765
472 -2.156730
473 -2.148165
474 -2.140166
475 -2.132876
476 -2.126520
477 -2.121439
478 -2.118124
479 -2.117075
480 -2.117075
481 -2.117294
482 -2.117956
483 -2.119046
484 -2.120541
485 -2.122410
486 -2.124623
487 -2.127146
488 -2.129950
489 -2.133008
490 -2.136295
491 -2.139787
492 -2.143466
493 -2.147310
494 -2.151304
495 -2.155428
496 -2.159666
497 -2.163998
498 -2.168405
499 -2.172866
500 -2.177356
501 -2.181848
502 -2.186311
503 -2.190711
504 -2.195007
505 -2.199159
506 -2.203125
507 -2.206865
508 -2.210352
509 -2.213582
510 -2.216590
511 -2.219430
512 -2.222169
513 -2.224922
514 -2.227905
515 -2.231518
516 -2.236330
517 -2.242675
518 -2.250252
519 -2.258538
520 -2.267171
521 -2.275948
522 -2.284755
523 -2.293524
524 -2.302215
525 -2.310804
526 -2.319277
527 -2.327631
528 -2.335870
529 -2.344001
530 -2.352036
531 -2.359986
532 -2.367865
533 -2.375686
534 -2.383460
535 -2.391198
536 -2.398909
537 -2.406601
538 -2.414281
539 -2.421953
540 -2.429622
541 -2.437290
542 -2.444958
543 -2.452627
544 -2.460295
545 -2.467962
546 -2.475625
547 -2.483280
548 -2.490924
549 -2.498552
550 -2.506160
551 -2.513741
552 -2.521290
553 -2.528801
554 -2.536266
555 -2.543680
556 -2.551035
557 -2.558324
558 -2.565541
559 -2.572678

0 -2.359772
1 -2.359223
2 -2.357607
3 -2.355195
4 -2.352438
5 -2.349929
6 -2.348324
7 -2.348196
8 -2.349918
9 -2.353624
10 -2.359268
11 -2.366711
12 -2.375789
13 -2.386332
14 -2.398184
15 -2.411201
16 -2.425247
17 -2.440182
18 -2.455847
19 -2.472007
20 -2.488261
21 -2.503784
22 -2.516630
23 -2.522311
24 -2.516719
25 -2.521557
26 -2.536915
27 -2.543619
28 -2.539803
29 -2.531910
30 -2.521551
31 -2.508856
32 -2.493884
33 -2.477028
34 -2.459227
35 -2.441977
36 -2.427038
37 -2.415870
38 -2.409121
39 -2.406626
40 -2.407776
41 -2.411845
42 -2.418155
43 -2.426109
44 -2.435189
45 -2.444933
46 -2.454923
47 -2.464766
48 -2.474044
49 -2.481903
50 -2.479166
51 -2.449817
52 -2.417436
53 -2.389549
54 -2.372752
55 -2.376343
56 -2.386689
57 -2.398921
58 -2.411793
59 -2.424831
60 -2.437789
61 -2.450430
62 -2.462137
63 -2.469629
64 -2.459626
65 -2.437258
66 -2.413772
67 -2.391507
68 -2.371132
69 -2.352905
70 -2.336883
71 -2.322977
72 -2.310976
73 -2.300597
74 -2.291539
75 -2.283536
76 -2.276387
77 -2.269988
78 -2.264428
79 -2.262404
80 -2.262404
81 -2.263974
82 -2.265901
83 -2.267863
84 -2.269798
85 -2.271691
86 -2.273541
87 -2.275360
88 -2.277161
89 -2.278967
90 -2.280807
91 -2.282713
92 -2.284723
93 -2.286876
94 -2.289212
95 -2.291766
96 -2.294565
97 -2.297618
98 -2.300919
99 -2.304434
100 -2.308108
101 -2.311864
102 -2.315606
103 -2.319233
104 -2.322643
105 -2.325746
106 -2.328464
107 -2.330741
108 -2.332541
109 -2.333848
110 -2.334663
111 -2.335001
112 -2.334891
113 -2.334364
114 -2.333461
115 -2.332224
116 -2.330698
117 -2.328928
118 -2.326961
119 -2.324844
120 -2.322625
121 -2.320353
122 -2.318075
123 -2.315842
124 -2.313703
125 -2.311716
126 -2.309957
127 -2.308561
128 -2.307859
129 -2.308582
130 -2.310882
131 -2.313669
132 -2.316279
133 -2.318523
134 -2.320364
135 -2.321821
136 -2.322931
137 -2.323743
138 -2.324309
139 -2.324685
140 -2.324925
141 -2.325085
142 -2.325214
143 -2.325362
144 -2.325575
145 -2.325891
146 -2.326347
147 -2.326970
148 -2.327780
149 -2.328784
150 -2.329971
151 -2.331313
152 -2.332762
153 -2.334251
154 -2.335702
155 -2.337032
156 -2.338161
157 -2.339020
158 -2.339556
159 -2.339737
160 -2.339737
161 -2.339491
162 -2.338731
163 -2.337459
164 -2.335683
165 -2.333416
166 -2.330679
167 -2.327501
168 -2.323924
169 -2.320012
170 -2.315877
171 -2.311817
172 -2.308887
173 -2.307565
174 -2.306722
175 -2.305965
176 -2.305209
177 -2.304429
178 -2.303615
179 -2.302762
180 -2.301870
181 -2.300937
182 -2.299966
183 -2.298957
184 -2.297911
185 -2.296833
186 -2.295723
187 -2.294584
188 -2.293418
189 -2.292228
190 -2.291014
191 -2.289779
192 -2.288521
193 -2.287242
194 -2.285939
195 -2.284613
196 -2.283259
197 -2.281877
198 -2.280463
199 -2.279015
200 -2.277529
201 -2.276005
202 -2.274438
203 -2.272829
204 -2.271177
205 -2.269483
206 -2.267748
207 -2.265973
208 -2.264163
209 -2.262321
210 -2.260451
211 -2.258556
212 -2.256640
213 -2.254706
214 -2.252753
215 -2.250778
216 -2.248769
217 -2.246696
218 -2.244476
219 -2.241826
220 -2.237326
221 -2.225882
222 -2.210226
223 -2.203666
224 -2.199282
225 -2.194383
226 -2.188791
227 -2.182519
228 -2.175678
229 -2.168446
230 -2.161025
231 -2.153617
232 -2.146410
233 -2.139586
234 -2.133322
235 -2.127803
236 -2.123217
237 -2.119748
238 -2.117534
239 -2.116661
240 -2.116661
241 -2.118069
242 -2.121147
243 -2.126190
244 -2.133155
245 -2.142022
246 -2.152817
247 -2.165654
248 -2.180932
249 -2.199549
250 -2.219115
251 -2.232932
252 -2.246011
253 -2.259356
254 -2.272559
255 -2.285486
256 -2.298148
257 -2.310591
258 -2.322855
259 -2.334967
260 -2.346943
261 -2.358788
262 -2.370493
263 -2.382038
264 -2.393385
265 -2.404477
266 -2.415239
267 -2.425578
268 -2.435389
269 -2.444559
270 -2.452980
271 -2.460559
272 -2.467236
273 -2.472999
274 -2.477898
275 -2.482041
276 -2.485552
277 -2.488517
278 -2.490927
279 -2.492746
280 -2.494123
281 -2.495928
282 -2.499942
283 -2.505590
284 -2.511387
285 -2.516593
286 -2.520627
287 -2.522929
288 -2.523072
289 -2.520922
290 -2.516688
291 -2.510866
292 -2.504161
293 -2.497306
294 -2.490625
295 -2.483638
296 -2.475445
297 -2.465381
298 -2.453240
299 -2.439286
300 -2.424221
301 -2.409082
302 -2.394893
303 -2.382221
304 -2.371141
305 -2.361574
306 -2.353511
307 -2.347050
308 -2.342323
309 -2.339378
310 -2.338149
311 -2.338509
312 -2.340281
313 -2.343191
314 -2.346838
315 -2.350727
316 -2.354353
317 -2.357270
318 -2.359144
319 -2.359772
320 -2.359772
321 -2.358509
322 -2.355008
323 -2.350410
324 -2.346550
325 -2.345495
326 -2.348683
327 -2.356395
328 -2.368121
329 -2.383163
330 -2.400907
331 -2.420852
332 -2.442569
333 -2.465640
334 -2.489513
335 -2.513120
336 -2.532945
337 -2.534472
338 -2.517912
339 -2.539474
340 -2.557541
341 -2.545988
342 -2.518978
343 -2.490525
344 -2.466618
345 -2.450925
346 -2.443827
347 -2.443689
348 -2.448532
349 -2.456640
350 -2.466263
351 -2.472880
352 -2.447349
353 -2.407712
354 -2.399922
355 -2.399861
356 -2.404364
357 -2.411573
358 -2.420406
359 -2.430167
360 -2.440175
361 -2.449302
362 -2.453319
363 -2.432744
364 -2.395079
365 -2.358410
366 -2.326913
367 -2.302007
368 -2.283604
369 -2.270414
370 -2.260649
371 -2.252737
372 -2.245715
373 -2.244072
374 -2.248047
375 -2.249367
376 -2.249308
377 -2.250305
378 -2.254732
379 -2.263155
380 -2.273516
381 -2.283013
382 -2.290169
383 -2.294844
384 -2.297488
385 -2.298677
386 -2.298967
387 -2.298863
388 -2.298816
389 -2.299211
390 -2.300347
391 -2.302405
392 -2.305408
393 -2.309291
394 -2.314160
395 -2.320160
396 -2.326917
397 -2.333359
398 -2.338037
399 -2.339737
400 -2.339737
401 -2.339491
402 -2.338731
403 -2.337459
404 -2.335683
405 -2.333416
406 -2.330679
407 -2.327501
408 -2.323924
409 -2.320012
410 -2.315877
411 -2.311817
412 -2.308887
413 -2.307565
414 -2.306722
415 -2.305965
416 -2.305209
417 -2.304429
418 -2.303615
419 -2.302762
420 -2.301870
421 -2.300937
422 -2.299966
423 -2.298957
424 -2.297911
425 -2.296833
426 -2.295723
427 -2.294584
428 -2.293418
429 -2.292228
430 -2.291014
431 -2.289779
432 -2.288521
433 -2.287242
434 -2.285939
435 -2.284613
436 -2.283259
437 -2.281877
438 -2.280463
439 -2.279015
440 -2.277529
441 -2.276005
442 -2.274438
443 -2.272829
444 -2.271177
445 -2.269483
446 -2.267748
447 -2.265973
448 -2.264163
449 -2.262321
450 -2.260451
451 -2.258556
452 -2.256640
453 -2.254706
454 -2.252753
455 -2.250778
456 -2.248769
457 -2.246696
458 -2.244476
459 -2.241826
460 -2.237326
461 -2.225882
462 -2.210226
463 -2.203666
464 -2.199282
465 -2.194383
466 -2.188791
467 -2.182519
468 -2.175678
469 -2.168446
470 -2.161025
471 -2.153617
472 -2.146410
473 -2.139586
474 -2.133322
475 -2.127803
476 -2.123217
477 -2.119748
478 -2.117534
479 -2.116661
480 -2.116661
481 -2.116872
482 -2.117499
483 -2.118528
484 -2.119939
485 -2.121710
486 -2.123817
487 -2.126232
488 -2.128930
489 -2.131887
490 -2.135080
491 -2.138487
492 -2.142089
493 -2.145868
494 -2.149807
495 -2.153890
496 -2.158099
497 -2.162417
498 -2.166827
499 -2.171309
500 -2.175840
501 -2.180394
502 -2.184941
503 -2.189445
504 -2.193865
505 -2.198153
506 -2.202258
507 -2.206128
508 -2.209719
509 -2.212994
510 -2.215917
511 -2.218483
512 -2.220727
513 -2.222699
514 -2.224445
515 -2.226006
516 -2.227415
517 -2.228700
518 -2.229885
519 -2.230987
520 -2.232020
521 -2.232996
522 -2.233926
523 -2.234816
524 -2.235674
525 -2.236505
526 -2.237315
527 -2.238108
528 -2.238888
529 -2.239657
530 -2.240420
531 -2.241179
532 -2.241935
533 -2.242691
534 -2.243449
535 -2.244209
536 -2.244973
537 -2.245741
538 -2.246513
539 -2.247289
540 -2.248069
541 -2.248853
542 -2.249640
543 -2.250428
544 -2.251218
545 -2.252007
546 -2.252794
547 -2.253579
548 -2.254359
549 -2.255134
550 -2.255903
551 -2.256663
552 -2.257416
553 -2.258159
554 -2.258892
555 -2.259615
556 -2.260328
557 -2.261030
558 -2.261722
559 -2.262404

0 -2.288634
1 -2.288513
2 -2.288495
3 -2.288751
4 -2.289436
5 -2.290749
6 -2.292896
7 -2.296083
8 -2.300499
9 -2.306254
10 -2.313362
11 -2.321758
12 -2.331323
13 -2.341910
14 -2.353370
15 -2.365576
16 -2.378438
17 -2.391910
18 -2.405988
19 -2.420691
20 -2.436048
21 -2.452072
22 -2.468733
23 -2.485921
24 -2.503190
25 -2.502212
26 -2.485984
27 -2.468636
28 -2.451013
29 -2.433535
30 -2.416579
31 -2.400608
32 -2.386231
33 -2.374138
34 -2.364687
35 -2.357546
36 -2.352064
37 -2.347801
38 -2.344572
39 -2.342277
40 -2.340794
41 -2.339988
42 -2.339754
43 -2.340051
44 -2.340908
45 -2.342423
46 -2.344735
47 -2.347992
48 -2.352311
49 -2.357743
50 -2.364269
51 -2.371816
52 -2.380258
53 -2.386687
54 -2.359687
55 -2.328471
56 -2.298447
57 -2.270309
58 -2.244643
59 -2.221950
60 -2.202711
61 -2.187716
62 -2.178708
63 -2.176507
64 -2.178251
65 -2.181693
66 -2.186026
67 -2.190938
68 -2.196276
69 -2.201937
70 -2.207841
71 -2.213918
72 -2.220100
73 -2.226323
74 -2.232524
75 -2.238637
76 -2.244591
77 -2.250299
78 -2.255551
79 -2.257586
80 -2.257586
81 -2.255526
82 -2.253187
83 -2.250886
84 -2.248685
85 -2.246602
86 -2.244641
87 -2.242803
88 -2.241086
89 -2.239486
90 -2.238001
91 -2.236627
92 -2.235360
93 -2.234198
94 -2.233138
95 -2.232179
96 -2.231319
97 -2.230558
98 -2.229896
99 -2.229334
100 -2.228876
101 -2.228524
102 -2.228283
103 -2.228158
104 -2.228153
105 -2.228273
106 -2.228520
107 -2.228895
108 -2.229399
109 -2.230027
110 -2.230779
111 -2.231648
112 -2.232634
113 -2.233737
114 -2.234963
115 -2.236331
116 -2.237883
117 -2.239698
118 -2.241931
119 -2.244854
120 -2.248856
121 -2.254214
122 -2.260722
123 -2.267794
124 -2.274890
125 -2.281661
126 -2.287885
127 -2.293364
128 -2.297743
129 -2.300292
130 -2.300873
131 -2.300598
132 -2.300158
133 -2.299774
134 -2.299515
135 -2.299400
136 -2.299428
137 -2.299589
138 -2.299870
139 -2.300255
140 -2.300729
141 -2.301277
142 -2.301887
143 -2.302545
144 -2.303242
145 -2.303968
146 -2.304711
147 -2.305459
148 -2.306198
149 -2.306913
150 -2.307587
151 -2.308206
152 -2.308760
153 -2.309241
154 -2.309646
155 -2.309975
156 -2.310229
157 -2.310409
158 -2.310516
159 -2.310553
160 -2.310553
161 -2.310528
162 -2.310458
163 -2.310344
164 -2.310183
165 -2.309973
166 -2.309713
167 -2.309397
168 -2.309018
169 -2.308557
170 -2.307959
171 -2.306993
172 -2.304684
173 -2.300650
174 -2.296121
175 -2.291601
176 -2.287280
177 -2.283279
178 -2.279670
179 -2.276485
180 -2.273711
181 -2.271307
182 -2.269214
183 -2.267371
184 -2.265723
185 -2.264222
186 -2.262832
187 -2.261522
188 -2.260269
189 -2.259057
190 -2.257872
191 -2.256704
192 -2.255546
193 -2.254392
194 -2.253237
195 -2.252077
196 -2.250909
197 -2.249727
198 -2.248528
199 -2.247307
200 -2.246060
201 -2.244782
202 -2.243470
203 -2.242120
204 -2.240731
205 -2.239301
206 -2.237830
207 -2.236319
208 -2.234770
209 -2.233186
210 -2.231568
211 -2.229917
212 -2.228234
213 -2.226515
214 -2.224755
215 -2.222944
216 -2.221067
217 -2.219102
218 -2.217016
219 -2.214764
220 -2.212272
221 -2.209387
222 -2.204840
223 -2.189968
224 -2.172689
225 -2.155929
226 -2.139991
227 -2.125018
228 -2.111120
229 -2.098394
230 -2.086944
231 -2.076899
232 -2.068454
233 -2.061929
234 -2.057848
235 -2.056663
236 -2.057875
237 -2.060078
238 -2.061970
239 -2.062700
240 -2.062700
241 -2.061206
242 -2.060076
243 -2.063322
244 -2.072040
245 -2.085867
246 -2.103901
247 -2.124985
248 -2.147381
249 -2.167835
250 -2.182327
251 -2.190007
252 -2.193188
253 -2.194157
254 -2.194092
255 -2.193518
256 -2.192685
257 -2.191741
258 -2.190801
259 -2.189977
260 -2.189391
261 -2.189194
262 -2.189626
263 -2.191275
264 -2.196208
265 -2.210040
266 -2.232302
267 -2.256157
268 -2.278754
269 -2.299089
270 -2.316721
271 -2.331475
272 -2.343371
273 -2.353544
274 -2.380223
275 -2.406024
276 -2.428283
277 -2.446625
278 -2.461057
279 -2.472109
280 -2.480547
281 -2.486451
282 -2.488690
283 -2.488107
284 -2.486139
285 -2.483263
286 -2.479654
287 -2.475450
288 -2.470855
289 -2.466303
290 -2.462881
291 -2.462105
292 -2.462474
293 -2.460798
294 -2.455797
295 -2.447787
296 -2.437704
297 -2.426337
298 -2.414110
299 -2.401113
300 -2.387164
301 -2.371945
302 -2.356842
303 -2.348204
304 -2.340280
305 -2.332714
306 -2.325632
307 -2.319175
308 -2.313383
309 -2.308112
310 -2.303196
311 -2.298641
312 -2.294600
313 -2.291311
314 -2.289062
315 -2.287997
316 -2.287815
317 -2.288059
318 -2.288418
319 -2.288634
320 -2.288634
321 -2.288401
322 -2.288464
323 -2.289484
324 -2.292152
325 -2.296889
326 -2.304100
327 -2.314032
328 -2.326459
329 -2.340866
330 -2.356718
331 -2.373637
332 -2.391462
333 -2.410225
334 -2.430035
335 -2.450931
336 -2.472754
337 -2.495133
338 -2.515276
339 -2.492504
340 -2.469222
341 -2.447054
342 -2.427158
343 -2.410736
344 -2.398990
345 -2.392664
346 -2.391053
347 -2.392365
348 -2.394968
349 -2.397708
350 -2.399893
351 -2.401168
352 -2.400993
353 -2.391916
354 -2.348685
355 -2.301823
356 -2.246113
357 -2.187176
358 -2.157694
359 -2.157550
360 -2.158391
361 -2.160149
362 -2.162933
363 -2.166841
364 -2.171892
365 -2.178019
366 -2.185094
367 -2.192964
368 -2.201479
369 -2.210481
370 -2.219747
371 -2.228891
372 -2.237231
373 -2.238952
374 -2.232940
375 -2.227554
376 -2.223029
377 -2.219549
378 -2.217400
379 -2.216888
380 -2.218025
381 -2.220536
382 -2.224068
383 -2.228309
384 -2.233066
385 -2.238356
386 -2.244482
387 -2.251983
388 -2.261131
389 -2.271105
390 -2.280425
391 -2.288199
392 -2.294377
393 -2.299321
394 -2.303263
395 -2.306210
396 -2.308254
397 -2.309574
398 -2.310312
399 -2.310553
400 -2.310553
401 -2.310528
402 -2.310458
403 -2.310344
404 -2.310183
405 -2.309973
406 -2.309713
407 -2.309397
408 -2.309018
409 -2.308557
410 -2.307959
411 -2.306993
412 -2.304684
413 -2.300650
414 -2.296121
415 -2.291601
416 -2.287280
417 -2.283279
418 -2.279670
419 -2.276485
420 -2.273711
421 -2.271307
422 -2.269214
423 -2.267371
424 -2.265723
425 -2.264222
426 -2.262832
427 -2.261522
428 -2.260269
429 -2.259057
430 -2.257872
431 -2.256704
432 -2.255546
433 -2.254392
434 -2.253237
435 -2.252077
436 -2.250909
437 -2.249727
438 -2.248528
439 -2.247307
440 -2.246060
441 -2.244782
442 -2.243470
443 -2.242120
444 -2.240731
445 -2.239301
446 -2.237830
447 -2.236319
448 -2.234770
449 -2.233186
450 -2.231568
451 -2.229917
452 -2.228234
453 -2.226515
454 -2.224755
455 -2.222944
456 -2.221067
457 -2.219102
458 -2.217016
459 -2.214764
460 -2.212272
461 -2.209387
462 -2.204840
463 -2.189968
464 -2.172689
465 -2.155929
466 -2.139991
467 -2.125018
468 -2.111120
469 -2.098394
470 -2.086944
471 -2.076899
472 -2.068454
473 -2.061929
474 -2.057848
475 -2.056663
476 -2.057875
477 -2.060078
478 -2.061970
479 -2.062700
480 -2.062700
481 -2.062661
482 -2.062537
483 -2.062355
484 -2.062154
485 -2.061989
486 -2.061920
487 -2.062013
488 -2.062335
489 -2.062950
490 -2.063917
491 -2.065288
492 -2.067100
493 -2.069380
494 -2.072140
495 -2.075382
496 -2.079100
497 -2.083280
498 -2.087906
499 -2.092957
500 -2.098415
501 -2.104258
502 -2.110466
503 -2.117020
504 -2.123899
505 -2.131081
506 -2.138545
507 -2.146267
508 -2.154219
509 -2.162370
510 -2.170681
511 -2.179098
512 -2.187547
513 -2.195902
514 -2.203943
515 -2.211269
516 -2.217306
517 -2.221715
518 -2.224784
519 -2.227023
520 -2.228782
521 -2.230248
522 -2.231521
523 -2.232660
524 -2.233701
525 -2.234666
526 -2.235571
527 -2.236430
528 -2.237251
529 -2.238042
530 -2.238808
531 -2.239554
532 -2.240285
533 -2.241002
534 -2.241709
535 -2.242409
536 -2.243101
537 -2.243788
538 -2.244471
539 -2.245151
540 -2.245827
541 -2.246499
542 -2.247168
543 -2.247834
544 -2.248495
545 -2.249152
546 -2.249803
547 -2.250449
548 -2.251088
549 -2.251720
550 -2.252344
551 -2.252961
552 -2.253569
553 -2.254168
554 -2.254759
555 -2.255340
556 -2.255914
557 -2.256479
558 -2.257036
559 -2.257586

0 -2.287518
1 -2.286852
2 -2.284737
3 -2.282240
4 -2.282226
5 -2.283487
6 -2.285336
7 -2.287611
8 -2.290123
9 -2.292648
10 -2.294967
11 -2.296886
12 -2.298276
13 -2.299105
14 -2.299463
15 -2.299566
16 -2.299825
17 -2.301299
18 -2.307287
19 -2.318231
20 -2.330357
21 -2.342180
22 -2.353045
23 -2.362479
24 -2.370089
25 -2.375560
26 -2.378679
27 -2.379359
28 -2.377648
29 -2.373712
30 -2.367798
31 -2.360174
32 -2.351076
33 -2.340808
34 -2.330762
35 -2.321806
36 -2.313106
37 -2.304981
38 -2.297851
39 -2.291993
40 -2.287558
41 -2.284604
42 -2.283120
43 -2.283049
44 -2.284289
45 -2.286710
46 -2.290172
47 -2.294548
48 -2.299757
49 -2.305771
50 -2.312577
51 -2.320065
52 -2.327679
53 -2.332904
54 -2.325401
55 -2.300151
56 -2.269425
57 -2.237877
58 -2.206638
59 -2.176416
60 -2.158158
61 -2.157758
62 -2.155307
63 -2.149301
64 -2.142131
65 -2.135524
66 -2.129802
67 -2.124921
68 -2.120816
69 -2.117434
70 -2.114709
71 -2.112554
72 -2.110885
73 -2.109638
74 -2.108785
75 -2.108329
76 -2.108308
77 -2.108781
78 -2.109814
79 -2.111463
80 -2.111463
81 -2.109771
82 -2.108186
83 -2.106671
84 -2.105191
85 -2.103709
86 -2.102196
87 -2.100629
88 -2.098997
89 -2.097309
90 -2.095602
91 -2.093957
92 -2.092529
93 -2.091585
94 -2.091534
95 -2.092855
96 -2.095766
97 -2.099933
98 -2.104691
99 -2.109451
100 -2.113840
101 -2.117663
102 -2.120843
103 -2.123380
104 -2.125323
105 -2.126757
106 -2.127795
107 -2.128584
108 -2.129322
109 -2.130301
110 -2.131979
111 -2.135060
112 -2.140386
113 -2.148352
114 -2.158445
115 -2.169714
116 -2.181350
117 -2.192781
118 -2.203554
119 -2.213207
120 -2.221230
121 -2.227260
122 -2.231448
123 -2.234339
124 -2.236442
125 -2.238076
126 -2.239420
127 -2.240576
128 -2.241606
129 -2.242549
130 -2.243432
131 -2.244275
132 -2.245092
133 -2.245895
134 -2.246690
135 -2.247485
136 -2.248281
137 -2.249083
138 -2.249889
139 -2.250701
140 -2.251517
141 -2.252337
142 -2.253162
143 -2.253995
144 -2.254843
145 -2.255721
146 -2.256666
147 -2.257755
148 -2.259175
149 -2.261340
150 -2.264719
151 -2.269005
152 -2.273417
153 -2.277488
154 -2.281022
155 -2.283943
156 -2.286220
157 -2.287847
158 -2.288822
159 -2.289148
160 -2.289148
161 -2.288800
162 -2.287768
163 -2.286055
164 -2.283671
165 -2.280626
166 -2.276940
167 -2.272649
168 -2.267840
169 -2.262782
170 -2.258393
171 -2.255693
172 -2.253864
173 -2.252156
174 -2.250312
175 -2.248216
176 -2.245790
177 -2.242981
178 -2.239765
179 -2.236150
180 -2.232175
181 -2.227899
182 -2.223386
183 -2.218691
184 -2.213854
185 -2.208897
186 -2.203825
187 -2.198626
188 -2.193280
189 -2.187753
190 -2.182008
191 -2.176001
192 -2.169686
193 -2.163017
194 -2.155943
195 -2.148416
196 -2.140381
197 -2.131784
198 -2.122563
199 -2.112650
200 -2.101968
201 -2.090433
202 -2.077952
203 -2.064433
204 -2.049791
205 -2.033972
206 -2.016983
207 -1.998965
208 -1.980314
209 -1.961907
210 -1.945385
211 -1.933218
212 -1.930451
213 -1.932945
214 -1.936048
215 -1.939426
216 -1.943037
217 -1.946873
218 -1.950933
219 -1.955218
220 -1.959724
221 -1.964443
222 -1.969366
223 -1.974478
224 -1.979759
225 -1.985189
226 -1.990740
227 -1.996383
228 -2.002081
229 -2.007787
230 -2.013434
231 -2.018919
232 -2.024065
233 -2.028544
234 -2.031791
235 -2.033239
236 -2.033144
237 -2.032484
238 -2.031946
239 -2.031761
240 -2.031761
241 -2.031380
242 -2.030765
243 -2.031170
244 -2.032814
245 -2.035094
246 -2.037715
247 -2.040622
248 -2.043778
249 -2.047120
250 -2.050580
251 -2.054103
252 -2.057658
253 -2.061239
254 -2.064856
255 -2.068531
256 -2.072298
257 -2.076213
258 -2.080390
259 -2.085086
260 -2.090967
261 -2.099867
262 -2.115378
263 -2.137813
264 -2.160864
265 -2.175816
266 -2.181709
267 -2.184597
268 -2.187282
269 -2.212226
270 -2.249451
271 -2.285315
272 -2.319237
273 -2.349798
274 -2.358540
275 -2.362618
276 -2.364470
277 -2.364368
278 -2.362547
279 -2.359227
280 -2.354625
281 -2.348974
282 -2.342585
283 -2.336240
284 -2.336572
285 -2.356278
286 -2.378791
287 -2.399295
288 -2.416650
289 -2.430075
290 -2.438353
291 -2.439878
292 -2.435981
293 -2.429638
294 -2.422251
295 -2.414339
296 -2.406142
297 -2.397799
298 -2.389396
299 -2.380988
300 -2.372601
301 -2.364220
302 -2.354330
303 -2.337202
304 -2.320452
305 -2.308737
306 -2.304653
307 -2.302742
308 -2.300239
309 -2.296999
310 -2.293571
311 -2.290472
312 -2.287969
313 -2.286078
314 -2.284596
315 -2.283385
316 -2.283204
317 -2.285153
318 -2.286937
319 -2.287518
320 -2.287518
321 -2.286039
322 -2.282637
323 -2.283352
324 -2.285778
325 -2.288865
326 -2.291922
327 -2.294107
328 -2.294901
329 -2.294324
330 -2.294454
331 -2.308756
332 -2.332196
333 -2.356260
334 -2.378389
335 -2.396728
336 -2.409850
337 -2.416912
338 -2.417739
339 -2.412691
340 -2.402358
341 -2.387274
342 -2.367907
343 -2.353432
344 -2.354084
345 -2.352960
346 -2.350216
347 -2.347655
348 -2.346466
349 -2.346996
350 -2.349032
351 -2.351875
352 -2.354005
353 -2.351348
354 -2.331069
355 -2.283004
356 -2.225817
357 -2.166773
358 -2.140923
359 -2.130644
360 -2.128524
361 -2.127182
362 -2.125277
363 -2.121998
364 -2.116500
365 -2.107777
366 -2.094755
367 -2.076708
368 -2.053765
369 -2.026970
370 -1.997795
371 -1.967673
372 -1.938115
373 -1.933804
374 -1.964177
375 -1.998193
376 -2.032517
377 -2.063405
378 -2.086684
379 -2.099627
380 -2.102959
381 -2.099895
382 -2.094264
383 -2.093297
384 -2.114607
385 -2.147072
386 -2.176354
387 -2.199558
388 -2.216249
389 -2.227576
390 -2.235507
391 -2.241527
392 -2.246380
393 -2.250402
394 -2.253814
395 -2.257100
396 -2.264168
397 -2.277204
398 -2.286119
399 -2.289148
400 -2.289148
401 -2.288800
402 -2.287768
403 -2.286055
404 -2.283671
405 -2.280626
406 -2.276940
407 -2.272649
408 -2.267840
409 -2.262782
410 -2.258393
411 -2.255693
412 -2.253864
413 -2.252156
414 -2.250312
415 -2.248216
416 -2.245790
417 -2.242981
418 -2.239765
419 -2.236150
420 -2.232175
421 -2.227899
422 -2.223386
423 -2.218691
424 -2.213854
425 -2.208897
426 -2.203825
427 -2.198626
428 -2.193280
429 -2.187753
430 -2.182008
431 -2.176001
432 -2.169686
433 -2.163017
434 -2.155943
435 -2.148416
436 -2.140381
437 -2.131784
438 -2.122563
439 -2.112650
440 -2.101968
441 -2.090433
442 -2.077952
443 -2.064433
444 -2.049791
445 -2.033972
446 -2.016983
447 -1.998965
448 -1.980314
449 -1.961907
450 -1.945385
451 -1.933218
452 -1.930451
453 -1.932945
454 -1.936048
455 -1.939426
456 -1.943037
457 -1.946873
458 -1.950933
459 -1.955218
460 -1.959724
461 -1.964443
462 -1.969366
463 -1.974478
464 -1.979759
465 -1.985189
466 -1.990740
467 -1.996383
468 -2.002081
469 -2.007787
470 -2.013434
471 -2.018919
472 -2.024065
473 -2.028544
474 -2.031791
475 -2.033239
476 -2.033144
477 -2.032484
478 -2.031946
479 -2.031761
480 -2.031761
481 -2.031604
482 -2.031147
483 -2.030401
484 -2.029384
485 -2.028118
486 -2.026628
487 -2.024939
488 -2.023076
489 -2.021061
490 -2.018916
491 -2.016659
492 -2.014307
493 -2.011875
494 -2.009375
495 -2.006819
496 -2.004216
497 -2.001576
498 -1.998907
499 -1.996215
500 -1.993507
501 -1.990790
502 -1.988069
503 -1.985350
504 -1.982637
505 -1.979935
506 -1.977249
507 -1.974584
508 -1.971942
509 -1.969328
510 -1.966745
511 -1.964198
512 -1.961689
513 -1.959221
514 -1.956798
515 -1.954422
516 -1.952097
517 -1.949826
518 -1.947612
519 -1.945458
520 -1.943369
521 -1.941348
522 -1.939401
523 -1.937533
524 -1.935751
525 -1.934065
526 -1.932485
527 -1.931025
528 -1.929705
529 -1.928549
530 -1.927594
531 -1.926889
532 -1.926509
533 -1.926562
534 -1.927211
535 -1.928694
536 -1.931331
537 -1.935468
538 -1.941324
539 -1.948813
540 -1.957564
541 -1.967112
542 -1.977060
543 -1.987126
544 -1.997123
545 -2.006934
546 -2.016483
547 -2.025728
548 -2.034641
549 -2.043212
550 -2.051437
551 -2.059319
552 -2.066867
553 -2.074092
554 -2.081006
555 -2.087625
556 -2.093964
557 -2.100039
558 -2.105867
559 -2.111463

0 -2.279369
1 -2.279442
2 -2.279621
3 -2.279095
4 -2.275483
5 -2.270498
6 -2.265228
7 -2.260022
8 -2.255163
9 -2.251055
10 -2.248231
11 -2.247240
12 -2.248521
13 -2.252313
14 -2.258591
15 -2.267046
16 -2.277062
17 -2.287313
18 -2.294223
19 -2.297078
20 -2.299386
21 -2.302331
22 -2.306212
23 -2.311061
24 -2.316728
25 -2.322907
26 -2.329156
27 -2.334945
28 -2.339729
29 -2.343028
30 -2.344484
31 -2.343852
32 -2.340929
33 -2.335394
34 -2.326061
35 -2.312778
36 -2.297330
37 -2.280345
38 -2.262505
39 -2.244796
40 -2.228223
41 -2.213562
42 -2.201270
43 -2.191481
44 -2.184023
45 -2.178511
46 -2.174460
47 -2.171398
48 -2.168931
49 -2.166773
50 -2.164760
51 -2.162833
52 -2.161010
53 -2.159354
54 -2.157942
55 -2.156849
56 -2.156140
57 -2.155854
58 -2.155982
59 -2.156311
60 -2.146815
61 -2.127202
62 -2.119779
63 -2.114919
64 -2.109944
65 -2.104391
66 -2.098043
67 -2.090631
68 -2.081815
69 -2.071287
70 -2.058872
71 -2.044578
72 -2.028585
73 -2.011197
74 -1.992783
75 -1.973721
76 -1.954360
77 -1.935007
78 -1.915952
79 -1.898007
80 -1.898007
81 -1.906026
82 -1.915891
83 -1.926360
84 -1.937319
85 -1.948664
86 -1.960291
87 -1.972089
88 -1.983934
89 -1.995682
90 -2.007166
91 -2.018172
92 -2.028422
93 -2.037532
94 -2.044980
95 -2.050197
96 -2.052889
97 -2.053342
98 -2.052203
99 -2.050082
100 -2.047419
101 -2.044524
102 -2.041655
103 -2.039078
104 -2.037159
105 -2.036495
106 -2.038060
107 -2.042983
108 -2.051425
109 -2.062105
110 -2.073338
111 -2.083617
112 -2.091642
113 -2.096740
114 -2.099232
115 -2.099916
116 -2.099448
117 -2.098229
118 -2.096483
119 -2.094331
120 -2.091841
121 -2.089052
122 -2.085990
123 -2.082678
124 -2.079148
125 -2.075463
126 -2.071758
127 -2.068384
128 -2.066454
129 -2.068851
130 -2.076393
131 -2.086029
132 -2.096275
133 -2.106702
134 -2.117152
135 -2.127548
136 -2.137844
137 -2.148006
138 -2.158009
139 -2.167833
140 -2.177461
141 -2.186881
142 -2.196082
143 -2.205051
144 -2.213765
145 -2.222179
146 -2.230212
147 -2.237719
148 -2.244440
149 -2.249881
150 -2.253501
151 -2.255544
152 -2.256745
153 -2.257542
154 -2.258114
155 -2.258535
156 -2.258841
157 -2.259049
158 -2.259170
159 -2.259209
160 -2.259209
161 -2.259163
162 -2.259030
163 -2.258805
164 -2.258484
165 -2.258056
166 -2.257505
167 -2.256796
168 -2.255839
169 -2.254360
170 -2.251429
171 -2.246009
172 -2.238893
173 -2.230798
174 -2.221937
175 -2.212382
176 -2.202164
177 -2.191303
178 -2.179816
179 -2.167720
180 -2.155035
181 -2.141783
182 -2.127988
183 -2.113681
184 -2.098889
185 -2.083647
186 -2.067988
187 -2.051950
188 -2.035572
189 -2.018896
190 -2.001970
191 -1.984852
192 -1.967625
193 -1.950442
194 -1.933686
195 -1.918646
196 -1.908673
197 -1.904547
198 -1.903319
199 -1.903355
200 -1.904049
201 -1.905154
202 -1.906547
203 -1.908161
204 -1.909955
205 -1.911901
206 -1.913982
207 -1.916184
208 -1.918498
209 -1.920907
210 -1.923349
211 -1.925348
212 -1.922809
213 -1.919075
214 -1.917471
215 -1.917391
216 -1.918343
217 -1.920039
218 -1.922312
219 -1.925058
220 -1.928203
221 -1.931695
222 -1.935489
223 -1.939544
224 -1.943820
225 -1.948280
226 -1.952882
227 -1.957581
228 -1.962330
229 -1.967076
230 -1.971755
231 -1.976295
232 -1.980607
233 -1.984588
234 -1.988119
235 -1.991080
236 -1.993376
237 -1.994967
238 -1.995881
239 -1.996175
240 -1.996175
241 -1.995342
242 -1.991881
243 -1.984426
244 -1.973521
245 -1.960772
246 -1.947380
247 -1.934011
248 -1.921026
249 -1.908638
250 -1.897003
251 -1.886268
252 -1.876633
253 -1.868449
254 -1.862576
255 -1.862053
256 -1.877168
257 -1.910111
258 -1.947414
259 -1.983773
260 -2.017423
261 -2.046308
262 -2.066719
263 -2.077842
264 -2.083904
265 -2.088245
266 -2.098525
267 -2.133104
268 -2.171778
269 -2.187431
270 -2.189536
271 -2.191454
272 -2.193466
273 -2.195669
274 -2.198168
275 -2.201132
276 -2.204849
277 -2.209796
278 -2.216685
279 -2.226420
280 -2.239852
281 -2.257346
282 -2.278406
283 -2.301324
284 -2.318160
285 -2.314873
286 -2.306882
287 -2.298147
288 -2.289209
289 -2.280307
290 -2.271655
291 -2.263524
292 -2.256309
293 -2.250566
294 -2.246962
295 -2.246025
296 -2.247806
297 -2.251822
298 -2.257361
299 -2.263755
300 -2.270455
301 -2.277002
302 -2.282954
303 -2.287760
304 -2.290306
305 -2.287401
306 -2.277524
307 -2.267116
308 -2.259760
309 -2.256169
310 -2.255926
311 -2.258150
312 -2.261937
313 -2.266572
314 -2.271494
315 -2.276122
316 -2.279326
317 -2.279776
318 -2.279490
319 -2.279369
320 -2.279369
321 -2.279615
322 -2.279282
323 -2.273427
324 -2.265868
325 -2.258720
326 -2.253166
327 -2.251110
328 -2.254835
329 -2.265438
330 -2.280502
331 -2.285188
332 -2.283004
333 -2.281214
334 -2.281339
335 -2.284191
336 -2.290061
337 -2.298633
338 -2.309018
339 -2.320002
340 -2.330396
341 -2.339284
342 -2.345822
343 -2.340279
344 -2.312260
345 -2.280617
346 -2.250076
347 -2.224056
348 -2.204024
349 -2.189663
350 -2.179783
351 -2.173083
352 -2.168476
353 -2.165147
354 -2.162561
355 -2.160450
356 -2.158728
357 -2.156758
358 -2.107654
359 -2.053261
360 -1.999007
361 -1.954279
362 -1.924045
363 -1.904890
364 -1.892185
365 -1.883289
366 -1.876821
367 -1.872255
368 -1.869805
369 -1.870424
370 -1.875749
371 -1.887490
372 -1.906116
373 -1.907504
374 -1.882126
375 -1.861970
376 -1.855094
377 -1.862061
378 -1.877022
379 -1.899164
380 -1.929414
381 -1.967531
382 -2.009727
383 -2.046036
384 -2.055997
385 -2.049058
386 -2.038864
387 -2.028284
388 -2.020145
389 -2.042440
390 -2.078398
391 -2.114696
392 -2.149835
393 -2.182781
394 -2.212586
395 -2.237903
396 -2.253907
397 -2.257660
398 -2.258865
399 -2.259209
400 -2.259209
401 -2.259163
402 -2.259030
403 -2.258805
404 -2.258484
405 -2.258056
406 -2.257505
407 -2.256796
408 -2.255839
409 -2.254360
410 -2.251429
411 -2.246009
412 -2.238893
413 -2.230798
414 -2.221937
415 -2.212382
416 -2.202164
417 -2.191303
418 -2.179816
419 -2.167720
420 -2.155035
421 -2.141783
422 -2.127988
423 -2.113681
424 -2.098889
425 -2.083647
426 -2.067988
427 -2.051950
428 -2.035572
429 -2.018896
430 -2.001970
431 -1.984852
432 -1.967625
433 -1.950442
434 -1.933686
435 -1.918646
436 -1.908673
437 -1.904547
438 -1.903319
439 -1.903355
440 -1.904049
441 -1.905154
442 -1.906547
443 -1.908161
444 -1.909955
445 -1.911901
446 -1.913982
447 -1.916184
448 -1.918498
449 -1.920907
450 -1.923349
451 -1.925348
452 -1.922809
453 -1.919075
454 -1.917471
455 -1.917391
456 -1.918343
457 -1.920039
458 -1.922312
459 -1.925058
460 -1.928203
461 -1.931695
462 -1.935489
463 -1.939544
464 -1.943820
465 -1.948280
466 -1.952882
467 -1.957581
468 -1.962330
469 -1.967076
470 -1.971755
471 -1.976295
472 -1.980607
473 -1.984588
474 -1.988119
475 -1.991080
476 -1.993376
477 -1.994967
478 -1.995881
479 -1.996175
480 -1.996175
481 -1.996220
482 -1.996348
483 -1.996547
484 -1.996800
485 -1.997083
486 -1.997365
487 -1.997609
488 -1.997776
489 -1.997825
490 -1.997718
491 -1.997423
492 -1.996915
493 -1.996182
494 -1.995220
495 -1.994035
496 -1.992643
497 -1.991059
498 -1.989307
499 -1.987406
500 -1.985378
501 -1.983243
502 -1.981019
503 -1.978722
504 -1.976369
505 -1.973971
506 -1.971541
507 -1.969089
508 -1.966624
509 -1.964155
510 -1.961690
511 -1.959234
512 -1.956793
513 -1.954372
514 -1.951976
515 -1.949608
516 -1.947272
517 -1.944970
518 -1.942706
519 -1.940482
520 -1.938299
521 -1.936160
522 -1.934065
523 -1.932018
524 -1.930019
525 -1.928069
526 -1.926170
527 -1.924324
528 -1.922531
529 -1.920793
530 -1.919111
531 -1.917487
532 -1.915920
533 -1.914414
534 -1.912968
535 -1.911584
536 -1.910262
537 -1.909004
538 -1.907809
539 -1.906678
540 -1.905611
541 -1.904609
542 -1.903670
543 -1.902796
544 -1.901986
545 -1.901239
546 -1.900556
547 -1.899935
548 -1.899377
549 -1.898882
550 -1.898451
551 -1.898084
552 -1.897783
553 -1.897551
554 -1.897393
555 -1.897313
556 -1.897320
557 -1.897426
558 -1.897648
559 -1.898007

0 -2.248667
1 -2.248477
2 -2.247905
3 -2.246709
4 -2.244496
5 -2.240806
6 -2.235282
7 -2.227832
8 -2.218609
9 -2.207879
10 -2.195948
11 -2.183138
12 -2.169775
13 -2.156170
14 -2.142595
15 -2.129269
16 -2.116354
17 -2.103951
18 -2.092109
19 -2.080826
20 -2.070060
21 -2.059727
22 -2.049713
23 -2.039872
24 -2.030029
25 -2.019991
26 -2.009558
27 -1.998558
28 -1.986942
29 -1.975573
30 -1.977723
31 -1.996988
32 -2.019031
33 -2.040948
34 -2.061134
35 -2.078496
36 -2.092364
37 -2.102458
38 -2.108847
39 -2.111871
40 -2.112001
41 -2.109709
42 -2.105402
43 -2.099447
44 -2.092309
45 -2.102411
46 -2.114566
47 -2.122678
48 -2.127694
49 -2.130447
50 -2.131625
51 -2.131763
52 -2.131260
53 -2.130404
54 -2.129387
55 -2.128310
56 -2.127190
57 -2.125960
58 -2.124454
59 -2.122331
60 -2.118463
61 -2.106490
62 -2.082106
63 -2.055319
64 -2.028889
65 -2.003377
66 -1.979062
67 -1.956186
68 -1.934996
69 -1.915739
70 -1.898649
71 -1.883940
72 -1.871819
73 -1.862552
74 -1.856611
75 -1.854853
76 -1.858277
77 -1.867010
78 -1.880172
79 -1.896338
80 -1.896338
81 -1.888380
82 -1.879502
83 -1.870909
84 -1.862728
85 -1.855139
86 -1.848413
87 -1.842919
88 -1.839069
89 -1.837134
90 -1.837122
91 -1.838854
92 -1.842126
93 -1.846786
94 -1.852732
95 -1.859893
96 -1.868204
97 -1.877602
98 -1.888011
99 -1.899340
100 -1.911474
101 -1.924270
102 -1.937537
103 -1.951012
104 -1.964291
105 -1.976709
106 -1.987190
107 -1.994468
108 -1.998186
109 -1.999332
110 -1.999120
111 -1.998339
112 -1.997421
113 -1.996613
114 -1.996067
115 -1.995881
116 -1.996130
117 -1.996868
118 -1.998138
119 -1.999973
120 -2.002400
121 -2.005439
122 -2.009107
123 -2.013419
124 -2.018409
125 -2.024170
126 -2.030991
127 -2.039164
128 -2.047600
129 -2.054479
130 -2.061220
131 -2.069189
132 -2.077932
133 -2.087175
134 -2.096787
135 -2.106678
136 -2.116774
137 -2.126999
138 -2.137276
139 -2.147521
140 -2.157644
141 -2.167547
142 -2.177126
143 -2.186275
144 -2.194895
145 -2.202900
146 -2.210229
147 -2.216847
148 -2.222743
149 -2.227928
150 -2.232426
151 -2.236275
152 -2.239519
153 -2.242205
154 -2.244383
155 -2.246098
156 -2.247391
157 -2.248293
158 -2.248826
159 -2.249004
160 -2.249004
161 -2.248665
162 -2.247665
163 -2.246008
164 -2.243696
165 -2.240733
166 -2.237121
167 -2.232865
168 -2.227970
169 -2.222439
170 -2.216280
171 -2.209500
172 -2.202108
173 -2.194111
174 -2.185521
175 -2.176348
176 -2.166603
177 -2.156298
178 -2.145448
179 -2.134066
180 -2.122170
181 -2.109776
182 -2.096906
183 -2.083582
184 -2.069830
185 -2.055678
186 -2.041157
187 -2.026305
188 -2.011161
189 -1.995776
190 -1.980211
191 -1.964553
192 -1.948942
193 -1.933633
194 -1.919126
195 -1.906043
196 -1.894179
197 -1.887211
198 -1.884722
199 -1.883435
200 -1.882620
201 -1.882063
202 -1.881655
203 -1.881312
204 -1.880947
205 -1.880446
206 -1.879643
207 -1.878261
208 -1.875799
209 -1.871335
210 -1.863281
211 -1.849708
212 -1.829794
213 -1.804534
214 -1.775500
215 -1.743929
216 -1.710674
217 -1.676355
218 -1.641465
219 -1.606413
220 -1.571552
221 -1.537192
222 -1.503600
223 -1.471013
224 -1.439639
225 -1.409668
226 -1.381283
227 -1.354671
228 -1.330048
229 -1.307665
230 -1.287761
231 -1.270357
232 -1.255154
233 -1.241798
234 -1.230136
235 -1.220207
236 -1.212164
237 -1.206210
238 -1.202541
239 -1.201300
240 -1.201300
241 -1.205552
242 -1.221166
243 -1.250285
244 -1.287837
245 -1.330150
246 -1.375439
247 -1.422634
248 -1.470967
249 -1.519844
250 -1.568817
251 -1.617555
252 -1.665769
253 -1.713032
254 -1.758333
255 -1.798353
256 -1.822452
257 -1.828159
258 -1.829028
259 -1.831776
260 -1.845333
261 -1.878181
262 -1.918922
263 -1.961299
264 -2.003751
265 -2.045201
266 -2.078628
267 -2.085630
268 -2.085635
269 -2.083532
270 -2.079584
271 -2.073661
272 -2.065552
273 -2.055023
274 -2.041860
275 -2.025899
276 -2.007117
277 -1.986594
278 -1.986747
279 -1.997884
280 -2.005454
281 -2.007841
282 -2.004961
283 -2.004561
284 -2.021721
285 -2.042557
286 -2.063542
287 -2.083780
288 -2.102668
289 -2.119741
290 -2.134663
291 -2.147215
292 -2.157250
293 -2.164621
294 -2.169175
295 -2.170921
296 -2.170300
297 -2.168187
298 -2.165570
299 -2.163269
300 -2.161871
301 -2.161749
302 -2.163112
303 -2.166029
304 -2.170453
305 -2.176238
306 -2.183156
307 -2.190914
308 -2.199184
309 -2.207624
310 -2.215898
311 -2.223670
312 -2.230600
313 -2.236393
314 -2.240888
315 -2.244127
316 -2.246305
317 -2.247663
318 -2.248407
319 -2.248667
320 -2.248667
321 -2.248249
322 -2.246827
323 -2.243564
324 -2.237379
325 -2.227784
326 -2.215323
327 -2.200905
328 -2.185421
329 -2.169769
330 -2.154763
331 -2.140978
332 -2.128667
333 -2.117724
334 -2.107699
335 -2.097838
336 -2.087169
337 -2.074631
338 -2.059241
339 -2.040298
340 -2.017583
341 -1.991652
342 -1.976903
343 -2.011390
344 -2.038826
345 -2.055733
346 -2.062284
347 -2.059890
348 -2.050829
349 -2.045083
350 -2.074724
351 -2.095132
352 -2.108243
353 -2.115984
354 -2.120045
355 -2.121718
356 -2.121695
357 -2.119106
358 -2.099606
359 -2.044095
360 -1.988639
361 -1.938981
362 -1.898388
363 -1.871123
364 -1.854014
365 -1.841863
366 -1.832634
367 -1.825977
368 -1.821924
369 -1.820294
370 -1.820377
371 -1.821180
372 -1.822198
373 -1.823564
374 -1.825332
375 -1.825834
376 -1.818848
377 -1.805152
378 -1.791994
379 -1.782072
380 -1.778963
381 -1.798457
382 -1.829473
383 -1.858736
384 -1.886645
385 -1.914648
386 -1.943758
387 -1.974501
388 -2.006771
389 -2.032404
390 -2.066592
391 -2.101070
392 -2.133970
393 -2.164323
394 -2.190979
395 -2.212869
396 -2.229383
397 -2.240567
398 -2.246935
399 -2.249004
400 -2.249004
401 -2.248665
402 -2.247665
403 -2.246008
404 -2.243696
405 -2.240733
406 -2.237121
407 -2.232865
408 -2.227970
409 -2.222439
410 -2.216280
411 -2.209500
412 -2.202108
413 -2.194111
414 -2.185521
415 -2.176348
416 -2.166603
417 -2.156298
418 -2.145448
419 -2.134066
420 -2.122170
421 -2.109776
422 -2.096906
423 -2.083582
424 -2.069830
425 -2.055678
426 -2.041157
427 -2.026305
428 -2.011161
429 -1.995776
430 -1.980211
431 -1.964553
432 -1.948942
433 -1.933633
434 -1.919126
435 -1.906043
436 -1.894179
437 -1.887211
438 -1.884722
439 -1.883435
440 -1.882620
441 -1.882063
442 -1.881655
443 -1.881312
444 -1.880947
445 -1.880446
446 -1.879643
447 -1.878261
448 -1.875799
449 -1.871335
450 -1.863281
451 -1.849708
452 -1.829794
453 -1.804534
454 -1.775500
455 -1.743929
456 -1.710674
457 -1.676355
458 -1.641465
459 -1.606413
460 -1.571552
461 -1.537192
462 -1.503600
463 -1.471013
464 -1.439639
465 -1.409668
466 -1.381283
467 -1.354671
468 -1.330048
469 -1.307665
470 -1.287761
471 -1.270357
472 -1.255154
473 -1.241798
474 -1.230136
475 -1.220207
476 -1.212164
477 -1.206210
478 -1.202541
479 -1.201300
480 -1.201300
481 -1.201635
482 -1.202635
483 -1.204291
484 -1.206587
485 -1.209504
486 -1.213017
487 -1.217100
488 -1.221726
489 -1.226870
490 -1.232508
491 -1.238619
492 -1.245188
493 -1.252207
494 -1.259675
495 -1.267597
496 -1.275987
497 -1.284864
498 -1.294250
499 -1.304169
500 -1.314637
501 -1.325662
502 -1.337243
503 -1.349367
504 -1.362013
505 -1.375156
506 -1.388766
507 -1.402813
508 -1.417268
509 -1.432101
510 -1.447286
511 -1.462795
512 -1.478603
513 -1.494684
514 -1.511014
515 -1.527568
516 -1.544320
517 -1.561245
518 -1.578316
519 -1.595504
520 -1.612782
521 -1.630118
522 -1.647480
523 -1.664833
524 -1.682142
525 -1.699367
526 -1.716466
527 -1.733394
528 -1.750098
529 -1.766521
530 -1.782595
531 -1.798239
532 -1.813347
533 -1.827780
534 -1.841346
535 -1.853782
536 -1.864743
537 -1.873860
538 -1.880896
539 -1.885919
540 -1.889288
541 -1.891458
542 -1.892819
543 -1.893652
544 -1.894143
545 -1.894414
546 -1.894546
547 -1.894592
548 -1.894591
549 -1.894568
550 -1.894543
551 -1.894532
552 -1.894546
553 -1.894596
554 -1.894693
555 -1.894848
556 -1.895073
557 -1.895382
558 -1.895795
559 -1.896338

0 -1.930796
1 -1.930915
2 -1.932574
3 -1.935754
4 -1.940239
5 -1.945958
6 -1.952789
7 -1.960516
8 -1.968808
9 -1.977214
10 -1.985182
11 -1.992110
12 -1.997428
13 -2.000701
14 -2.001708
15 -2.000463
16 -1.997170
17 -1.992147
18 -1.985752
19 -1.978346
20 -1.970285
21 -1.961935
22 -1.953700
23 -1.946063
24 -1.939626
25 -1.935156
26 -1.933600
27 -1.936002
28 -1.943170
29 -1.954470
30 -1.955962
31 -1.942584
32 -1.926905
33 -1.910252
34 -1.893091
35 -1.875855
36 -1.859005
37 -1.843155
38 -1.843722
39 -1.898275
40 -1.949335
41 -1.994013
42 -2.031514
43 -2.061714
44 -2.084947
45 -2.083968
46 -2.075281
47 -2.066234
48 -2.056953
49 -2.047448
50 -2.037659
51 -2.027490
52 -2.016837
53 -2.005607
54 -1.993736
55 -1.981196
56 -1.968006
57 -1.954235
58 -1.940003
59 -1.925481
60 -1.910881
61 -1.896446
62 -1.882433
63 -1.869095
64 -1.856667
65 -1.845354
66 -1.835325
67 -1.826713
68 -1.819626
69 -1.814155
70 -1.810380
71 -1.808367
72 -1.808135
73 -1.809559
74 -1.812207
75 -1.815147
76 -1.817236
77 -1.818157
78 -1.818640
79 -1.820440
80 -1.820440
81 -1.818310
82 -1.816475
83 -1.814731
84 -1.813017
85 -1.811268
86 -1.809364
87 -1.807135
88 -1.804482
89 -1.801655
90 -1.799363
91 -1.798131
92 -1.797901
93 -1.798459
94 -1.799666
95 -1.801443
96 -1.803739
97 -1.806520
98 -1.809754
99 -1.813415
100 -1.817479
101 -1.821921
102 -1.826722
103 -1.831863
104 -1.837326
105 -1.843101
106 -1.849175
107 -1.855543
108 -1.862200
109 -1.869143
110 -1.876373
111 -1.883889
112 -1.891694
113 -1.899787
114 -1.908168
115 -1.916834
116 -1.925778
117 -1.934991
118 -1.944459
119 -1.954166
120 -1.964087
121 -1.974192
122 -1.984444
123 -1.994786
124 -2.005128
125 -2.015283
126 -2.024790
127 -2.032969
128 -2.039761
129 -2.044069
130 -2.043625
131 -2.040080
132 -2.035343
133 -2.030088
134 -2.024571
135 -2.018921
136 -2.013218
137 -2.007524
138 -2.001888
139 -1.996352
140 -1.990955
141 -1.985730
142 -1.980708
143 -1.975922
144 -1.971400
145 -1.967174
146 -1.963277
147 -1.959746
148 -1.956620
149 -1.953943
150 -1.951757
151 -1.950096
152 -1.948968
153 -1.948340
154 -1.948130
155 -1.948216
156 -1.948459
157 -1.948732
158 -1.948935
159 -1.949007
160 -1.949007
161 -1.948894
162 -1.948556
163 -1.948001
164 -1.947239
165 -1.946285
166 -1.945154
167 -1.943865
168 -1.942433
169 -1.940875
170 -1.939205
171 -1.937435
172 -1.935574
173 -1.933627
174 -1.931599
175 -1.929492
176 -1.927306
177 -1.925042
178 -1.922701
179 -1.920286
180 -1.917802
181 -1.915255
182 -1.912657
183 -1.910020
184 -1.907362
185 -1.904702
186 -1.902062
187 -1.899468
188 -1.896956
189 -1.894640
190 -1.893057
191 -1.892161
192 -1.891347
193 -1.890364
194 -1.888876
195 -1.886390
196 -1.881827
197 -1.870555
198 -1.854149
199 -1.836417
200 -1.818208
201 -1.799746
202 -1.781120
203 -1.762372
204 -1.743530
205 -1.724616
206 -1.705655
207 -1.686684
208 -1.667761
209 -1.648970
210 -1.630344
211 -1.611821
212 -1.593322
213 -1.574808
214 -1.556273
215 -1.537728
216 -1.519193
217 -1.500692
218 -1.482247
219 -1.463881
220 -1.445617
221 -1.427475
222 -1.409474
223 -1.391635
224 -1.373981
225 -1.356532
226 -1.339305
227 -1.322310
228 -1.305530
229 -1.288916
230 -1.272436
231 -1.256263
232 -1.240876
233 -1.226805
234 -1.214416
235 -1.203949
236 -1.195587
237 -1.189486
238 -1.185770
239 -1.184521
240 -1.184521
241 -1.189880
242 -1.202941
243 -1.218516
244 -1.237286
245 -1.259949
246 -1.286445
247 -1.316486
248 -1.349663
249 -1.385459
250 -1.423232
251 -1.462203
252 -1.501477
253 -1.540134
254 -1.577385
255 -1.612883
256 -1.648363
257 -1.688857
258 -1.731161
259 -1.771403
260 -1.801405
261 -1.812897
262 -1.817316
263 -1.820875
264 -1.824958
265 -1.829965
266 -1.836021
267 -1.843159
268 -1.851388
269 -1.860718
270 -1.871150
271 -1.882683
272 -1.895301
273 -1.908968
274 -1.923594
275 -1.938968
276 -1.954618
277 -1.968775
278 -1.958095
279 -1.932018
280 -1.939317
281 -1.956987
282 -1.975288
283 -1.986032
284 -1.974133
285 -1.953662
286 -1.928562
287 -1.900641
288 -1.872343
289 -1.847259
290 -1.829487
291 -1.821330
292 -1.821910
293 -1.828829
294 -1.840001
295 -1.854040
296 -1.870036
297 -1.887322
298 -1.905349
299 -1.923623
300 -1.941686
301 -1.959090
302 -1.975377
303 -1.990053
304 -2.002555
305 -2.012238
306 -2.018410
307 -2.020482
308 -2.018215
309 -2.011943
310 -2.002558
311 -1.991253
312 -1.979209
313 -1.967415
314 -1.956606
315 -1.947296
316 -1.939816
317 -1.934377
318 -1.931181
319 -1.930796
320 -1.930796
321 -1.931828
322 -1.937146
323 -1.945970
324 -1.957832
325 -1.971793
326 -1.986181
327 -1.998570
328 -2.006265
329 -2.007341
330 -2.001484
331 -1.989689
332 -1.973346
333 -1.953668
334 -1.931627
335 -1.908120
336 -1.884259
337 -1.861990
338 -1.846207
339 -1.849870
340 -1.882352
341 -1.927620
342 -1.957878
343 -1.930306
344 -1.900145
345 -1.871723
346 -1.890602
347 -1.952661
348 -2.004563
349 -2.037636
350 -2.022648
351 -2.007402
352 -1.992876
353 -1.979514
354 -1.967383
355 -1.956252
356 -1.945639
357 -1.934834
358 -1.922901
359 -1.908599
360 -1.890085
361 -1.864985
362 -1.832796
363 -1.794812
364 -1.753823
365 -1.713848
366 -1.677551
367 -1.646860
368 -1.623957
369 -1.607746
370 -1.595214
371 -1.585303
372 -1.577942
373 -1.575665
374 -1.583259
375 -1.595458
376 -1.611641
377 -1.631192
378 -1.661351
379 -1.703547
380 -1.742553
381 -1.757369
382 -1.762670
383 -1.795342
384 -1.830503
385 -1.867883
386 -1.906881
387 -1.946421
388 -1.983651
389 -1.997956
390 -1.989914
391 -1.980030
392 -1.970472
393 -1.961835
394 -1.954603
395 -1.949355
396 -1.946745
397 -1.946856
398 -1.948267
399 -1.949007
400 -1.949007
401 -1.948894
402 -1.948556
403 -1.948001
404 -1.947239
405 -1.946285
406 -1.945154
407 -1.943865
408 -1.942433
409 -1.940875
410 -1.939205
411 -1.937435
412 -1.935574
413 -1.933627
414 -1.931599
415 -1.929492
416 -1.927306
417 -1.925042
418 -1.922701
419 -1.920286
420 -1.917802
421 -1.915255
422 -1.912657
423 -1.910020
424 -1.907362
425 -1.904702
426 -1.902062
427 -1.899468
428 -1.896956
429 -1.894640
430 -1.893057
431 -1.892161
432 -1.891347
433 -1.890364
434 -1.888876
435 -1.886390
436 -1.881827
437 -1.870555
438 -1.854149
439 -1.836417
440 -1.818208
441 -1.799746
442 -1.781120
443 -1.762372
444 -1.743530
445 -1.724616
446 -1.705655
447 -1.686684
448 -1.667761
449 -1.648970
450 -1.630344
451 -1.611821
452 -1.593322
453 -1.574808
454 -1.556273
455 -1.537728
456 -1.519193
457 -1.500692
458 -1.482247
459 -1.463881
460 -1.445617
461 -1.427475
462 -1.409474
463 -1.391635
464 -1.373981
465 -1.356532
466 -1.339305
467 -1.322310
468 -1.305530
469 -1.288916
470 -1.272436
471 -1.256263
472 -1.240876
473 -1.226805
474 -1.214416
475 -1.203949
476 -1.195587
477 -1.189486
478 -1.185770
479 -1.184521
480 -1.184521
481 -1.184876
482 -1.185928
483 -1.187662
484 -1.190050
485 -1.193058
486 -1.196645
487 -1.200767
488 -1.205379
489 -1.210436
490 -1.215896
491 -1.221717
492 -1.227861
493 -1.234294
494 -1.240983
495 -1.247901
496 -1.255021
497 -1.262321
498 -1.269782
499 -1.277386
500 -1.285117
501 -1.292963
502 -1.300912
503 -1.308954
504 -1.317082
505 -1.325289
506 -1.333569
507 -1.341918
508 -1.350332
509 -1.358809
510 -1.367347
511 -1.375944
512 -1.384599
513 -1.393312
514 -1.402082
515 -1.410909
516 -1.419792
517 -1.428731
518 -1.437726
519 -1.446775
520 -1.455878
521 -1.465033
522 -1.474240
523 -1.483495
524 -1.492798
525 -1.502145
526 -1.511534
527 -1.520962
528 -1.530426
529 -1.539921
530 -1.549444
531 -1.558992
532 -1.568559
533 -1.578143
534 -1.587739
535 -1.597343
536 -1.606950
537 -1.616557
538 -1.626159
539 -1.635753
540 -1.645335
541 -1.654902
542 -1.664451
543 -1.673977
544 -1.683477
545 -1.692950
546 -1.702392
547 -1.711800
548 -1.721170
549 -1.730501
550 -1.739788
551 -1.749028
552 -1.758216
553 -1.767348
554 -1.776417
555 -1.785415
556 -1.794333
557 -1.803156
558 -1.811866
559 -1.820440

0 -1.929704
1 -1.929992
2 -1.929520
3 -1.928270
4 -1.926371
5 -1.923745
6 -1.920278
7 -1.915846
8 -1.910332
9 -1.903646
10 -1.895742
11 -1.886623
12 -1.876347
13 -1.865022
14 -1.852784
15 -1.839782
16 -1.826158
17 -1.812020
18 -1.797433
19 -1.782413
20 -1.766929
21 -1.750919
22 -1.734316
23 -1.717088
24 -1.699297
25 -1.681281
26 -1.665053
27 -1.665076
28 -1.676249
29 -1.684841
30 -1.688670
31 -1.687360
32 -1.681115
33 -1.670175
34 -1.654683
35 -1.667209
36 -1.722117
37 -1.781342
38 -1.825235
39 -1.813543
40 -1.801956
41 -1.792204
42 -1.784489
43 -1.778876
44 -1.775347
45 -1.773811
46 -1.774107
47 -1.775994
48 -1.779161
49 -1.783231
50 -1.787792
51 -1.792424
52 -1.796740
53 -1.800417
54 -1.803213
55 -1.804972
56 -1.805621
57 -1.805158
58 -1.803649
59 -1.801224
60 -1.798083
61 -1.794482
62 -1.790721
63 -1.787105
64 -1.783916
65 -1.781379
66 -1.779647
67 -1.778804
68 -1.778869
69 -1.779811
70 -1.781564
71 -1.784037
72 -1.787126
73 -1.790727
74 -1.794761
75 -1.799168
76 -1.803885
77 -1.808822
78 -1.813788
79 -1.817556
80 -1.817556
81 -1.814135
82 -1.810567
83 -1.807148
84 -1.803976
85 -1.801086
86 -1.798479
87 -1.796096
88 -1.793771
89 -1.791111
90 -1.787526
91 -1.782779
92 -1.777223
93 -1.771295
94 -1.765282
95 -1.759358
96 -1.753628
97 -1.748160
98 -1.742996
99 -1.738165
100 -1.733684
101 -1.729563
102 -1.725807
103 -1.722418
104 -1.719395
105 -1.716738
106 -1.714445
107 -1.712518
108 -1.710959
109 -1.709771
110 -1.708960
111 -1.708535
112 -1.708505
113 -1.708880
114 -1.709672
115 -1.710891
116 -1.712548
117 -1.714650
118 -1.717201
119 -1.720202
120 -1.723651
121 -1.727539
122 -1.731853
123 -1.736575
124 -1.741682
125 -1.747148
126 -1.752941
127 -1.759027
128 -1.765371
129 -1.771936
130 -1.778684
131 -1.785578
132 -1.792584
133 -1.799667
134 -1.806795
135 -1.813938
136 -1.821069
137 -1.828163
138 -1.835192
139 -1.842135
140 -1.848965
141 -1.855659
142 -1.862187
143 -1.868520
144 -1.874624
145 -1.880458
146 -1.885980
147 -1.891136
148 -1.895869
149 -1.900114
150 -1.903809
151 -1.906897
152 -1.909347
153 -1.911171
154 -1.912429
155 -1.913228
156 -1.913689
157 -1.913928
158 -1.914034
159 -1.914063
160 -1.914063
161 -1.914003
162 -1.913832
163 -1.913554
164 -1.913178
165 -1.912715
166 -1.912175
167 -1.911572
168 -1.910919
169 -1.910228
170 -1.909509
171 -1.908772
172 -1.908021
173 -1.907261
174 -1.906493
175 -1.905716
176 -1.904926
177 -1.904120
178 -1.903293
179 -1.902443
180 -1.901565
181 -1.900662
182 -1.899734
183 -1.898789
184 -1.897835
185 -1.896883
186 -1.895945
187 -1.895030
188 -1.894132
189 -1.893159
190 -1.891575
191 -1.889386
192 -1.887069
193 -1.884552
194 -1.881361
195 -1.876133
196 -1.866842
197 -1.853685
198 -1.838460
199 -1.822264
200 -1.805562
201 -1.788555
202 -1.771338
203 -1.753959
204 -1.736437
205 -1.718779
206 -1.700975
207 -1.683000
208 -1.664802
209 -1.646309
210 -1.627495
211 -1.608438
212 -1.589233
213 -1.569938
214 -1.550585
215 -1.531192
216 -1.511776
217 -1.492351
218 -1.472938
219 -1.453561
220 -1.434250
221 -1.415038
222 -1.395962
223 -1.377058
224 -1.358365
225 -1.339918
226 -1.321751
227 -1.303895
228 -1.286382
229 -1.269250
230 -1.252559
231 -1.236415
232 -1.220990
233 -1.206529
234 -1.193322
235 -1.181694
236 -1.172003
237 -1.164647
238 -1.160023
239 -1.158441
240 -1.158441
241 -1.163400
242 -1.175229
243 -1.191060
244 -1.210634
245 -1.233824
246 -1.260292
247 -1.289686
248 -1.321723
249 -1.356169
250 -1.392797
251 -1.431352
252 -1.471538
253 -1.513017
254 -1.555385
255 -1.597979
256 -1.638286
257 -1.670656
258 -1.697568
259 -1.721015
260 -1.741379
261 -1.758837
262 -1.773565
263 -1.785787
264 -1.795800
265 -1.803985
266 -1.810785
267 -1.816666
268 -1.822060
269 -1.827342
270 -1.832829
271 -1.838783
272 -1.845412
273 -1.852879
274 -1.861320
275 -1.870855
276 -1.881599
277 -1.893658
278 -1.907088
279 -1.920987
280 -1.899884
281 -1.867459
282 -1.833252
283 -1.798093
284 -1.762854
285 -1.728522
286 -1.696188
287 -1.667045
288 -1.642764
289 -1.627754
290 -1.613611
291 -1.594953
292 -1.590168
293 -1.590953
294 -1.596192
295 -1.605160
296 -1.617138
297 -1.631470
298 -1.647597
299 -1.665069
300 -1.683534
301 -1.702713
302 -1.722372
303 -1.742291
304 -1.762248
305 -1.782002
306 -1.801293
307 -1.819850
308 -1.837409
309 -1.853733
310 -1.868627
311 -1.881955
312 -1.893641
313 -1.903661
314 -1.912031
315 -1.918788
316 -1.923978
317 -1.927637
318 -1.929708
319 -1.929704
320 -1.929704
321 -1.929585
322 -1.926890
323 -1.922079
324 -1.914905
325 -1.905014
326 -1.892095
327 -1.876017
328 -1.856927
329 -1.835262
330 -1.811642
331 -1.786712
332 -1.760968
333 -1.734681
334 -1.707956
335 -1.681049
336 -1.656320
337 -1.669092
338 -1.704278
339 -1.727452
340 -1.723271
341 -1.701314
342 -1.670633
343 -1.682384
344 -1.748555
345 -1.820006
346 -1.845184
347 -1.823984
348 -1.807160
349 -1.794978
350 -1.787188
351 -1.783366
352 -1.783009
353 -1.785532
354 -1.790232
355 -1.796275
356 -1.802748
357 -1.808722
358 -1.813269
359 -1.815321
360 -1.813263
361 -1.804128
362 -1.783823
363 -1.753073
364 -1.719206
365 -1.687714
366 -1.660444
367 -1.637052
368 -1.615624
369 -1.596898
370 -1.583279
371 -1.575268
372 -1.572743
373 -1.573596
374 -1.574186
375 -1.581492
376 -1.597860
377 -1.624670
378 -1.653261
379 -1.677687
380 -1.703998
381 -1.732228
382 -1.757238
383 -1.757196
384 -1.759180
385 -1.763867
386 -1.771541
387 -1.782160
388 -1.795329
389 -1.810354
390 -1.826400
391 -1.842671
392 -1.858533
393 -1.873500
394 -1.887090
395 -1.898603
396 -1.907051
397 -1.911805
398 -1.913654
399 -1.914063
400 -1.914063
401 -1.914003
402 -1.913832
403 -1.913554
404 -1.913178
405 -1.912715
406 -1.912175
407 -1.911572
408 -1.910919
409 -1.910228
410 -1.909509
411 -1.908772
412 -1.908021
413 -1.907261
414 -1.906493
415 -1.905716
416 -1.904926
417 -1.904120
418 -1.903293
419 -1.902443
420 -1.901565
421 -1.900662
422 -1.899734
423 -1.898789
424 -1.897835
425 -1.896883
426 -1.895945
427 -1.895030
428 -1.894132
429 -1.893159
430 -1.891575
431 -1.889386
432 -1.887069
433 -1.884552
434 -1.881361
435 -1.876133
436 -1.866842
437 -1.853685
438 -1.838460
439 -1.822264
440 -1.805562
441 -1.788555
442 -1.771338
443 -1.753959
444 -1.736437
445 -1.718779
446 -1.700975
447 -1.683000
448 -1.664802
449 -1.646309
450 -1.627495
451 -1.608438
452 -1.589233
453 -1.569938
454 -1.550585
455 -1.531192
456 -1.511776
457 -1.492351
458 -1.472938
459 -1.453561
460 -1.434250
461 -1.415038
462 -1.395962
463 -1.377058
464 -1.358365
465 -1.339918
466 -1.321751
467 -1.303895
468 -1.286382
469 -1.269250
470 -1.252559
471 -1.236415
472 -1.220990
473 -1.206529
474 -1.193322
475 -1.181694
476 -1.172003
477 -1.164647
478 -1.160023
479 -1.158441
480 -1.158441
481 -1.158809
482 -1.159912
483 -1.161738
484 -1.164270
485 -1.167486
486 -1.171361
487 -1.175866
488 -1.180972
489 -1.186648
490 -1.192860
491 -1.199574
492 -1.206751
493 -1.214352
494 -1.222328
495 -1.230630
496 -1.239202
497 -1.247985
498 -1.256920
499 -1.265948
500 -1.275020
501 -1.284098
502 -1.293155
503 -1.302175
504 -1.311156
505 -1.320098
506 -1.329009
507 -1.337896
508 -1.346769
509 -1.355637
510 -1.364509
511 -1.373390
512 -1.382287
513 -1.391207
514 -1.400153
515 -1.409130
516 -1.418141
517 -1.427188
518 -1.436274
519 -1.445401
520 -1.454568
521 -1.463776
522 -1.473025
523 -1.482315
524 -1.491644
525 -1.501011
526 -1.510414
527 -1.519849
528 -1.529315
529 -1.538808
530 -1.548325
531 -1.557862
532 -1.567416
533 -1.576982
534 -1.586556
535 -1.596135
536 -1.605715
537 -1.615290
538 -1.624859
539 -1.634416
540 -1.643959
541 -1.653483
542 -1.662985
543 -1.672462
544 -1.681911
545 -1.691329
546 -1.700713
547 -1.710058
548 -1.719364
549 -1.728625
550 -1.737839
551 -1.747001
552 -1.756106
553 -1.765149
554 -1.774123
555 -1.783020
556 -1.791828
557 -1.800534
558 -1.809118
559 -1.817556

0 -1.463254
1 -1.463544
2 -1.464412
3 -1.465822
4 -1.467717
5 -1.470036
6 -1.472716
7 -1.475708
8 -1.478984
9 -1.482542
10 -1.486403
11 -1.490613
12 -1.495237
13 -1.500351
14 -1.506037
15 -1.512376
16 -1.519446
17 -1.527321
18 -1.536072
19 -1.545770
20 -1.556494
21 -1.568329
22 -1.581352
23 -1.595592
24 -1.610931
25 -1.626823
26 -1.640758
27 -1.637407
28 -1.620800
29 -1.603980
30 -1.589585
31 -1.580108
32 -1.579243
33 -1.591781
34 -1.621034
35 -1.632696
36 -1.606203
37 -1.572865
38 -1.532484
39 -1.485267
40 -1.432376
41 -1.376043
42 -1.318755
43 -1.261489
44 -1.203243
45 -1.142347
46 -1.077456
47 -1.008411
48 -0.977930
49 -0.982076
50 -0.985434
51 -0.987392
52 -0.987961
53 -0.987208
54 -0.985193
55 -0.981952
56 -0.977503
57 -0.971852
58 -0.964999
59 -0.956943
60 -0.947688
61 -0.937236
62 -0.925589
63 -0.912739
64 -0.898671
65 -0.883359
66 -0.866769
67 -0.848870
68 -0.829643
69 -0.809089
70 -0.787241
71 -0.764164
72 -0.739958
73 -0.714744
74 -0.688659
75 -0.661837
76 -0.634401
77 -0.606453
78 -0.578078
79 -0.549497
80 -0.549497
81 -0.564709
82 -0.580538
83 -0.596829
84 -0.613500
85 -0.630456
86 -0.647594
87 -0.664797
88 -0.681942
89 -0.698898
90 -0.715531
91 -0.731705
92 -0.747285
93 -0.762143
94 -0.776158
95 -0.789220
96 -0.801236
97 -0.812126
98 -0.821828
99 -0.830299
100 -0.837513
101 -0.843458
102 -0.848142
103 -0.851581
104 -0.853807
105 -0.854859
106 -0.854785
107 -0.853636
108 -0.851469
109 -0.848344
110 -0.844319
111 -0.839454
112 -0.833807
113 -0.827435
114 -0.820393
115 -0.812734
116 -0.804510
117 -0.795770
118 -0.786562
119 -0.776935
120 -0.766938
121 -0.756621
122 -0.746036
123 -0.735240
124 -0.724301
125 -0.713302
126 -0.702374
127 -0.691786
128 -0.682436
129 -0.680448
130 -0.710682
131 -0.756737
132 -0.803860
133 -0.850181
134 -0.895251
135 -0.938878
136 -0.980949
137 -1.021386
138 -1.060134
139 -1.097156
140 -1.132427
141 -1.165933
142 -1.197672
143 -1.227646
144 -1.255863
145 -1.282332
146 -1.307062
147 -1.330058
148 -1.351323
149 -1.370853
150 -1.388636
151 -1.404656
152 -1.418891
153 -1.431314
154 -1.441896
155 -1.450605
156 -1.457413
157 -1.462296
158 -1.465232
159 -1.466212
160 -1.466212
161 -1.464759
162 -1.460392
163 -1.453129
164 -1.442995
165 -1.430028
166 -1.414270
167 -1.395768
168 -1.374575
169 -1.350741
170 -1.324318
171 -1.295356
172 -1.263903
173 -1.230008
174 -1.193719
175 -1.155084
176 -1.114156
177 -1.070995
178 -1.025665
179 -0.978240
180 -0.928805
181 -0.877458
182 -0.824308
183 -0.769485
184 -0.713155
185 -0.655565
186 -0.597266
187 -0.540604
188 -0.503919
189 -0.505709
190 -0.508752
191 -0.512142
192 -0.515889
193 -0.520010
194 -0.524521
195 -0.529433
196 -0.534754
197 -0.540485
198 -0.546624
199 -0.553163
200 -0.560092
201 -0.567396
202 -0.575061
203 -0.583070
204 -0.591405
205 -0.600051
206 -0.608992
207 -0.618217
208 -0.627714
209 -0.637474
210 -0.647492
211 -0.657762
212 -0.668284
213 -0.679054
214 -0.690073
215 -0.701338
216 -0.712848
217 -0.724598
218 -0.736582
219 -0.748791
220 -0.761210
221 -0.773823
222 -0.786608
223 -0.799538
224 -0.812580
225 -0.825695
226 -0.838835
227 -0.851943
228 -0.864948
229 -0.877768
230 -0.890300
231 -0.902420
232 -0.913978
233 -0.924794
234 -0.934652
235 -0.943303
236 -0.950470
237 -0.955871
238 -0.959271
239 -0.960477
240 -0.960477
241 -0.959165
242 -0.955642
243 -0.950265
244 -0.943583
245 -0.936125
246 -0.928335
247 -0.920547
248 -0.912992
249 -0.905818
250 -0.899105
251 -0.892880
252 -0.887130
253 -0.881814
254 -0.876869
255 -0.872216
256 -0.867765
257 -0.863422
258 -0.859091
259 -0.854677
260 -0.850092
261 -0.845255
262 -0.840096
263 -0.834556
264 -0.828587
265 -0.822150
266 -0.815216
267 -0.807759
268 -0.799767
269 -0.791255
270 -0.782342
271 -0.773663
272 -0.771649
273 -0.838041
274 -0.937331
275 -1.033387
276 -1.123125
277 -1.205393
278 -1.279540
279 -1.345290
280 -1.402724
281 -1.452240
282 -1.494466
283 -1.530134
284 -1.559949
285 -1.584434
286 -1.603755
287 -1.617441
288 -1.623636
289 -1.616595
290 -1.603068
291 -1.589017
292 -1.560445
293 -1.531857
294 -1.509064
295 -1.493929
296 -1.485227
297 -1.480692
298 -1.478438
299 -1.477297
300 -1.476660
301 -1.476250
302 -1.475961
303 -1.475751
304 -1.475589
305 -1.475428
306 -1.475208
307 -1.474862
308 -1.474328
309 -1.473569
310 -1.472575
311 -1.471372
312 -1.470014
313 -1.468583
314 -1.467172
315 -1.465874
316 -1.464774
317 -1.463941
318 -1.463425
319 -1.463254
320 -1.463254
321 -1.464000
322 -1.466196
323 -1.469676
324 -1.474212
325 -1.479583
326 -1.485643
327 -1.492377
328 -1.499916
329 -1.508516
330 -1.518506
331 -1.530237
332 -1.544054
333 -1.560339
334 -1.579618
335 -1.602601
336 -1.628521
337 -1.623706
338 -1.601729
339 -1.585580
340 -1.581038
341 -1.593792
342 -1.627105
343 -1.629434
344 -1.580123
345 -1.516438
346 -1.435249
347 -1.334275
348 -1.213016
349 -1.072945
350 -0.923105
351 -0.906569
352 -0.924343
353 -0.939864
354 -0.952503
355 -0.962432
356 -0.969904
357 -0.975103
358 -0.978106
359 -0.978894
360 -0.977370
361 -0.973363
362 -0.966624
363 -0.956822
364 -0.943547
365 -0.926367
366 -0.904922
367 -0.879046
368 -0.848858
369 -0.814761
370 -0.777359
371 -0.737337
372 -0.695391
373 -0.681329
374 -0.726796
375 -0.771782
376 -0.812169
377 -0.843884
378 -0.863962
379 -0.871357
380 -0.866919
381 -0.852673
382 -0.831013
383 -0.804194
384 -0.774119
385 -0.742312
386 -0.709978
387 -0.678105
388 -0.647646
389 -0.621654
390 -0.717422
391 -0.866385
392 -1.001757
393 -1.121195
394 -1.223751
395 -1.309009
396 -1.376608
397 -1.425921
398 -1.456061
399 -1.466212
400 -1.466212
401 -1.464759
402 -1.460392
403 -1.453129
404 -1.442995
405 -1.430028
406 -1.414270
407 -1.395768
408 -1.374575
409 -1.350741
410 -1.324318
411 -1.295356
412 -1.263903
413 -1.230008
414 -1.193719
415 -1.155084
416 -1.114156
417 -1.070995
418 -1.025665
419 -0.978240
420 -0.928805
421 -0.877458
422 -0.824308
423 -0.769485
424 -0.713155
425 -0.655565
426 -0.597266
427 -0.540604
428 -0.503919
429 -0.505709
430 -0.508752
431 -0.512142
432 -0.515889
433 -0.520010
434 -0.524521
435 -0.529433
436 -0.534754
437 -0.540485
438 -0.546624
439 -0.553163
440 -0.560092
441 -0.567396
442 -0.575061
443 -0.583070
444 -0.591405
445 -0.600051
446 -0.608992
447 -0.618217
448 -0.627714
449 -0.637474
450 -0.647492
451 -0.657762
452 -0.668284
453 -0.679054
454 -0.690073
455 -0.701338
456 -0.712848
457 -0.724598
458 -0.736582
459 -0.748791
460 -0.761210
461 -0.773823
462 -0.786608
463 -0.799538
464 -0.812580
465 -0.825695
466 -0.838835
467 -0.851943
468 -0.864948
469 -0.877768
470 -0.890300
471 -0.902420
472 -0.913978
473 -0.924794
474 -0.934652
475 -0.943303
476 -0.950470
477 -0.955871
478 -0.959271
479 -0.960477
480 -0.960477
481 -0.960177
482 -0.959277
483 -0.957795
484 -0.955754
485 -0.953190
486 -0.950139
487 -0.946643
488 -0.942743
489 -0.938479
490 -0.933888
491 -0.929006
492 -0.923864
493 -0.918493
494 -0.912917
495 -0.907161
496 -0.901244
497 -0.895184
498 -0.888994
499 -0.882688
500 -0.876278
501 -0.869778
502 -0.863197
503 -0.856547
504 -0.849838
505 -0.843080
506 -0.836282
507 -0.829453
508 -0.822603
509 -0.815740
510 -0.808874
511 -0.802012
512 -0.795165
513 -0.788338
514 -0.781541
515 -0.774781
516 -0.768065
517 -0.761400
518 -0.754792
519 -0.748247
520 -0.741769
521 -0.735364
522 -0.729035
523 -0.722785
524 -0.716618
525 -0.710537
526 -0.704542
527 -0.698632
528 -0.692808
529 -0.687069
530 -0.681413
531 -0.675841
532 -0.670349
533 -0.664936
534 -0.659600
535 -0.654340
536 -0.649153
537 -0.644037
538 -0.638991
539 -0.634013
540 -0.629103
541 -0.624258
542 -0.619479
543 -0.614765
544 -0.610117
545 -0.605535
546 -0.601022
547 -0.596578
548 -0.592207
549 -0.587910
550 -0.583689
551 -0.579545
552 -0.575481
553 -0.571499
554 -0.567603
555 -0.563795
556 -0.560078
557 -0.556454
558 -0.552926
559 -0.549497

0 -0.468880
1 -0.469151
2 -0.470186
3 -0.472442
4 -0.475852
5 -0.480319
6 -0.485778
7 -0.492134
8 -0.499246
9 -0.506937
10 -0.515010
11 -0.523272
12 -0.531545
13 -0.539679
14 -0.547553
15 -0.555074
16 -0.562173
17 -0.568820
18 -0.575106
19 -0.581797
20 -0.603930
21 -0.712738
22 -0.828982
23 -0.936502
24 -1.033655
25 -1.119518
26 -1.193536
27 -1.255644
28 -1.306356
29 -1.346664
30 -1.377785
31 -1.400854
32 -1.416724
33 -1.425904
34 -1.428624
35 -1.424959
36 -1.414905
37 -1.398385
38 -1.375173
39 -1.344734
40 -1.305968
41 -1.257110
42 -1.196494
43 -1.124330
44 -1.043908
45 -0.972507
46 -0.962692
47 -0.967922
48 -0.928698
49 -0.847088
50 -0.758069
51 -0.662250
52 -0.559875
53 -0.538229
54 -0.533461
55 -0.527743
56 -0.521067
57 -0.513487
58 -0.505106
59 -0.496056
60 -0.486504
61 -0.476645
62 -0.466706
63 -0.456949
64 -0.447667
65 -0.439176
66 -0.431813
67 -0.425914
68 -0.421803
69 -0.419781
70 -0.420112
71 -0.423016
72 -0.428668
73 -0.437195
74 -0.448675
75 -0.463140
76 -0.480569
77 -0.500878
78 -0.523911
79 -0.549265
80 -0.549265
81 -0.536542
82 -0.523626
83 -0.510614
84 -0.497522
85 -0.484368
86 -0.471174
87 -0.457967
88 -0.444774
89 -0.431629
90 -0.418565
91 -0.405621
92 -0.392836
93 -0.380252
94 -0.367912
95 -0.355859
96 -0.344135
97 -0.332784
98 -0.321848
99 -0.311369
100 -0.301388
101 -0.291946
102 -0.283082
103 -0.274838
104 -0.267253
105 -0.260368
106 -0.254223
107 -0.248855
108 -0.244303
109 -0.240601
110 -0.237777
111 -0.235855
112 -0.234852
113 -0.234772
114 -0.235612
115 -0.237355
116 -0.239974
117 -0.243434
118 -0.247692
119 -0.252707
120 -0.258460
121 -0.265101
122 -0.276226
123 -0.324761
124 -0.381063
125 -0.436760
126 -0.491431
127 -0.544756
128 -0.595814
129 -0.638457
130 -0.647791
131 -0.640181
132 -0.630337
133 -0.620084
134 -0.609828
135 -0.599720
136 -0.589839
137 -0.580231
138 -0.570932
139 -0.561967
140 -0.553356
141 -0.545115
142 -0.537261
143 -0.529804
144 -0.522759
145 -0.516137
146 -0.509953
147 -0.504222
148 -0.498963
149 -0.494200
150 -0.489960
151 -0.486281
152 -0.483205
153 -0.480770
154 -0.478993
155 -0.477834
156 -0.477176
157 -0.476859
158 -0.476734
159 -0.476703
160 -0.476703
161 -0.476730
162 -0.476811
163 -0.476947
164 -0.477140
165 -0.477391
166 -0.477701
167 -0.478071
168 -0.478501
169 -0.478993
170 -0.479545
171 -0.480156
172 -0.480826
173 -0.481554
174 -0.482339
175 -0.483182
176 -0.484084
177 -0.485049
178 -0.486082
179 -0.487189
180 -0.488380
181 -0.489666
182 -0.491062
183 -0.492583
184 -0.494250
185 -0.496084
186 -0.498105
187 -0.500326
188 -0.501800
189 -0.496918
190 -0.497958
191 -0.500506
192 -0.503791
193 -0.507616
194 -0.511919
195 -0.516673
196 -0.521869
197 -0.527498
198 -0.533552
199 -0.540019
200 -0.546887
201 -0.554140
202 -0.561760
203 -0.569729
204 -0.578028
205 -0.586640
206 -0.595548
207 -0.604739
208 -0.614203
209 -0.623931
210 -0.633920
211 -0.644166
212 -0.654669
213 -0.665432
214 -0.676456
215 -0.687743
216 -0.699294
217 -0.711109
218 -0.723185
219 -0.735515
220 -0.748090
221 -0.760895
222 -0.773912
223 -0.787115
224 -0.800476
225 -0.813957
226 -0.827517
227 -0.841103
228 -0.854657
229 -0.868107
230 -0.881368
231 -0.894331
232 -0.906861
233 -0.918780
234 -0.929856
235 -0.939790
236 -0.948211
237 -0.954685
238 -0.958759
239 -0.960110
240 -0.960110
241 -0.952293
242 -0.931566
243 -0.903266
244 -0.871155
245 -0.837355
246 -0.803073
247 -0.769059
248 -0.735816
249 -0.703695
250 -0.672936
251 -0.643693
252 -0.616049
253 -0.590038
254 -0.565656
255 -0.542881
256 -0.521688
257 -0.502061
258 -0.484007
259 -0.467560
260 -0.452782
261 -0.439755
262 -0.428571
263 -0.419320
264 -0.412077
265 -0.406897
266 -0.403805
267 -0.402819
268 -0.404008
269 -0.408883
270 -0.493499
271 -0.606845
272 -0.709791
273 -0.739408
274 -0.730196
275 -0.717289
276 -0.702864
277 -0.687348
278 -0.670948
279 -0.653860
280 -0.636400
281 -0.620577
282 -0.670977
283 -0.747177
284 -0.817878
285 -0.882437
286 -0.940767
287 -0.992735
288 -1.037961
289 -1.075651
290 -1.104384
291 -1.121863
292 -1.124763
293 -1.109183
294 -1.072221
295 -1.013774
296 -0.936380
297 -0.843542
298 -0.739677
299 -0.659741
300 -0.647093
301 -0.640199
302 -0.632704
303 -0.624037
304 -0.614141
305 -0.603096
306 -0.591057
307 -0.578227
308 -0.564858
309 -0.551245
310 -0.537714
311 -0.524611
312 -0.512282
313 -0.501052
314 -0.491198
315 -0.482936
316 -0.476421
317 -0.471759
318 -0.469186
319 -0.468880
320 -0.468880
321 -0.469643
322 -0.473738
323 -0.480928
324 -0.490900
325 -0.503238
326 -0.517272
327 -0.532178
328 -0.547143
329 -0.561489
330 -0.574725
331 -0.586544
332 -0.596955
333 -0.609376
334 -0.730714
335 -0.897400
336 -1.040553
337 -1.155454
338 -1.240053
339 -1.295852
340 -1.327346
341 -1.339317
342 -1.334929
343 -1.315676
344 -1.282098
345 -1.234444
346 -1.172987
347 -1.098089
348 -1.010314
349 -0.912652
350 -0.873715
351 -0.739983
352 -0.565067
353 -0.505957
354 -0.506503
355 -0.508900
356 -0.511699
357 -0.514135
358 -0.515776
359 -0.516487
360 -0.516366
361 -0.515649
362 -0.514639
363 -0.513678
364 -0.513203
365 -0.513834
366 -0.516450
367 -0.522211
368 -0.532465
369 -0.548552
370 -0.571503
371 -0.601737
372 -0.638821
373 -0.652251
374 -0.608747
375 -0.565875
376 -0.524766
377 -0.486567
378 -0.452251
379 -0.422467
380 -0.397500
381 -0.377371
382 -0.362014
383 -0.351429
384 -0.345715
385 -0.344947
386 -0.348991
387 -0.357481
388 -0.383943
389 -0.547700
390 -0.587667
391 -0.564354
392 -0.542647
393 -0.523552
394 -0.507341
395 -0.494253
396 -0.484645
397 -0.479003
398 -0.477001
399 -0.476703
400 -0.476703
401 -0.476730
402 -0.476811
403 -0.476947
404 -0.477140
405 -0.477391
406 -0.477701
407 -0.478071
408 -0.478501
409 -0.478993
410 -0.479545
411 -0.480156
412 -0.480826
413 -0.481554
414 -0.482339
415 -0.483182
416 -0.484084
417 -0.485049
418 -0.486082
419 -0.487189
420 -0.488380
421 -0.489666
422 -0.491062
423 -0.492583
424 -0.494250
425 -0.496084
426 -0.498105
427 -0.500326
428 -0.501800
429 -0.496918
430 -0.497958
431 -0.500506
432 -0.503791
433 -0.507616
434 -0.511919
435 -0.516673
436 -0.521869
437 -0.527498
438 -0.533552
439 -0.540019
440 -0.546887
441 -0.554140
442 -0.561760
443 -0.569729
444 -0.578028
445 -0.586640
446 -0.595548
447 -0.604739
448 -0.614203
449 -0.623931
450 -0.633920
451 -0.644166
452 -0.654669
453 -0.665432
454 -0.676456
455 -0.687743
456 -0.699294
457 -0.711109
458 -0.723185
459 -0.735515
460 -0.748090
461 -0.760895
462 -0.773912
463 -0.787115
464 -0.800476
465 -0.813957
466 -0.827517
467 -0.841103
468 -0.854657
469 -0.868107
470 -0.881368
471 -0.894331
472 -0.906861
473 -0.918780
474 -0.929856
475 -0.939790
476 -0.948211
477 -0.954685
478 -0.958759
479 -0.960110
480 -0.960110
481 -0.959808
482 -0.958916
483 -0.957449
484 -0.955431
485 -0.952895
486 -0.949876
487 -0.946414
488 -0.942548
489 -0.938316
490 -0.933756
491 -0.928902
492 -0.923786
493 -0.918435
494 -0.912873
495 -0.907124
496 -0.901206
497 -0.895139
498 -0.888941
499 -0.882627
500 -0.876211
501 -0.869705
502 -0.863120
503 -0.856467
504 -0.849756
505 -0.842996
506 -0.836197
507 -0.829368
508 -0.822519
509 -0.815658
510 -0.808793
511 -0.801935
512 -0.795090
513 -0.788267
514 -0.781474
515 -0.774719
516 -0.768008
517 -0.761348
518 -0.754746
519 -0.748207
520 -0.741735
521 -0.735336
522 -0.729013
523 -0.722769
524 -0.716604
525 -0.710521
526 -0.704521
527 -0.698606
528 -0.692775
529 -0.687030
530 -0.681368
531 -0.675789
532 -0.670292
533 -0.664875
534 -0.659535
535 -0.654272
536 -0.649083
537 -0.643967
538 -0.638921
539 -0.633945
540 -0.629037
541 -0.624196
542 -0.619422
543 -0.614713
544 -0.610070
545 -0.605494
546 -0.600983
547 -0.596540
548 -0.592164
549 -0.587857
550 -0.583623
551 -0.579465
552 -0.575385
553 -0.571386
554 -0.567471
555 -0.563644
556 -0.559907
557 -0.556263
558 -0.552715
559 -0.549265

0 -0.467611
1 -0.468000
2 -0.468927
3 -0.469883
4 -0.470849
5 -0.471800
6 -0.472641
7 -0.473292
8 -0.473716
9 -0.473938
10 -0.474054
11 -0.474221
12 -0.474648
13 -0.475568
14 -0.477213
15 -0.479781
16 -0.483417
17 -0.488191
18 -0.494106
19 -0.501183
20 -0.560144
21 -0.581755
22 -0.585787
23 -0.587745
24 -0.588583
25 -0.588676
26 -0.589442
27 -0.683226
28 -0.790410
29 -0.892214
30 -0.986819
31 -1.071668
32 -1.142819
33 -1.195097
34 -1.224495
35 -1.231697
36 -1.221424
37 -1.198669
38 -1.166897
39 -1.128238
40 -1.084063
41 -1.035453
42 -0.983896
43 -0.937032
44 -0.928273
45 -0.919949
46 -0.844681
47 -0.748346
48 -0.648868
49 -0.564171
50 -0.549333
51 -0.545492
52 -0.542096
53 -0.451118
54 -0.336452
55 -0.216214
56 -0.090977
57 -0.049179
58 -0.017581
59 0.013205
60 0.042968
61 0.071488
62 0.098533
63 0.123865
64 0.147269
65 0.168735
66 0.188528
67 0.206837
68 0.223620
69 0.238689
70 0.251980
71 0.263695
72 0.274047
73 0.283163
74 0.291091
75 0.297807
76 0.303215
77 0.307138
78 0.309237
79 0.308833
80 0.308833
81 0.310949
82 0.311167
83 0.309943
84 0.307923
85 0.305285
86 0.302092
87 0.298384
88 0.294196
89 0.289566
90 0.284534
91 0.279140
92 0.273429
93 0.267447
94 0.261241
95 0.254858
96 0.248348
97 0.241760
98 0.235144
99 0.228549
100 0.222025
101 0.215624
102 0.209396
103 0.203393
104 0.197668
105 0.192273
106 0.187263
107 0.182690
108 0.178604
109 0.175052
110 0.172076
111 0.169710
112 0.167973
113 0.166862
114 0.166281
115 0.163080
116 0.104542
117 0.040090
118 -0.023238
119 -0.085336
120 -0.146206
121 -0.205692
122 -0.260177
123 -0.276692
124 -0.284811
125 -0.292798
126 -0.300907
127 -0.309133
128 -0.317435
129 -0.325763
130 -0.334067
131 -0.342301
132 -0.350422
133 -0.358393
134 -0.366180
135 -0.373756
136 -0.381095
137 -0.388180
138 -0.394993
139 -0.401523
140 -0.407760
141 -0.413698
142 -0.419329
143 -0.424651
144 -0.429659
145 -0.434347
146 -0.438708
147 -0.442733
148 -0.446410
149 -0.449720
150 -0.452638
151 -0.455132
152 -0.457161
153 -0.458687
154 -0.459696
155 -0.460228
156 -0.460399
157 -0.460369
158 -0.460287
159 -0.460251
160 -0.460251
161 -0.460278
162 -0.460369
163 -0.460524
164 -0.460743
165 -0.461026
166 -0.461374
167 -0.461786
168 -0.462265
169 -0.462810
170 -0.463422
171 -0.464100
172 -0.464845
173 -0.465655
174 -0.466529
175 -0.467466
176 -0.468463
177 -0.469520
178 -0.470636
179 -0.471810
180 -0.473042
181 -0.474332
182 -0.475676
183 -0.477059
184 -0.478443
185 -0.479705
186 -0.480426
187 -0.478395
188 -0.456355
189 -0.401540
190 -0.338988
191 -0.274090
192 -0.207640
193 -0.139813
194 -0.070619
195 0.000000
196 0.072117
197 0.145744
198 0.220453
199 0.289904
200 0.312720
201 0.317421
202 0.321804
203 0.326376
204 0.331148
205 0.336118
206 0.341272
207 0.346595
208 0.352068
209 0.357667
210 0.363367
211 0.369141
212 0.374963
213 0.380807
214 0.386651
215 0.392473
216 0.398256
217 0.403982
218 0.409635
219 0.415201
220 0.420664
221 0.426009
222 0.431225
223 0.436303
224 0.441237
225 0.446019
226 0.450641
227 0.455089
228 0.459345
229 0.463387
230 0.467188
231 0.470718
232 0.473945
233 0.476834
234 0.479351
235 0.481463
236 0.483139
237 0.484356
238 0.485093
239 0.485341
240 0.485341
241 0.484454
242 0.481637
243 0.477100
244 0.471061
245 0.463768
246 0.455457
247 0.446320
248 0.436485
249 0.425998
250 0.414805
251 0.402392
252 0.388817
253 0.374613
254 0.359902
255 0.344747
256 0.329190
257 0.313255
258 0.296973
259 0.280400
260 0.263634
261 0.246800
262 0.230012
263 0.213321
264 0.196146
265 0.123744
266 -0.004275
267 -0.130379
268 -0.253441
269 -0.372041
270 -0.409890
271 -0.416917
272 -0.425062
273 -0.434517
274 -0.445162
275 -0.456832
276 -0.469362
277 -0.482597
278 -0.496442
279 -0.511068
280 -0.529474
281 -0.585297
282 -0.598390
283 -0.584140
284 -0.581207
285 -0.588315
286 -0.596913
287 -0.605127
288 -0.612629
289 -0.619407
290 -0.625528
291 -0.631058
292 -0.636017
293 -0.640354
294 -0.643940
295 -0.646575
296 -0.647976
297 -0.647644
298 -0.643593
299 -0.602400
300 -0.481506
301 -0.376634
302 -0.380476
303 -0.385789
304 -0.392196
305 -0.399488
306 -0.407409
307 -0.415658
308 -0.423921
309 -0.431894
310 -0.439317
311 -0.445990
312 -0.451784
313 -0.456642
314 -0.460568
315 -0.463611
316 -0.465845
317 -0.467335
318 -0.467961
319 -0.467611
320 -0.467611
321 -0.468329
322 -0.468584
323 -0.468326
324 -0.467366
325 -0.465438
326 -0.462499
327 -0.458838
328 -0.455080
329 -0.452072
330 -0.450686
331 -0.451597
332 -0.455145
333 -0.527806
334 -0.602965
335 -0.607565
336 -0.607876
337 -0.605836
338 -0.602494
339 -0.646448
340 -0.753905
341 -0.833185
342 -0.879573
343 -0.892886
344 -0.877356
345 -0.839000
346 -0.787380
347 -0.790629
348 -0.819961
349 -0.844724
350 -0.788025
351 -0.663299
352 -0.522707
353 -0.392536
354 -0.232201
355 -0.077989
356 -0.032267
357 0.012218
358 0.055000
359 0.095858
360 0.132301
361 0.165100
362 0.196967
363 0.227299
364 0.255604
365 0.281511
366 0.304762
367 0.325184
368 0.342648
369 0.357042
370 0.368228
371 0.376015
372 0.380103
373 0.380616
374 0.376934
375 0.369265
376 0.357910
377 0.343503
378 0.326984
379 0.309495
380 0.292232
381 0.276300
382 0.262619
383 0.251853
384 0.244275
385 0.203546
386 0.000883
387 -0.192143
388 -0.360268
389 -0.380616
390 -0.395062
391 -0.409044
392 -0.421995
393 -0.433503
394 -0.443330
395 -0.451275
396 -0.456999
397 -0.459975
398 -0.460444
399 -0.460251
400 -0.460251
401 -0.460278
402 -0.460369
403 -0.460524
404 -0.460743
405 -0.461026
406 -0.461374
407 -0.461786
408 -0.462265
409 -0.462810
410 -0.463422
411 -0.464100
412 -0.464845
413 -0.465655
414 -0.466529
415 -0.467466
416 -0.468463
417 -0.469520
418 -0.470636
419 -0.471810
420 -0.473042
421 -0.474332
422 -0.475676
423 -0.477059
424 -0.478443
425 -0.479705
426 -0.480426
427 -0.478395
428 -0.456355
429 -0.401540
430 -0.338988
431 -0.274090
432 -0.207640
433 -0.139813
434 -0.070619
435 0.000000
436 0.072117
437 0.145744
438 0.220453
439 0.289904
440 0.312720
441 0.317421
442 0.321804
443 0.326376
444 0.331148
445 0.336118
446 0.341272
447 0.346595
448 0.352068
449 0.357667
450 0.363367
451 0.369141
452 0.374963
453 0.380807
454 0.386651
455 0.392473
456 0.398256
457 0.403982
458 0.409635
459 0.415201
460 0.420664
461 0.426009
462 0.431225
463 0.436303
464 0.441237
465 0.446019
466 0.450641
467 0.455089
468 0.459345
469 0.463387
470 0.467188
471 0.470718
472 0.473945
473 0.476834
474 0.479351
475 0.481463
476 0.483139
477 0.484356
478 0.485093
479 0.485341
480 0.485341
481 0.485273
482 0.485072
483 0.484739
484 0.484275
485 0.483682
486 0.482963
487 0.482119
488 0.481154
489 0.480071
490 0.478875
491 0.477569
492 0.476158
493 0.474647
494 0.473041
495 0.471344
496 0.469563
497 0.467703
498 0.465769
499 0.463766
500 0.461702
501 0.459580
502 0.457406
503 0.455185
504 0.452923
505 0.450623
506 0.448291
507 0.445931
508 0.443545
509 0.441139
510 0.438714
511 0.436274
512 0.433821
513 0.431356
514 0.428882
515 0.426399
516 0.423909
517 0.421411
518 0.418906
519 0.416393
520 0.413873
521 0.411344
522 0.408806
523 0.406258
524 0.403699
525 0.401127
526 0.398542
527 0.395943
528 0.393329
529 0.390700
530 0.388055
531 0.385394
532 0.382718
533 0.380026
534 0.377320
535 0.374601
536 0.371870
537 0.369131
538 0.366384
539 0.363633
540 0.360881
541 0.358132
542 0.355388
543 0.352654
544 0.349934
545 0.347231
546 0.344549
547 0.341893
548 0.339264
549 0.336667
550 0.334104
551 0.331575
552 0.329081
553 0.326618
554 0.324181
555 0.321752
556 0.319296
557 0.316724
558 0.313744
559 0.308833

0 0.192288
1 0.191878
2 0.190668
3 0.188471
4 0.184973
5 0.179737
6 0.172249
7 0.162023
8 0.148743
9 0.132363
10 0.113076
11 0.091199
12 0.067043
13 0.040836
14 0.012695
15 -0.017370
16 -0.049482
17 -0.143980
18 -0.298012
19 -0.441493
20 -0.508724
21 -0.517577
22 -0.527095
23 -0.537314
24 -0.548270
25 -0.560136
26 -0.578514
27 -0.590125
28 -0.601841
29 -0.617198
30 -0.634010
31 -0.652037
32 -0.671190
33 -0.691379
34 -0.712499
35 -0.734416
36 -0.756956
37 -0.779889
38 -0.802912
39 -0.825643
40 -0.847596
41 -0.868108
42 -0.885817
43 -0.892878
44 -0.854537
45 -0.793716
46 -0.727374
47 -0.657339
48 -0.585998
49 -0.530722
50 -0.437604
51 -0.336502
52 -0.238444
53 -0.180067
54 -0.146746
55 -0.113945
56 -0.081331
57 -0.008037
58 0.015357
59 0.038705
60 0.061943
61 0.084951
62 0.107606
63 0.129805
64 0.151445
65 0.172273
66 0.191838
67 0.209852
68 0.226346
69 0.241566
70 0.255675
71 0.268583
72 0.280154
73 0.290275
74 0.298831
75 0.305685
76 0.310683
77 0.313679
78 0.314624
79 0.313778
80 0.313778
81 0.313954
82 0.314600
83 0.315505
84 0.316172
85 0.316519
86 0.316568
87 0.316351
88 0.315906
89 0.315269
90 0.314475
91 0.313553
92 0.312531
93 0.311431
94 0.310271
95 0.309061
96 0.307809
97 0.306515
98 0.305176
99 0.303786
100 0.302333
101 0.300808
102 0.299198
103 0.297493
104 0.295684
105 0.293765
106 0.291733
107 0.289589
108 0.287336
109 0.284975
110 0.282495
111 0.279844
112 0.276784
113 0.271444
114 0.236320
115 0.174761
116 0.168396
117 0.169679
118 0.171691
119 0.174257
120 0.177293
121 0.180732
122 0.184507
123 0.188553
124 0.192808
125 0.197214
126 0.201716
127 0.206263
128 0.210811
129 0.215320
130 0.219757
131 0.224092
132 0.228304
133 0.232374
134 0.236291
135 0.240046
136 0.243638
137 0.247065
138 0.250331
139 0.253441
140 0.256397
141 0.259203
142 0.261856
143 0.264336
144 0.266598
145 0.268509
146 0.269724
147 0.269411
148 0.266179
149 0.259231
150 0.249943
151 0.240144
152 0.230803
153 0.222353
154 0.215005
155 0.208880
156 0.204052
157 0.200574
158 0.198479
159 0.197786
160 0.197786
161 0.198854
162 0.202060
163 0.207362
164 0.214686
165 0.223917
166 0.234877
167 0.247241
168 0.260244
169 0.271770
170 0.278444
171 0.280769
172 0.281263
173 0.281052
174 0.280537
175 0.279886
176 0.279189
177 0.278504
178 0.277874
179 0.277337
180 0.276924
181 0.276662
182 0.276575
183 0.276681
184 0.276996
185 0.277530
186 0.278293
187 0.279291
188 0.280528
189 0.282004
190 0.283721
191 0.285676
192 0.287868
193 0.290291
194 0.292941
195 0.295814
196 0.298904
197 0.302209
198 0.305728
199 0.309475
200 0.313738
201 0.319383
202 0.324341
203 0.329168
204 0.334044
205 0.339023
206 0.344119
207 0.349332
208 0.354655
209 0.360077
210 0.365586
211 0.371165
212 0.376798
213 0.382466
214 0.388149
215 0.393827
216 0.399480
217 0.405090
218 0.410640
219 0.416120
220 0.421520
221 0.426830
222 0.432042
223 0.437141
224 0.442111
225 0.446931
226 0.451581
227 0.456038
228 0.460279
229 0.464281
230 0.468016
231 0.471458
232 0.474580
233 0.477355
234 0.479757
235 0.481761
236 0.483345
237 0.484492
238 0.485186
239 0.485419
240 0.485419
241 0.484573
242 0.482250
243 0.478423
244 0.473144
245 0.466481
246 0.458515
247 0.449335
248 0.439042
249 0.427754
250 0.415633
251 0.403258
252 0.390619
253 0.377229
254 0.363036
255 0.348075
256 0.332444
257 0.316285
258 0.299765
259 0.283039
260 0.266226
261 0.249392
262 0.232562
263 0.215633
264 0.197746
265 0.180483
266 0.163628
267 0.146322
268 0.128421
269 0.109859
270 0.090589
271 0.070566
272 0.049726
273 0.027955
274 0.005079
275 -0.019138
276 -0.070593
277 -0.182669
278 -0.290287
279 -0.392052
280 -0.483938
281 -0.529738
282 -0.544621
283 -0.553422
284 -0.548745
285 -0.532602
286 -0.513791
287 -0.494461
288 -0.475317
289 -0.456847
290 -0.439514
291 -0.423755
292 -0.409920
293 -0.398231
294 -0.388777
295 -0.381541
296 -0.376414
297 -0.373219
298 -0.371753
299 -0.371830
300 -0.373286
301 -0.342061
302 -0.191696
303 -0.036566
304 0.000560
305 0.027325
306 0.052713
307 0.076753
308 0.099236
309 0.119812
310 0.138042
311 0.153492
312 0.165884
313 0.175236
314 0.181889
315 0.186383
316 0.189275
317 0.191028
318 0.191969
319 0.192288
320 0.192288
321 0.191319
322 0.188219
323 0.182043
324 0.171287
325 0.154360
326 0.130488
327 0.100144
328 0.064445
329 0.024356
330 -0.019690
331 -0.085768
332 -0.319228
333 -0.460917
334 -0.469313
335 -0.479612
336 -0.491892
337 -0.506391
338 -0.524685
339 -0.598288
340 -0.596503
341 -0.603764
342 -0.626515
343 -0.655352
344 -0.686515
345 -0.718501
346 -0.745941
347 -0.703831
348 -0.623375
349 -0.540922
350 -0.514066
351 -0.506730
352 -0.499828
353 -0.349431
354 -0.156204
355 -0.065592
356 0.004985
357 0.035035
358 0.066610
359 0.099244
360 0.134717
361 0.171447
362 0.205785
363 0.237368
364 0.265864
365 0.291096
366 0.313067
367 0.331891
368 0.347676
369 0.360442
370 0.370131
371 0.376712
372 0.380335
373 0.380918
374 0.379352
375 0.375929
376 0.371047
377 0.364941
378 0.357713
379 0.349419
380 0.340199
381 0.330341
382 0.320272
383 0.310427
384 0.300672
385 0.242479
386 0.240050
387 0.241445
388 0.244614
389 0.248822
390 0.253580
391 0.258623
392 0.263823
393 0.269045
394 0.273925
395 0.276228
396 0.258433
397 0.226612
398 0.205159
399 0.197786
400 0.197786
401 0.198854
402 0.202060
403 0.207362
404 0.214686
405 0.223917
406 0.234877
407 0.247241
408 0.260244
409 0.271770
410 0.278444
411 0.280769
412 0.281263
413 0.281052
414 0.280537
415 0.279886
416 0.279189
417 0.278504
418 0.277874
419 0.277337
420 0.276924
421 0.276662
422 0.276575
423 0.276681
424 0.276996
425 0.277530
426 0.278293
427 0.279291
428 0.280528
429 0.282004
430 0.283721
431 0.285676
432 0.287868
433 0.290291
434 0.292941
435 0.295814
436 0.298904
437 0.302209
438 0.305728
439 0.309475
440 0.313738
441 0.319383
442 0.324341
443 0.329168
444 0.334044
445 0.339023
446 0.344119
447 0.349332
448 0.354655
449 0.360077
450 0.365586
451 0.371165
452 0.376798
453 0.382466
454 0.388149
455 0.393827
456 0.399480
457 0.405090
458 0.410640
459 0.416120
460 0.421520
461 0.426830
462 0.432042
463 0.437141
464 0.442111
465 0.446931
466 0.451581
467 0.456038
468 0.460279
469 0.464281
470 0.468016
471 0.471458
472 0.474580
473 0.477355
474 0.479757
475 0.481761
476 0.483345
477 0.484492
478 0.485186
479 0.485419
480 0.485419
481 0.485354
482 0.485156
483 0.484826
484 0.484365
485 0.483775
486 0.483059
487 0.482218
488 0.481255
489 0.480176
490 0.478982
491 0.477679
492 0.476271
493 0.474762
494 0.473158
495 0.471465
496 0.469686
497 0.467828
498 0.465897
499 0.463897
500 0.461834
501 0.459714
502 0.457543
503 0.455324
504 0.453063
505 0.450765
506 0.448434
507 0.446074
508 0.443689
509 0.441282
510 0.438857
511 0.436416
512 0.433962
513 0.431495
514 0.429019
515 0.426533
516 0.424039
517 0.421537
518 0.419028
519 0.416511
520 0.413985
521 0.411451
522 0.408908
523 0.406354
524 0.403788
525 0.401211
526 0.398620
527 0.396015
528 0.393395
529 0.390761
530 0.388110
531 0.385444
532 0.382763
533 0.380067
534 0.377358
535 0.374636
536 0.371904
537 0.369163
538 0.366416
539 0.363666
540 0.360917
541 0.358170
542 0.355431
543 0.352703
544 0.349991
545 0.347297
546 0.344628
547 0.341987
548 0.339378
549 0.336805
550 0.334272
551 0.331784
552 0.329342
553 0.326951
554 0.324613
555 0.322330
556 0.320104
557 0.317936
558 0.315827
559 0.313778

0 0.291785
1 0.290870
2 0.288135
3 0.283615
4 0.277390
5 0.269663
6 0.260771
7 0.251089
8 0.240909
9 0.230382
10 0.219540
11 0.208340
12 0.196709
13 0.184559
14 0.171599
15 0.153116
16 0.020298
17 -0.082981
18 -0.118910
19 -0.156284
20 -0.194714
21 -0.233534
22 -0.271989
23 -0.309436
24 -0.348604
25 -0.453277
26 -0.561802
27 -0.580878
28 -0.582537
29 -0.581156
30 -0.579299
31 -0.577326
32 -0.575351
33 -0.573408
34 -0.571479
35 -0.569508
36 -0.567429
37 -0.565197
38 -0.562803
39 -0.560276
40 -0.557684
41 -0.555120
42 -0.552689
43 -0.550488
44 -0.548570
45 -0.546910
46 -0.545327
47 -0.543228
48 -0.537373
49 -0.494636
50 -0.414772
51 -0.327711
52 -0.235392
53 -0.142767
54 -0.079423
55 -0.054353
56 -0.031079
57 0.038543
58 0.167545
59 0.277215
60 0.343985
61 0.385920
62 0.415199
63 0.435740
64 0.449721
65 0.458772
66 0.464140
67 0.466691
68 0.466916
69 0.464979
70 0.460818
71 0.454266
72 0.445192
73 0.433620
74 0.419820
75 0.404345
76 0.388006
77 0.371801
78 0.356808
79 0.344057
80 0.344057
81 0.356499
82 0.370083
83 0.384598
84 0.399925
85 0.415984
86 0.432701
87 0.450005
88 0.467820
89 0.486069
90 0.504673
91 0.523559
92 0.542658
93 0.561911
94 0.581273
95 0.600708
96 0.620199
97 0.639737
98 0.659326
99 0.678967
100 0.698652
101 0.718325
102 0.737825
103 0.756715
104 0.773833
105 0.785752
106 0.782000
107 0.745172
108 0.681010
109 0.607415
110 0.532051
111 0.457441
112 0.384699
113 0.316031
114 0.279129
115 0.273777
116 0.270976
117 0.268732
118 0.266792
119 0.265096
120 0.263627
121 0.262381
122 0.261354
123 0.260542
124 0.259937
125 0.259529
126 0.259306
127 0.259254
128 0.259360
129 0.259606
130 0.259981
131 0.260468
132 0.261057
133 0.261738
134 0.262500
135 0.263337
136 0.264244
137 0.265215
138 0.266246
139 0.267331
140 0.268464
141 0.269633
142 0.270827
143 0.272025
144 0.273204
145 0.274349
146 0.275499
147 0.276791
148 0.278318
149 0.279989
150 0.281679
151 0.283307
152 0.284823
153 0.286193
154 0.287391
155 0.288397
156 0.289195
157 0.289773
158 0.290123
159 0.290238
160 0.290238
161 0.290204
162 0.290101
163 0.289926
164 0.289677
165 0.289349
166 0.288940
167 0.288442
168 0.287850
169 0.287165
170 0.286392
171 0.285549
172 0.284660
173 0.283752
174 0.282854
175 0.281996
176 0.281206
177 0.280512
178 0.279940
179 0.279511
180 0.279246
181 0.279162
182 0.279272
183 0.279589
184 0.280119
185 0.280868
186 0.281839
187 0.283033
188 0.284446
189 0.286079
190 0.287928
191 0.289994
192 0.292278
193 0.294787
194 0.297533
195 0.300541
196 0.303866
197 0.307653
198 0.312498
199 0.324904
200 0.386127
201 0.466923
202 0.551675
203 0.639385
204 0.729872
205 0.823039
206 0.918773
207 1.016917
208 1.117267
209 1.219576
210 1.323559
211 1.428899
212 1.535261
213 1.642300
214 1.749667
215 1.857018
216 1.964019
217 2.070348
218 2.175698
219 2.279777
220 2.382308
221 2.483023
222 2.581666
223 2.677990
224 2.771754
225 2.862722
226 2.950661
227 3.035339
228 3.116518
229 3.193941
230 3.267318
231 3.336301
232 3.400451
233 3.459202
234 3.511814
235 3.557354
236 3.594699
237 3.622614
238 3.639935
239 3.645823
240 3.645823
241 3.624822
242 3.567037
243 3.483087
244 3.381895
245 3.268876
246 3.146802
247 3.016896
248 2.879591
249 2.735016
250 2.583300
251 2.424743
252 2.259905
253 2.089642
254 1.915102
255 1.737699
256 1.559054
257 1.380911
258 1.205018
259 1.032998
260 0.866215
261 0.705659
262 0.551895
263 0.405150
264 0.266552
265 0.188568
266 0.170902
267 0.155983
268 0.142186
269 0.129331
270 0.117396
271 0.106418
272 0.096450
273 0.087484
274 0.078871
275 0.041815
276 -0.044631
277 -0.072030
278 -0.100787
279 -0.130573
280 -0.160724
281 -0.190431
282 -0.218865
283 -0.245281
284 -0.269063
285 -0.289726
286 -0.306881
287 -0.320206
288 -0.329405
289 -0.334198
290 -0.334326
291 -0.329596
292 -0.319952
293 -0.305530
294 -0.286656
295 -0.263821
296 -0.237663
297 -0.208946
298 -0.178520
299 -0.147234
300 -0.115848
301 -0.084937
302 -0.054758
303 -0.018698
304 0.134759
305 0.165737
306 0.179912
307 0.193139
308 0.205695
309 0.217629
310 0.229014
311 0.239933
312 0.250412
313 0.260342
314 0.269455
315 0.277362
316 0.283678
317 0.288195
318 0.290891
319 0.291785
320 0.291785
321 0.289749
322 0.283664
323 0.273712
324 0.260695
325 0.245866
326 0.230098
327 0.213605
328 0.196226
329 0.177660
330 0.148982
331 -0.065787
332 -0.118722
333 -0.173321
334 -0.229187
335 -0.283858
336 -0.334749
337 -0.383591
338 -0.514295
339 -0.542185
340 -0.562465
341 -0.576342
342 -0.576893
343 -0.572407
344 -0.565609
345 -0.557045
346 -0.547163
347 -0.536437
348 -0.525027
349 -0.506441
350 -0.426532
351 -0.322499
352 -0.214244
353 -0.168587
354 -0.123193
355 -0.023991
356 0.110098
357 0.296253
358 0.494806
359 0.705942
360 0.924422
361 1.128318
362 1.283385
363 1.391144
364 1.466390
365 1.518858
366 1.555368
367 1.580485
368 1.596860
369 1.606009
370 1.609314
371 1.608757
372 1.607005
373 1.606861
374 1.610405
375 1.618296
376 1.629350
377 1.639900
378 1.640393
379 1.597806
380 1.437047
381 1.185361
382 0.919937
383 0.665820
384 0.429623
385 0.296527
386 0.288617
387 0.283185
388 0.279123
389 0.276281
390 0.274620
391 0.274133
392 0.274780
393 0.276410
394 0.278680
395 0.281249
396 0.284582
397 0.287600
398 0.289564
399 0.290238
400 0.290238
401 0.290204
402 0.290101
403 0.289926
404 0.289677
405 0.289349
406 0.288940
407 0.288442
408 0.287850
409 0.287165
410 0.286392
411 0.285549
412 0.284660
413 0.283752
414 0.282854
415 0.281996
416 0.281206
417 0.280512
418 0.279940
419 0.279511
420 0.279246
421 0.279162
422 0.279272
423 0.279589
424 0.280119
425 0.280868
426 0.281839
427 0.283033
428 0.284446
429 0.286079
430 0.287928
431 0.289994
432 0.292278
433 0.294787
434 0.297533
435 0.300541
436 0.303866
437 0.307653
438 0.312498
439 0.324904
440 0.386127
441 0.466923
442 0.551675
443 0.639385
444 0.729872
445 0.823039
446 0.918773
447 1.016917
448 1.117267
449 1.219576
450 1.323559
451 1.428899
452 1.535261
453 1.642300
454 1.749667
455 1.857018
456 1.964019
457 2.070348
458 2.175698
459 2.279777
460 2.382308
461 2.483023
462 2.581666
463 2.677990
464 2.771754
465 2.862722
466 2.950661
467 3.035339
468 3.116518
469 3.193941
470 3.267318
471 3.336301
472 3.400451
473 3.459202
474 3.511814
475 3.557354
476 3.594699
477 3.622614
478 3.639935
479 3.645823
480 3.645823
481 3.644327
482 3.639874
483 3.632539
484 3.622438
485 3.609718
486 3.594543
487 3.577082
488 3.557505
489 3.535967
490 3.512611
491 3.487562
492 3.460927
493 3.432798
494 3.403251
495 3.372347
496 3.340140
497 3.306671
498 3.271980
499 3.236098
500 3.199057
501 3.160888
502 3.121620
503 3.081287
504 3.039923
505 2.997566
506 2.954255
507 2.910034
508 2.864948
509 2.819044
510 2.772372
511 2.724982
512 2.676924
513 2.628249
514 2.579007
515 2.529247
516 2.479016
517 2.428359
518 2.377320
519 2.325939
520 2.274255
521 2.222304
522 2.170120
523 2.117736
524 2.065181
525 2.012483
526 1.959671
527 1.906771
528 1.853808
529 1.800808
530 1.747797
531 1.694800
532 1.641845
533 1.588959
534 1.536169
535 1.483507
536 1.431003
537 1.378689
538 1.326598
539 1.274764
540 1.223222
541 1.172007
542 1.121154
543 1.070698
544 1.020675
545 0.971118
546 0.922059
547 0.873530
548 0.825558
549 0.778172
550 0.731394
551 0.685247
552 0.639751
553 0.594924
554 0.550785
555 0.507357
556 0.464680
557 0.422841
558 0.382129
559 0.344057

0 0.297586
1 0.296694
2 0.294020
3 0.289864
4 0.284690
5 0.279025
6 0.273372
7 0.268187
8 0.263832
9 0.260510
10 0.258260
11 0.257000
12 0.256586
13 0.256815
14 0.257233
15 0.206626
16 0.151233
17 0.137513
18 0.125355
19 0.114094
20 0.103016
21 0.045155
22 -0.082660
23 -0.208684
24 -0.327829
25 -0.375313
26 -0.405341
27 -0.431673
28 -0.454425
29 -0.473587
30 -0.489185
31 -0.501279
32 -0.509961
33 -0.515362
34 -0.517659
35 -0.517081
36 -0.513887
37 -0.508336
38 -0.500669
39 -0.491084
40 -0.479733
41 -0.466708
42 -0.452041
43 -0.435710
44 -0.417657
45 -0.397810
46 -0.376110
47 -0.352535
48 -0.327112
49 -0.299929
50 -0.271115
51 -0.240770
52 -0.207871
53 -0.134900
54 -0.039471
55 0.050304
56 0.133973
57 0.211532
58 0.286176
59 0.376757
60 0.507114
61 0.660040
62 0.824548
63 0.997495
64 1.159278
65 1.317035
66 1.483796
67 1.659251
68 1.820227
69 1.825411
70 1.825983
71 1.823599
72 1.818668
73 1.811510
74 1.802441
75 1.791813
76 1.780031
77 1.767532
78 1.754759
79 1.742110
80 1.742110
81 1.754652
82 1.767363
83 1.780275
84 1.793413
85 1.806794
86 1.820426
87 1.834309
88 1.848433
89 1.862786
90 1.877347
91 1.892091
92 1.906992
93 1.922013
94 1.937108
95 1.952169
96 1.936482
97 1.821454
98 1.708361
99 1.597833
100 1.490102
101 1.385429
102 1.284188
103 1.187014
104 1.095266
105 1.012543
106 0.949465
107 0.923556
108 0.929159
109 0.948420
110 0.973702
111 1.002513
112 1.033923
113 1.067527
114 1.103113
115 1.140557
116 1.179766
117 1.220660
118 1.263128
119 1.304567
120 1.254809
121 1.198871
122 1.144321
123 1.091266
124 1.039758
125 0.989838
126 0.941542
127 0.894900
128 0.849939
129 0.806680
130 0.765140
131 0.725324
132 0.687235
133 0.650864
134 0.616194
135 0.583201
136 0.551853
137 0.522111
138 0.493933
139 0.467274
140 0.442090
141 0.418345
142 0.396009
143 0.375079
144 0.355584
145 0.337634
146 0.321505
147 0.307859
148 0.297973
149 0.292711
150 0.290808
151 0.290503
152 0.290864
153 0.291485
154 0.292177
155 0.292835
156 0.293396
157 0.293821
158 0.294082
159 0.294166
160 0.294166
161 0.294122
162 0.293994
163 0.293795
164 0.293553
165 0.293326
166 0.293226
167 0.293510
168 0.294880
169 0.299397
170 0.310384
171 0.327307
172 0.347631
173 0.370240
174 0.394773
175 0.421129
176 0.449312
177 0.479380
178 0.511423
179 0.545547
180 0.581866
181 0.620491
182 0.661525
183 0.705051
184 0.751131
185 0.799798
186 0.851053
187 0.904868
188 0.961180
189 1.019898
190 1.080906
191 1.144065
192 1.209217
193 1.276196
194 1.344826
195 1.414930
196 1.486332
197 1.558857
198 1.632335
199 1.706601
200 1.781490
201 1.856841
202 1.932489
203 2.008264
204 2.083988
205 2.159473
206 2.234522
207 2.308923
208 2.382460
209 2.454910
210 2.526053
211 2.595680
212 2.663600
213 2.729651
214 2.793711
215 2.855701
216 2.915596
217 2.973420
218 3.029249
219 3.083206
220 3.135451
221 3.186176
222 3.235594
223 3.283930
224 3.331416
225 3.378280
226 3.424742
227 3.471004
228 3.517246
229 3.563612
230 3.610194
231 3.657009
232 3.703954
233 3.750743
234 3.796798
235 3.841062
236 3.881723
237 3.915858
238 3.939334
239 3.947825
240 3.947825
241 3.918261
242 3.847428
243 3.759915
244 3.667948
245 3.576334
246 3.486848
247 3.400011
248 3.315754
249 3.233666
250 3.153069
251 3.073030
252 2.992362
253 2.909646
254 2.823305
255 2.731733
256 2.633494
257 2.527558
258 2.413503
259 2.291562
260 2.161567
261 2.013385
262 1.861603
263 1.713946
264 1.571700
265 1.435434
266 1.303911
267 1.157252
268 0.999397
269 0.846507
270 0.700020
271 0.559826
272 0.425374
273 0.296085
274 0.172148
275 0.082167
276 0.072854
277 0.069358
278 0.067441
279 0.064719
280 0.034490
281 -0.016042
282 -0.061923
283 -0.101193
284 -0.133143
285 -0.157129
286 -0.172457
287 -0.178397
288 -0.174244
289 -0.159417
290 -0.133564
291 -0.096658
292 -0.049094
293 0.007898
294 0.064952
295 0.079392
296 0.082179
297 0.085609
298 0.090701
299 0.097647
300 0.106416
301 0.116862
302 0.128788
303 0.142216
304 0.168153
305 0.284431
306 0.278958
307 0.273687
308 0.269806
309 0.267503
310 0.266882
311 0.267976
312 0.270685
313 0.274722
314 0.279621
315 0.284836
316 0.289810
317 0.293947
318 0.296668
319 0.297586
320 0.297586
321 0.295547
322 0.289825
323 0.281910
324 0.273556
325 0.266319
326 0.261320
327 0.258953
328 0.259029
329 0.260947
330 0.189739
331 0.143703
332 0.126106
333 0.111310
334 0.097668
335 -0.033227
336 -0.205067
337 -0.361827
338 -0.413635
339 -0.441408
340 -0.459667
341 -0.468796
342 -0.469565
343 -0.463074
344 -0.450384
345 -0.432393
346 -0.409939
347 -0.383845
348 -0.354784
349 -0.323101
350 -0.288750
351 -0.251450
352 -0.206893
353 -0.090482
354 -0.045124
355 0.052115
356 0.259336
357 0.470630
358 0.680773
359 0.877232
360 1.068685
361 1.267883
362 1.478467
363 1.701511
364 1.938239
365 2.188113
366 2.448046
367 2.630557
368 2.665785
369 2.688795
370 2.702056
371 2.708210
372 2.710109
373 2.710277
374 2.710376
375 2.710830
376 2.710527
377 2.612066
378 2.289237
379 2.023111
380 1.892894
381 1.876388
382 1.901585
383 1.947182
384 1.800227
385 1.596682
386 1.401467
387 1.217437
388 1.047059
389 0.892522
390 0.755409
391 0.636280
392 0.534500
393 0.448538
394 0.376805
395 0.319828
396 0.293452
397 0.292456
398 0.293649
399 0.294166
400 0.294166
401 0.294122
402 0.293994
403 0.293795
404 0.293553
405 0.293326
406 0.293226
407 0.293510
408 0.294880
409 0.299397
410 0.310384
411 0.327307
412 0.347631
413 0.370240
414 0.394773
415 0.421129
416 0.449312
417 0.479380
418 0.511423
419 0.545547
420 0.581866
421 0.620491
422 0.661525
423 0.705051
424 0.751131
425 0.799798
426 0.851053
427 0.904868
428 0.961180
429 1.019898
430 1.080906
431 1.144065
432 1.209217
433 1.276196
434 1.344826
435 1.414930
436 1.486332
437 1.558857
438 1.632335
439 1.706601
440 1.781490
441 1.856841
442 1.932489
443 2.008264
444 2.083988
445 2.159473
446 2.234522
447 2.308923
448 2.382460
449 2.454910
450 2.526053
451 2.595680
452 2.663600
453 2.729651
454 2.793711
455 2.855701
456 2.915596
457 2.973420
458 3.029249
459 3.083206
460 3.135451
461 3.186176
462 3.235594
463 3.283930
464 3.331416
465 3.378280
466 3.424742
467 3.471004
468 3.517246
469 3.563612
470 3.610194
471 3.657009
472 3.703954
473 3.750743
474 3.796798
475 3.841062
476 3.881723
477 3.915858
478 3.939334
479 3.947825
480 3.947825
481 3.945673
482 3.939371
483 3.929303
484 3.916005
485 3.900062
486 3.882033
487 3.862406
488 3.841586
489 3.819898
490 3.797596
491 3.774876
492 3.751885
493 3.728735
494 3.705506
495 3.682258
496 3.659028
497 3.635843
498 3.612714
499 3.589646
500 3.566634
501 3.543670
502 3.520738
503 3.497821
504 3.474898
505 3.451946
506 3.428940
507 3.405854
508 3.382661
509 3.359335
510 3.335848
511 3.312173
512 3.288283
513 3.264153
514 3.239757
515 3.215069
516 3.190065
517 3.164723
518 3.139020
519 3.112935
520 3.086448
521 3.059541
522 3.032195
523 3.004396
524 2.976129
525 2.947382
526 2.918143
527 2.888405
528 2.858162
529 2.827408
530 2.796144
531 2.764369
532 2.732087
533 2.699306
534 2.666034
535 2.632282
536 2.598067
537 2.563404
538 2.528314
539 2.492819
540 2.456942
541 2.420710
542 2.384150
543 2.347292
544 2.310166
545 2.272802
546 2.235232
547 2.197489
548 2.159603
549 2.121608
550 2.083533
551 2.045411
552 2.007271
553 1.969142
554 1.931052
555 1.893030
556 1.855100
557 1.817288
558 1.779617
559 1.742110

0 3.892473
1 3.765350
2 3.529814
3 3.261906
4 2.978153
5 2.687374
6 2.395600
7 2.107283
8 1.825845
9 1.553973
10 1.293763
11 1.046768
12 0.814014
13 0.596035
14 0.393296
15 0.261028
16 0.260887
17 0.261756
18 0.262208
19 0.261514
20 0.185011
21 0.100580
22 0.091609
23 0.086523
24 0.083690
25 0.083020
26 0.084489
27 0.088041
28 0.093550
29 0.100779
30 0.109218
31 0.117375
32 0.118565
33 0.092214
34 0.046009
35 -0.001060
36 -0.044367
37 -0.082677
38 -0.115556
39 -0.142902
40 -0.164821
41 -0.181550
42 -0.193399
43 -0.200708
44 -0.203814
45 -0.203043
46 -0.198704
47 -0.191103
48 -0.180548
49 -0.167354
50 -0.151830
51 -0.134256
52 -0.114750
53 -0.092121
54 -0.036227
55 0.063190
56 0.167918
57 0.275531
58 0.386110
59 0.500202
60 0.618713
61 0.742812
62 0.873826
63 1.013564
64 1.181653
65 1.370741
66 1.566852
67 1.766831
68 1.843916
69 2.032568
70 2.227129
71 2.425143
72 2.625125
73 2.825594
74 3.024855
75 3.220669
76 3.409840
77 3.587746
78 3.747969
79 3.880956
80 3.880956
81 3.816491
82 3.699585
83 3.575123
84 3.447513
85 3.318375
86 3.188575
87 3.058689
88 2.929147
89 2.800292
90 2.672407
91 2.545735
92 2.420486
93 2.296850
94 2.175010
95 2.055195
96 1.968224
97 1.982775
98 1.997635
99 2.012195
100 2.026185
101 2.039206
102 2.050614
103 2.059340
104 2.063627
105 2.060752
106 2.047195
107 2.020113
108 1.979551
109 1.928529
110 1.870818
111 1.809371
112 1.746113
113 1.682231
114 1.618455
115 1.555242
116 1.492891
117 1.431611
118 1.371587
119 1.315471
120 1.353461
121 1.400565
122 1.449238
123 1.499402
124 1.551043
125 1.604164
126 1.658782
127 1.714923
128 1.772622
129 1.831920
130 1.892855
131 1.955469
132 2.019795
133 2.085856
134 2.153663
135 2.223208
136 2.294462
137 2.367370
138 2.441853
139 2.517801
140 2.595073
141 2.673500
142 2.752885
143 2.832999
144 2.913591
145 2.994386
146 3.075088
147 3.155381
148 3.234930
149 3.313380
150 3.390349
151 3.465421
152 3.538115
153 3.607849
154 3.673846
155 3.734935
156 3.789080
157 3.832353
158 3.858722
159 3.866699
160 3.866699
161 3.866531
162 3.866062
163 3.865293
164 3.864224
165 3.862857
166 3.861199
167 3.859264
168 3.857073
169 3.854659
170 3.852060
171 3.849326
172 3.846509
173 3.843664
174 3.840845
175 3.838103
176 3.835484
177 3.833027
178 3.830765
179 3.828726
180 3.826933
181 3.825406
182 3.824165
183 3.823233
184 3.822636
185 3.822409
186 3.822591
187 3.823232
188 3.824384
189 3.826105
190 3.828452
191 3.831481
192 3.835242
193 3.839780
194 3.845132
195 3.851327
196 3.858385
197 3.866317
198 3.875123
199 3.884792
200 3.895302
201 3.906621
202 3.918702
203 3.931484
204 3.944874
205 3.958407
206 3.968361
207 3.976625
208 3.984562
209 3.992296
210 3.999922
211 4.007559
212 4.015350
213 4.023456
214 4.032050
215 4.041306
216 4.051391
217 4.062453
218 4.074609
219 4.087942
220 4.102486
221 4.118228
222 4.135095
223 4.152961
224 4.171640
225 4.190896
226 4.210440
227 4.229941
228 4.249036
229 4.267333
230 4.284430
231 4.299922
232 4.313429
233 4.324623
234 4.333276
235 4.339320
236 4.342929
237 4.344591
238 4.345091
239 4.345216
240 4.345216
241 4.342360
242 4.325524
243 4.289901
244 4.236354
245 4.166591
246 4.082495
247 3.986134
248 3.879591
249 3.764644
250 3.642455
251 3.513727
252 3.379194
253 3.239607
254 3.095548
255 2.947475
256 2.795872
257 2.641379
258 2.484876
259 2.327560
260 2.171910
261 2.030972
262 1.893303
263 1.754191
264 1.614824
265 1.475127
266 1.326096
267 1.187559
268 1.069600
269 0.958488
270 0.852815
271 0.752021
272 0.655609
273 0.563188
274 0.474643
275 0.390119
276 0.309945
277 0.234578
278 0.164684
279 0.102630
280 0.075227
281 0.075358
282 0.078136
283 0.081695
284 0.085476
285 0.089072
286 0.092117
287 0.094295
288 0.095373
289 0.095261
290 0.094056
291 0.092088
292 0.089964
293 0.088958
294 0.098298
295 0.160360
296 0.243742
297 0.334937
298 0.354953
299 0.344765
300 0.334062
301 0.323387
302 0.313059
303 0.303364
304 0.294746
305 0.342223
306 0.543770
307 0.761839
308 0.995073
309 1.243028
310 1.504891
311 1.779365
312 2.064579
313 2.357973
314 2.656085
315 2.954207
316 3.245782
317 3.521140
318 3.762582
319 3.892473
320 3.892473
321 3.651601
322 3.256524
323 2.823837
324 2.382648
325 1.949816
326 1.536364
327 1.149666
328 0.794240
329 0.472208
330 0.266352
331 0.269766
332 0.273714
333 0.276060
334 0.155359
335 0.096703
336 0.094038
337 0.096386
338 0.102159
339 0.109026
340 0.112834
341 0.107134
342 0.086124
343 0.051539
344 0.011702
345 -0.025941
346 -0.057238
347 -0.080459
348 -0.095292
349 -0.102168
350 -0.101825
351 -0.095052
352 -0.082487
353 -0.062198
354 0.047424
355 0.191767
356 0.348450
357 0.516052
358 0.692817
359 0.884675
360 1.080407
361 1.281735
362 1.514054
363 1.772686
364 2.041848
365 2.312967
366 2.576166
367 2.714131
368 2.977839
369 3.234167
370 3.476557
371 3.698484
372 3.891669
373 3.992724
374 3.660248
375 3.308024
376 2.956031
377 2.706481
378 2.690572
379 2.647676
380 2.554745
381 2.403648
382 2.213978
383 2.008693
384 2.009557
385 2.086064
386 2.176114
387 2.278504
388 2.392226
389 2.516649
390 2.651470
391 2.796334
392 2.950217
393 3.110820
394 3.274306
395 3.435496
396 3.588251
397 3.724865
398 3.829817
399 3.866699
400 3.866699
401 3.866531
402 3.866062
403 3.865293
404 3.864224
405 3.862857
406 3.861199
407 3.859264
408 3.857073
409 3.854659
410 3.852060
411 3.849326
412 3.846509
413 3.843664
414 3.840845
415 3.838103
416 3.835484
417 3.833027
418 3.830765
419 3.828726
420 3.826933
421 3.825406
422 3.824165
423 3.823233
424 3.822636
425 3.822409
426 3.822591
427 3.823232
428 3.824384
429 3.826105
430 3.828452
431 3.831481
432 3.835242
433 3.839780
434 3.845132
435 3.851327
436 3.858385
437 3.866317
438 3.875123
439 3.884792
440 3.895302
441 3.906621
442 3.918702
443 3.931484
444 3.944874
445 3.958407
446 3.968361
447 3.976625
448 3.984562
449 3.992296
450 3.999922
451 4.007559
452 4.015350
453 4.023456
454 4.032050
455 4.041306
456 4.051391
457 4.062453
458 4.074609
459 4.087942
460 4.102486
461 4.118228
462 4.135095
463 4.152961
464 4.171640
465 4.190896
466 4.210440
467 4.229941
468 4.249036
469 4.267333
470 4.284430
471 4.299922
472 4.313429
473 4.324623
474 4.333276
475 4.339320
476 4.342929
477 4.344591
478 4.345091
479 4.345216
480 4.345216
481 4.345755
482 4.347001
483 4.348792
484 4.350868
485 4.352894
486 4.354487
487 4.355254
488 4.354851
489 4.353034
490 4.349699
491 4.344875
492 4.338685
493 4.331298
494 4.322886
495 4.313615
496 4.303629
497 4.293055
498 4.282005
499 4.270578
500 4.258867
501 4.246952
502 4.234912
503 4.222817
504 4.210734
505 4.198725
506 4.186846
507 4.175150
508 4.163686
509 4.152495
510 4.141616
511 4.131083
512 4.120924
513 4.111162
514 4.101816
515 4.092898
516 4.084418
517 4.076378
518 4.068778
519 4.061612
520 4.054868
521 4.048533
522 4.042589
523 4.037012
524 4.031780
525 4.026862
526 4.022229
527 4.017849
528 4.013688
529 4.009712
530 4.005885
531 4.002173
532 3.998543
533 3.994961
534 3.991396
535 3.987819
536 3.984205
537 3.980529
538 3.976772
539 3.972917
540 3.968951
541 3.964866
542 3.960656
543 3.956320
544 3.951862
545 3.947288
546 3.942608
547 3.937835
548 3.932985
549 3.928078
550 3.923135
551 3.918178
552 3.913231
553 3.908319
554 3.903468
555 3.898701
556 3.894045
557 3.889521
558 3.885151
559 3.880956

0 3.896554
1 3.843875
2 3.712212
3 3.526372
4 3.310352
5 3.079430
6 2.842687
7 2.605597
8 2.371599
9 2.142955
10 1.921226
11 1.707534
12 1.502685
13 1.307210
14 1.121351
15 0.945030
16 0.777850
17 0.619143
18 0.468083
19 0.324176
20 0.261736
21 0.259071
22 0.255466
23 0.250628
24 0.244509
25 0.237096
26 0.228427
27 0.218639
28 0.208028
29 0.197077
30 0.186423
31 0.176759
32 0.168353
33 0.162132
34 0.161225
35 0.164065
36 0.171294
37 0.183482
38 0.200979
39 0.223960
40 0.252455
41 0.286372
42 0.325525
43 0.369672
44 0.418556
45 0.471934
46 0.529607
47 0.591432
48 0.657304
49 0.727110
50 0.800599
51 0.877123
52 0.955800
53 1.037268
54 1.121373
55 1.204817
56 1.286345
57 1.368575
58 1.451319
59 1.527373
60 1.592634
61 1.648141
62 1.694651
63 1.732707
64 1.762980
65 1.786306
66 1.803685
67 1.817877
68 1.977348
69 2.186823
70 2.398145
71 2.609120
72 2.817556
73 3.021090
74 3.217252
75 3.403581
76 3.577695
77 3.736921
78 3.874531
79 3.910231
80 3.910231
81 3.940285
82 3.987520
83 4.024944
84 4.052181
85 4.069000
86 4.046096
87 3.969174
88 3.887365
89 3.802402
90 3.715077
91 3.625995
92 3.535670
93 3.444555
94 3.353065
95 3.261590
96 3.170502
97 3.080168
98 2.990966
99 2.903304
100 2.817660
101 2.734640
102 2.655082
103 2.580225
104 2.511984
105 2.453214
106 2.407552
107 2.377938
108 2.364401
109 2.363983
110 2.372956
111 2.388396
112 2.408394
113 2.431773
114 2.457804
115 2.486029
116 2.516150
117 2.547971
118 2.581362
119 2.616237
120 2.652543
121 2.690252
122 2.729354
123 2.769852
124 2.811763
125 2.855108
126 2.899911
127 2.946200
128 2.993994
129 3.043308
130 3.094143
131 3.146485
132 3.200295
133 3.255499
134 3.311938
135 3.368901
136 3.410665
137 3.432712
138 3.454869
139 3.478003
140 3.502136
141 3.527193
142 3.553058
143 3.579589
144 3.606615
145 3.633943
146 3.661355
147 3.688610
148 3.715445
149 3.741576
150 3.766703
151 3.790517
152 3.812704
153 3.832971
154 3.851070
155 3.866886
156 3.880626
157 3.893257
158 3.905682
159 3.912054
160 3.912054
161 3.911855
162 3.911290
163 3.910373
164 3.909127
165 3.907580
166 3.905763
167 3.903708
168 3.901442
169 3.898991
170 3.896374
171 3.893608
172 3.890710
173 3.887696
174 3.884585
175 3.881402
176 3.878178
177 3.874951
178 3.871764
179 3.868668
180 3.865719
181 3.862978
182 3.860509
183 3.858375
184 3.856641
185 3.855371
186 3.854623
187 3.854454
188 3.854915
189 3.856053
190 3.857909
191 3.860517
192 3.863900
193 3.868070
194 3.873023
195 3.878738
196 3.885170
197 3.892257
198 3.899916
199 3.908046
200 3.916536
201 3.925269
202 3.934128
203 3.943008
204 3.951847
205 3.960966
206 3.973972
207 3.988887
208 4.004302
209 4.020089
210 4.036190
211 4.052567
212 4.069198
213 4.086071
214 4.103187
215 4.120553
216 4.138182
217 4.156087
218 4.174278
219 4.192753
220 4.211498
221 4.230481
222 4.249645
223 4.268914
224 4.288182
225 4.307318
226 4.326168
227 4.344549
228 4.362257
229 4.379063
230 4.394688
231 4.408723
232 4.420058
233 4.424375
234 4.420986
235 4.415124
236 4.408644
237 4.402563
238 4.397681
239 4.395611
240 4.395611
241 4.402876
242 4.413150
243 4.384201
244 4.319816
245 4.237500
246 4.141126
247 4.034028
248 3.919273
249 3.799537
250 3.677118
251 3.553696
252 3.429942
253 3.305693
254 3.180356
255 3.053044
256 2.922637
257 2.787871
258 2.647517
259 2.500602
260 2.346650
261 2.185867
262 2.019232
263 1.848485
264 1.676126
265 1.506460
266 1.353986
267 1.222192
268 1.099485
269 0.984804
270 0.878519
271 0.780941
272 0.692320
273 0.612788
274 0.542264
275 0.480515
276 0.427258
277 0.382181
278 0.344893
279 0.314888
280 0.291551
281 0.274217
282 0.262272
283 0.255205
284 0.252642
285 0.254313
286 0.260006
287 0.269495
288 0.282465
289 0.298414
290 0.316536
291 0.335550
292 0.353497
293 0.367760
294 0.375886
295 0.377173
296 0.373038
297 0.366312
298 0.436182
299 0.542195
300 0.655162
301 0.775133
302 0.902554
303 1.038068
304 1.182405
305 1.336251
306 1.500143
307 1.674362
308 1.858877
309 2.053305
310 2.256898
311 2.468499
312 2.686441
313 2.908320
314 3.130564
315 3.347632
316 3.550558
317 3.724627
318 3.847370
319 3.896554
320 3.896554
321 3.789131
322 3.534344
323 3.210387
324 2.863587
325 2.515770
326 2.177853
327 1.855875
328 1.553409
329 1.272356
330 1.013017
331 0.774099
332 0.553125
333 0.347652
334 0.277958
335 0.275905
336 0.270948
337 0.262442
338 0.250130
339 0.234803
340 0.218659
341 0.204795
342 0.196390
343 0.196150
344 0.206182
345 0.228057
346 0.262824
347 0.311048
348 0.372976
349 0.448829
350 0.539137
351 0.644954
352 0.767779
353 0.909115
354 1.069716
355 1.248370
356 1.423524
357 1.543601
358 1.668678
359 1.802435
360 1.941585
361 2.080934
362 2.213956
363 2.333942
364 2.436015
365 2.518704
366 2.588784
367 2.845927
368 3.103464
369 3.353205
370 3.592286
371 3.816454
372 4.020004
373 4.061760
374 4.157775
375 4.123054
376 3.915886
377 3.705659
378 3.503742
379 3.329008
380 3.208720
381 3.155464
382 3.153349
383 3.182109
384 3.229714
385 3.290049
386 3.360101
387 3.438614
388 3.525317
389 3.620220
390 3.721698
391 3.741424
392 3.758441
393 3.779710
394 3.803974
395 3.829527
396 3.854206
397 3.875822
398 3.894846
399 3.912054
400 3.912054
401 3.911855
402 3.911290
403 3.910373
404 3.909127
405 3.907580
406 3.905763
407 3.903708
408 3.901442
409 3.898991
410 3.896374
411 3.893608
412 3.890710
413 3.887696
414 3.884585
415 3.881402
416 3.878178
417 3.874951
418 3.871764
419 3.868668
420 3.865719
421 3.862978
422 3.860509
423 3.858375
424 3.856641
425 3.855371
426 3.854623
427 3.854454
428 3.854915
429 3.856053
430 3.857909
431 3.860517
432 3.863900
433 3.868070
434 3.873023
435 3.878738
436 3.885170
437 3.892257
438 3.899916
439 3.908046
440 3.916536
441 3.925269
442 3.934128
443 3.943008
444 3.951847
445 3.960966
446 3.973972
447 3.988887
448 4.004302
449 4.020089
450 4.036190
451 4.052567
452 4.069198
453 4.086071
454 4.103187
455 4.120553
456 4.138182
457 4.156087
458 4.174278
459 4.192753
460 4.211498
461 4.230481
462 4.249645
463 4.268914
464 4.288182
465 4.307318
466 4.326168
467 4.344549
468 4.362257
469 4.379063
470 4.394688
471 4.408723
472 4.420058
473 4.424375
474 4.420986
475 4.415124
476 4.408644
477 4.402563
478 4.397681
479 4.395611
480 4.395611
481 4.396656
482 4.399555
483 4.403513
484 4.407632
485 4.411276
486 4.414162
487 4.416241
488 4.417576
489 4.418271
490 4.418418
491 4.418050
492 4.417133
493 4.415610
494 4.413432
495 4.410585
496 4.407084
497 4.402966
498 4.398279
499 4.393075
500 4.387401
501 4.381302
502 4.374819
503 4.367988
504 4.360842
505 4.353410
506 4.345721
507 4.337799
508 4.329668
509 4.321350
510 4.312867
511 4.304239
512 4.295485
513 4.286622
514 4.277668
515 4.268640
516 4.259551
517 4.250416
518 4.241247
519 4.232056
520 4.222853
521 4.213646
522 4.204443
523 4.195250
524 4.186071
525 4.176911
526 4.167773
527 4.158659
528 4.149571
529 4.140511
530 4.131482
531 4.122485
532 4.113524
533 4.104600
534 4.095718
535 4.086881
536 4.078094
537 4.069364
538 4.060695
539 4.052096
540 4.043573
541 4.035136
542 4.026794
543 4.018558
544 4.010436
545 4.002442
546 3.994586
547 3.986881
548 3.979338
549 3.971970
550 3.964789
551 3.957806
552 3.951032
553 3.944478
554 3.938154
555 3.932067
556 3.926226
557 3.920637
558 3.915304
559 3.910231

0 4.150482
1 4.240710
2 4.260866
3 4.119695
4 3.930750
5 3.709730
6 3.470540
7 3.223016
8 2.973748
9 2.727277
10 2.486959
11 2.255522
12 2.035390
13 1.828828
14 1.637956
15 1.464660
16 1.310418
17 1.176108
18 1.061834
19 0.966830
20 0.889500
21 0.827616
22 0.778634
23 0.740053
24 0.709702
25 0.685691
26 0.639041
27 0.548565
28 0.463856
29 0.385217
30 0.312616
31 0.247204
32 0.196023
33 0.179572
34 0.188039
35 0.205045
36 0.226296
37 0.250765
38 0.278163
39 0.308380
40 0.341332
41 0.376927
42 0.415063
43 0.455652
44 0.498654
45 0.544114
46 0.592201
47 0.643238
48 0.697715
49 0.756295
50 0.819830
51 0.889461
52 0.966245
53 1.049137
54 1.136936
55 1.229751
56 1.318893
57 1.400886
58 1.484303
59 1.576771
60 1.681503
61 1.796592
62 1.920657
63 2.052810
64 2.192283
65 2.338333
66 2.490226
67 2.647234
68 2.808607
69 2.973517
70 3.140969
71 3.309686
72 3.477976
73 3.643596
74 3.803616
75 3.954256
76 4.090582
77 4.205699
78 4.232971
79 4.089467
80 4.089467
81 4.118380
82 4.167065
83 4.217704
84 4.186551
85 4.121422
86 4.079474
87 4.077584
88 4.068837
89 4.053465
90 4.032451
91 4.006793
92 3.977419
93 3.945164
94 3.910758
95 3.874832
96 3.837926
97 3.800499
98 3.762939
99 3.725579
100 3.688701
101 3.652548
102 3.617331
103 3.583234
104 3.550416
105 3.519019
106 3.489164
107 3.460959
108 3.434495
109 3.409846
110 3.387076
111 3.366229
112 3.347338
113 3.330420
114 3.315478
115 3.302505
116 3.291478
117 3.282366
118 3.275128
119 3.269716
120 3.266078
121 3.264158
122 3.263900
123 3.265248
124 3.268151
125 3.272561
126 3.278438
127 3.285747
128 3.294463
129 3.304565
130 3.316042
131 3.328886
132 3.343101
133 3.358701
134 3.375762
135 3.394875
136 3.431607
137 3.490273
138 3.550798
139 3.612009
140 3.673519
141 3.734977
142 3.796004
143 3.856182
144 3.915048
145 3.972100
146 4.026806
147 4.078619
148 4.127006
149 4.171483
150 4.211654
151 4.247242
152 4.278100
153 4.278360
154 4.252532
155 4.224662
156 4.195810
157 4.168292
158 4.146752
159 4.138224
160 4.138224
161 4.138231
162 4.138218
163 4.138175
164 4.138081
165 4.137913
166 4.137641
167 4.137230
168 4.136648
169 4.135861
170 4.134839
171 4.133557
172 4.131995
173 4.130144
174 4.128003
175 4.125582
176 4.122900
177 4.119989
178 4.116887
179 4.113644
180 4.110313
181 4.106955
182 4.103632
183 4.100406
184 4.097337
185 4.094482
186 4.091890
187 4.089603
188 4.087653
189 4.086062
190 4.084840
191 4.083988
192 4.083497
193 4.083349
194 4.083522
195 4.083987
196 4.084720
197 4.085695
198 4.086895
199 4.088312
200 4.089951
201 4.091832
202 4.093990
203 4.096482
204 4.099377
205 4.102767
206 4.106754
207 4.111457
208 4.116999
209 4.123509
210 4.131115
211 4.139935
212 4.150076
213 4.161623
214 4.174637
215 4.189148
216 4.205147
217 4.222586
218 4.241371
219 4.261357
220 4.282341
221 4.304055
222 4.326155
223 4.348214
224 4.369702
225 4.389964
226 4.408180
227 4.423279
228 4.433929
229 4.439244
230 4.440145
231 4.438648
232 4.436790
233 4.439062
234 4.445982
235 4.452207
236 4.455999
237 4.451761
238 4.437446
239 4.430300
240 4.430300
241 4.452727
242 4.438358
243 4.433185
244 4.441522
245 4.447705
246 4.447998
247 4.438195
248 4.413326
249 4.368367
250 4.300397
251 4.210318
252 4.101897
253 3.979925
254 3.849141
255 3.713788
256 3.577418
257 3.442752
258 3.311564
259 3.184669
260 3.062048
261 2.943115
262 2.827018
263 2.712892
264 2.600009
265 2.487851
266 2.376109
267 2.264668
268 2.153580
269 2.043039
270 1.933364
271 1.824981
272 1.718409
273 1.614246
274 1.513155
275 1.415844
276 1.323038
277 1.235445
278 1.153704
279 1.078322
280 1.009600
281 0.947581
282 0.892017
283 0.842399
284 0.798031
285 0.758145
286 0.722029
287 0.689149
288 0.659242
289 0.632388
290 0.609104
291 0.590475
292 0.578338
293 0.575292
294 0.583935
295 0.605402
296 0.639140
297 0.684415
298 0.741439
299 0.811428
300 0.896160
301 0.997466
302 1.116814
303 1.255041
304 1.412255
305 1.587867
306 1.780710
307 1.989192
308 2.211452
309 2.445445
310 2.688933
311 2.939339
312 3.193413
313 3.446638
314 3.692274
315 3.919985
316 4.114786
317 4.259586
318 4.239867
319 4.150482
320 4.150482
321 4.302065
322 4.118140
323 3.818635
324 3.462382
325 3.086927
326 2.713169
327 2.353450
328 2.016619
329 1.710288
330 1.441257
331 1.214730
332 1.032951
333 0.894137
334 0.792591
335 0.720417
336 0.670160
337 0.636789
338 0.617715
339 0.566426
340 0.480740
341 0.421669
342 0.394171
343 0.396562
344 0.421266
345 0.461609
346 0.513633
347 0.574960
348 0.643962
349 0.719611
350 0.801657
351 0.890850
352 0.988903
353 1.097928
354 1.217771
355 1.330856
356 1.456126
357 1.657893
358 1.870717
359 2.079027
360 2.284260
361 2.480745
362 2.662190
363 2.834190
364 3.003067
365 3.173296
366 3.347010
367 3.525208
368 3.708781
369 3.898349
370 4.093246
371 4.290279
372 4.342575
373 4.208090
374 4.336406
375 4.221897
376 4.227883
377 4.201507
378 4.152951
379 4.092746
380 4.028634
381 3.965852
382 3.907780
383 3.856501
384 3.813208
385 3.778489
386 3.752513
387 3.735143
388 3.726006
389 3.724561
390 3.731315
391 3.832181
392 3.943802
393 4.052708
394 4.151920
395 4.234842
396 4.270190
397 4.221895
398 4.168116
399 4.138224
400 4.138224
401 4.138231
402 4.138218
403 4.138175
404 4.138081
405 4.137913
406 4.137641
407 4.137230
408 4.136648
409 4.135861
410 4.134839
411 4.133557
412 4.131995
413 4.130144
414 4.128003
415 4.125582
416 4.122900
417 4.119989
418 4.116887
419 4.113644
420 4.110313
421 4.106955
422 4.103632
423 4.100406
424 4.097337
425 4.094482
426 4.091890
427 4.089603
428 4.087653
429 4.086062
430 4.084840
431 4.083988
432 4.083497
433 4.083349
434 4.083522
435 4.083987
436 4.084720
437 4.085695
438 4.086895
439 4.088312
440 4.089951
441 4.091832
442 4.093990
443 4.096482
444 4.099377
445 4.102767
446 4.106754
447 4.111457
448 4.116999
449 4.123509
450 4.131115
451 4.139935
452 4.150076
453 4.161623
454 4.174637
455 4.189148
456 4.205147
457 4.222586
458 4.241371
459 4.261357
460 4.282341
461 4.304055
462 4.326155
463 4.348214
464 4.369702
465 4.389964
466 4.408180
467 4.423279
468 4.433929
469 4.439244
470 4.440145
471 4.438648
472 4.436790
473 4.439062
474 4.445982
475 4.452207
476 4.455999
477 4.451761
478 4.437446
479 4.430300
480 4.430300
481 4.430450
482 4.430938
483 4.431741
484 4.432821
485 4.434129
486 4.435615
487 4.437261
488 4.439094
489 4.441155
490 4.443454
491 4.445953
492 4.448578
493 4.451234
494 4.453810
495 4.456172
496 4.458150
497 4.459517
498 4.459977
499 4.459207
500 4.456952
501 4.453127
502 4.447820
503 4.441220
504 4.433538
505 4.424972
506 4.415695
507 4.405857
508 4.395590
509 4.385006
510 4.374205
511 4.363270
512 4.352276
513 4.341283
514 4.330346
515 4.319507
516 4.308804
517 4.298267
518 4.287922
519 4.277790
520 4.267887
521 4.258229
522 4.248827
523 4.239692
524 4.230833
525 4.222257
526 4.213973
527 4.205985
528 4.198298
529 4.190917
530 4.183844
531 4.177082
532 4.170631
533 4.164491
534 4.158661
535 4.153139
536 4.147920
537 4.143002
538 4.138376
539 4.134037
540 4.129976
541 4.126185
542 4.122652
543 4.119366
544 4.116315
545 4.113487
546 4.110868
547 4.108443
548 4.106198
549 4.104119
550 4.102190
551 4.100399
552 4.098730
553 4.097170
554 4.095707
555 4.094328
556 4.093024
557 4.091784
558 4.090601
559 4.089467

0 4.371679
1 4.344627
2 4.359043
3 4.446128
4 4.462008
5 4.240006
6 4.012858
7 3.785345
8 3.560214
9 3.339318
10 3.123948
11 2.914979
12 2.712963
13 2.518179
14 2.330691
15 2.150403
16 1.977137
17 1.810717
18 1.651051
19 1.498192
20 1.352355
21 1.213879
22 1.083144
23 0.960470
24 0.846033
25 0.740032
26 0.670061
27 0.656169
28 0.647797
29 0.643843
30 0.643884
31 0.647478
32 0.654145
33 0.663397
34 0.674772
35 0.687858
36 0.702308
37 0.717849
38 0.734282
39 0.751470
40 0.769335
41 0.787841
42 0.806986
43 0.826805
44 0.847374
45 0.868837
46 0.891428
47 0.915500
48 0.941549
49 0.970226
50 1.002336
51 1.038832
52 1.080817
53 1.129596
54 1.186872
55 1.255566
56 1.344743
57 1.453891
58 1.572962
59 1.699771
60 1.833549
61 1.973740
62 2.119853
63 2.271435
64 2.428072
65 2.589383
66 2.755012
67 2.924605
68 3.097772
69 3.274026
70 3.452709
71 3.632885
72 3.813217
73 3.991803
74 4.165964
75 4.331973
76 4.484317
77 4.444793
78 4.288559
79 4.320526
80 4.320526
81 4.312433
82 4.285797
83 4.242844
84 4.267247
85 4.313874
86 4.357530
87 4.398029
88 4.435300
89 4.469330
90 4.500140
91 4.527763
92 4.552114
93 4.558145
94 4.521560
95 4.484722
96 4.448918
97 4.414511
98 4.381762
99 4.350869
100 4.321982
101 4.295205
102 4.270609
103 4.248228
104 4.228074
105 4.210130
106 4.194365
107 4.180731
108 4.169168
109 4.159610
110 4.151987
111 4.146227
112 4.142257
113 4.140009
114 4.139419
115 4.140427
116 4.142980
117 4.147029
118 4.152534
119 4.159456
120 4.167766
121 4.177434
122 4.188439
123 4.200758
124 4.214373
125 4.229266
126 4.245420
127 4.262820
128 4.281448
129 4.301285
130 4.322307
131 4.344489
132 4.367792
133 4.392160
134 4.417474
135 4.443287
136 4.463663
137 4.463008
138 4.458224
139 4.452619
140 4.446458
141 4.439777
142 4.432551
143 4.424725
144 4.416208
145 4.406877
146 4.396574
147 4.385104
148 4.372244
149 4.357742
150 4.341336
151 4.322773
152 4.301861
153 4.304359
154 4.325950
155 4.343187
156 4.356287
157 4.365465
158 4.370899
159 4.372701
160 4.372701
161 4.372536
162 4.372047
163 4.371249
164 4.370161
165 4.368808
166 4.367223
167 4.365438
168 4.363490
169 4.361413
170 4.359241
171 4.357002
172 4.354720
173 4.352414
174 4.350094
175 4.347765
176 4.345426
177 4.343072
178 4.340691
179 4.338274
180 4.335808
181 4.333283
182 4.330694
183 4.328043
184 4.325337
185 4.322594
186 4.319845
187 4.317130
188 4.314501
189 4.312024
190 4.309775
191 4.307840
192 4.306316
193 4.305309
194 4.304933
195 4.305305
196 4.306551
197 4.308800
198 4.312184
199 4.316841
200 4.322911
201 4.330539
202 4.339873
203 4.351064
204 4.364268
205 4.379641
206 4.397337
207 4.417503
208 4.440273
209 4.465760
210 4.494041
211 4.525138
212 4.558974
213 4.593170
214 4.581880
215 4.567758
216 4.554496
217 4.542235
218 4.531038
219 4.520923
220 4.511869
221 4.503825
222 4.496718
223 4.490470
224 4.485021
225 4.480361
226 4.476605
227 4.474105
228 4.473527
229 4.475212
230 4.477925
231 4.479738
232 4.479707
233 4.477824
234 4.473961
235 4.468433
236 4.462691
237 4.460353
238 4.461285
239 4.461847
240 4.461847
241 4.459989
242 4.472208
243 4.486176
244 4.500845
245 4.512884
246 4.518170
247 4.512815
248 4.494338
249 4.462411
250 4.417840
251 4.361015
252 4.292014
253 4.211237
254 4.119496
255 4.017861
256 3.907515
257 3.789681
258 3.665592
259 3.536484
260 3.403580
261 3.268088
262 3.131186
263 2.994003
264 2.857605
265 2.722967
266 2.590956
267 2.462307
268 2.337612
269 2.217311
270 2.101704
271 1.990973
272 1.885208
273 1.784444
274 1.688694
275 1.597989
276 1.512404
277 1.432080
278 1.357227
279 1.288116
280 1.225060
281 1.168390
282 1.118447
283 1.075573
284 1.040132
285 1.012534
286 0.993258
287 0.982864
288 0.981972
289 0.991216
290 1.011167
291 1.042266
292 1.084765
293 1.138700
294 1.203891
295 1.279965
296 1.366391
297 1.462536
298 1.567730
299 1.681337
300 1.802838
301 1.931883
302 2.068334
303 2.212253
304 2.363851
305 2.523402
306 2.691148
307 2.867197
308 3.051454
309 3.243570
310 3.442909
311 3.648512
312 3.859031
313 4.072580
314 4.286412
315 4.486574
316 4.437069
317 4.354681
318 4.344523
319 4.371679
320 4.371679
321 4.310096
322 4.443155
323 4.365306
324 4.032152
325 3.697978
326 3.371434
327 3.057421
328 2.758743
329 2.476687
330 2.211365
331 1.962135
332 1.728221
333 1.509360
334 1.306157
335 1.119925
336 0.952112
337 0.803731
338 0.675356
339 0.612685
340 0.618212
341 0.633283
342 0.655429
343 0.682744
344 0.713971
345 0.748535
346 0.786439
347 0.828020
348 0.873657
349 0.923578
350 0.977898
351 1.036877
352 1.101276
353 1.172799
354 1.256082
355 1.373244
356 1.526718
357 1.699229
358 1.887364
359 2.091081
360 2.299045
361 2.510154
362 2.728701
363 2.951670
364 3.177023
365 3.402823
366 3.626503
367 3.844443
368 4.051626
369 4.241277
370 4.404603
371 4.530018
372 4.483508
373 4.538783
374 4.362774
375 4.486231
376 4.540718
377 4.484397
378 4.436226
379 4.404313
380 4.391257
381 4.395935
382 4.414768
383 4.443169
384 4.476829
385 4.512215
386 4.523404
387 4.493931
388 4.465965
389 4.440846
390 4.418390
391 4.398012
392 4.378700
393 4.358870
394 4.336227
395 4.307767
396 4.297744
397 4.340393
398 4.364784
399 4.372701
400 4.372701
401 4.372536
402 4.372047
403 4.371249
404 4.370161
405 4.368808
406 4.367223
407 4.365438
408 4.363490
409 4.361413
410 4.359241
411 4.357002
412 4.354720
413 4.352414
414 4.350094
415 4.347765
416 4.345426
417 4.343072
418 4.340691
419 4.338274
420 4.335808
421 4.333283
422 4.330694
423 4.328043
424 4.325337
425 4.322594
426 4.319845
427 4.317130
428 4.314501
429 4.312024
430 4.309775
431 4.307840
432 4.306316
433 4.305309
434 4.304933
435 4.305305
436 4.306551
437 4.308800
438 4.312184
439 4.316841
440 4.322911
441 4.330539
442 4.339873
443 4.351064
444 4.364268
445 4.379641
446 4.397337
447 4.417503
448 4.440273
449 4.465760
450 4.494041
451 4.525138
452 4.558974
453 4.593170
454 4.581880
455 4.567758
456 4.554496
457 4.542235
458 4.531038
459 4.520923
460 4.511869
461 4.503825
462 4.496718
463 4.490470
464 4.485021
465 4.480361
466 4.476605
467 4.474105
468 4.473527
469 4.475212
470 4.477925
471 4.479738
472 4.479707
473 4.477824
474 4.473961
475 4.468433
476 4.462691
477 4.460353
478 4.461285
479 4.461847
480 4.461847
481 4.460545
482 4.459000
483 4.457336
484 4.455735
485 4.454415
486 4.453597
487 4.453446
488 4.453991
489 4.455122
490 4.456670
491 4.458508
492 4.460586
493 4.462913
494 4.465520
495 4.468420
496 4.471602
497 4.475033
498 4.478666
499 4.482457
500 4.486363
501 4.490351
502 4.494392
503 4.498464
504 4.502551
505 4.506639
506 4.510722
507 4.514793
508 4.518850
509 4.522894
510 4.526930
511 4.530964
512 4.535007
513 4.539070
514 4.543168
515 4.547315
516 4.551527
517 4.555818
518 4.560203
519 4.564695
520 4.569308
521 4.574052
522 4.578937
523 4.583973
524 4.589164
525 4.594515
526 4.600025
527 4.605690
528 4.611485
529 4.617305
530 4.621717
531 4.612061
532 4.594124
533 4.575945
534 4.558249
535 4.541182
536 4.524797
537 4.509118
538 4.494157
539 4.479915
540 4.466389
541 4.453570
542 4.441445
543 4.429996
544 4.419207
545 4.409054
546 4.399516
547 4.390567
548 4.382184
549 4.374342
550 4.367014
551 4.360178
552 4.353808
553 4.347883
554 4.342379
555 4.337278
556 4.332558
557 4.328204
558 4.324198
559 4.320526

0 5.046332
1 4.994624
2 4.858796
3 4.673464
4 4.503018
5 4.534429
6 4.548947
7 4.551370
8 4.545793
9 4.535469
10 4.522984
11 4.510311
12 4.498837
13 4.489392
14 4.482316
15 4.477558
16 4.474790
17 4.473534
18 4.473272
19 4.473529
20 4.473933
21 4.474236
22 4.474310
23 4.474121
24 4.473693
25 4.473069
26 4.472283
27 4.471336
28 4.470187
29 4.468752
30 4.466906
31 4.464491
32 4.461324
33 4.457196
34 4.451876
35 4.445103
36 4.436583
37 4.425978
38 4.412900
39 4.396920
40 4.377579
41 4.354445
42 4.327202
43 4.295787
44 4.260555
45 4.222411
46 4.182840
47 4.143816
48 4.107588
49 4.076451
50 4.052551
51 4.037749
52 4.033549
53 4.041025
54 4.060740
55 4.092626
56 4.135851
57 4.188721
58 4.248736
59 4.312877
60 4.378140
61 4.442143
62 4.503502
63 4.561837
64 4.617477
65 4.671091
66 4.723360
67 4.774701
68 4.824985
69 4.873158
70 4.916671
71 4.950632
72 4.966809
73 4.953372
74 4.897473
75 4.791553
76 4.638588
77 4.620828
78 4.727899
79 4.801702
80 4.801702
81 4.778730
82 4.767888
83 4.767334
84 4.773760
85 4.783899
86 4.791521
87 4.770530
88 4.741024
89 4.708012
90 4.672613
91 4.635707
92 4.598188
93 4.575836
94 4.593604
95 4.609719
96 4.623422
97 4.634807
98 4.644011
99 4.651167
100 4.656400
101 4.659824
102 4.661540
103 4.661643
104 4.660223
105 4.657374
106 4.653194
107 4.647792
108 4.641292
109 4.633830
110 4.625557
111 4.616638
112 4.607246
113 4.597561
114 4.587762
115 4.578024
116 4.568509
117 4.559364
118 4.550713
119 4.542652
120 4.535252
121 4.528548
122 4.522547
123 4.517223
124 4.512524
125 4.508373
126 4.504677
127 4.501328
128 4.498214
129 4.495220
130 4.492241
131 4.489182
132 4.485966
133 4.482550
134 4.478959
135 4.475558
136 4.478205
137 4.502416
138 4.531210
139 4.561185
140 4.591970
141 4.623393
142 4.655315
143 4.687586
144 4.720047
145 4.752514
146 4.784770
147 4.816536
148 4.847296
149 4.875023
150 4.897697
151 4.919935
152 4.942732
153 4.965440
154 4.987040
155 5.006377
156 5.022370
157 5.034211
158 5.041444
159 5.043874
160 5.043874
161 5.043583
162 5.042705
163 5.041236
164 5.039171
165 5.036503
166 5.033229
167 5.029345
168 5.024857
169 5.019774
170 5.014115
171 5.007904
172 5.001180
173 4.993984
174 4.986371
175 4.978398
176 4.970132
177 4.961641
178 4.952995
179 4.944267
180 4.935525
181 4.926837
182 4.918264
183 4.909861
184 4.901674
185 4.893740
186 4.886084
187 4.878716
188 4.871631
189 4.864807
190 4.858206
191 4.851769
192 4.845423
193 4.839077
194 4.832627
195 4.825958
196 4.818950
197 4.811480
198 4.803429
199 4.794687
200 4.785160
201 4.774774
202 4.763481
203 4.751262
204 4.738132
205 4.724141
206 4.709372
207 4.693944
208 4.678005
209 4.661730
210 4.645313
211 4.628966
212 4.612940
213 4.599684
214 4.634694
215 4.635549
216 4.624844
217 4.614750
218 4.605290
219 4.596416
220 4.588040
221 4.580050
222 4.572319
223 4.564715
224 4.557114
225 4.549409
226 4.541524
227 4.533421
228 4.525106
229 4.516638
230 4.508126
231 4.499737
232 4.491715
233 4.484516
234 4.479401
235 4.477248
236 4.477121
237 4.477899
238 4.468801
239 4.465871
240 4.465871
241 4.477280
242 4.510953
243 4.565919
244 4.634676
245 4.707975
246 4.781204
247 4.852132
248 4.919458
249 4.981959
250 5.038016
251 5.085472
252 5.121794
253 5.144557
254 5.152109
255 5.144156
256 5.121926
257 5.087860
258 5.045035
259 4.996609
260 4.945419
261 4.893760
262 4.843315
263 4.795199
264 4.750073
265 4.708287
266 4.670016
267 4.635365
268 4.604427
269 4.577299
270 4.554056
271 4.534710
272 4.519160
273 4.507165
274 4.498334
275 4.492155
276 4.488035
277 4.485358
278 4.483547
279 4.482104
280 4.480640
281 4.478894
282 4.476717
283 4.474064
284 4.470970
285 4.467524
286 4.463851
287 4.460104
288 4.456450
289 4.453067
290 4.450127
291 4.447779
292 4.446127
293 4.445201
294 4.444949
295 4.445227
296 4.445823
297 4.446488
298 4.446995
299 4.447197
300 4.447093
301 4.446872
302 4.446922
303 4.447805
304 4.450175
305 4.454661
306 4.461723
307 4.471494
308 4.483652
309 4.497324
310 4.511053
311 4.522806
312 4.530013
313 4.529549
314 4.517577
315 4.498807
316 4.695456
317 4.870247
318 4.997917
319 5.046332
320 5.046332
321 4.937296
322 4.680800
323 4.515968
324 4.542323
325 4.541631
326 4.526858
327 4.507327
328 4.489336
329 4.476252
330 4.468849
331 4.466080
332 4.466059
333 4.466962
334 4.467610
335 4.467623
336 4.467228
337 4.466894
338 4.466979
339 4.467524
340 4.468226
341 4.468549
342 4.467884
343 4.465669
344 4.461443
345 4.454814
346 4.445396
347 4.432772
348 4.416520
349 4.396325
350 4.372166
351 4.344532
352 4.314574
353 4.284137
354 4.255664
355 4.232138
356 4.217168
357 4.215229
358 4.231737
359 4.272542
360 4.342501
361 4.443056
362 4.569430
363 4.709228
364 4.845549
365 4.964734
366 5.059175
367 5.119484
368 5.126130
369 5.052748
370 4.886568
371 4.643522
372 4.616102
373 4.649299
374 4.640104
375 4.600091
376 4.586711
377 4.653533
378 4.694028
379 4.710300
380 4.707129
381 4.689753
382 4.662911
383 4.630499
384 4.595644
385 4.561231
386 4.553452
387 4.589785
388 4.629328
389 4.671740
390 4.717477
391 4.764737
392 4.776302
393 4.797873
394 4.832590
395 4.880842
396 4.938063
397 4.993511
398 5.031925
399 5.043874
400 5.043874
401 5.043583
402 5.042705
403 5.041236
404 5.039171
405 5.036503
406 5.033229
407 5.029345
408 5.024857
409 5.019774
410 5.014115
411 5.007904
412 5.001180
413 4.993984
414 4.986371
415 4.978398
416 4.970132
417 4.961641
418 4.952995
419 4.944267
420 4.935525
421 4.926837
422 4.918264
423 4.909861
424 4.901674
425 4.893740
426 4.886084
427 4.878716
428 4.871631
429 4.864807
430 4.858206
431 4.851769
432 4.845423
433 4.839077
434 4.832627
435 4.825958
436 4.818950
437 4.811480
438 4.803429
439 4.794687
440 4.785160
441 4.774774
442 4.763481
443 4.751262
444 4.738132
445 4.724141
446 4.709372
447 4.693944
448 4.678005
449 4.661730
450 4.645313
451 4.628966
452 4.612940
453 4.599684
454 4.634694
455 4.635549
456 4.624844
457 4.614750
458 4.605290
459 4.596416
460 4.588040
461 4.580050
462 4.572319
463 4.564715
464 4.557114
465 4.549409
466 4.541524
467 4.533421
468 4.525106
469 4.516638
470 4.508126
471 4.499737
472 4.491715
473 4.484516
474 4.479401
475 4.477248
476 4.477121
477 4.477899
478 4.468801
479 4.465871
480 4.465871
481 4.467464
482 4.472359
483 4.480017
484 4.483412
485 4.484493
486 4.485378
487 4.486287
488 4.487323
489 4.488553
490 4.489988
491 4.491573
492 4.493187
493 4.494674
494 4.495887
495 4.496729
496 4.497189
497 4.497370
498 4.497494
499 4.497857
500 4.498723
501 4.500216
502 4.502305
503 4.504880
504 4.507821
505 4.511028
506 4.514427
507 4.517968
508 4.521618
509 4.525355
510 4.529167
511 4.533047
512 4.536993
513 4.541006
514 4.545088
515 4.549244
516 4.553481
517 4.557808
518 4.562234
519 4.566768
520 4.571419
521 4.576197
522 4.581110
523 4.586163
524 4.591362
525 4.596705
526 4.602190
527 4.607803
528 4.613507
529 4.619190
530 4.624611
531 4.630486
532 4.636832
533 4.643371
534 4.650044
535 4.656820
536 4.663677
537 4.670594
538 4.677551
539 4.684526
540 4.691498
541 4.698445
542 4.705348
543 4.712185
544 4.718938
545 4.725587
546 4.732116
547 4.738509
548 4.744753
549 4.750836
550 4.756748
551 4.762481
552 4.768030
553 4.773392
554 4.778565
555 4.783550
556 4.788351
557 4.792972
558 4.797419
559 4.801702

0 5.046500
1 5.027883
2 4.986953
3 4.949075
4 4.926697
5 4.919419
6 4.923119
7 4.934186
8 4.950100
9 4.969144
10 4.990109
11 5.012102
12 5.034436
13 5.056566
14 5.078056
15 5.098564
16 5.117838
17 5.135712
18 5.152102
19 5.166996
20 5.180436
21 5.192493
22 5.203244
23 5.212746
24 5.221015
25 5.228023
26 5.233691
27 5.237895
28 5.240475
29 5.241243
30 5.239984
31 5.236466
32 5.230443
33 5.221664
34 5.209886
35 5.194879
36 5.176438
37 5.154391
38 5.128605
39 5.099011
40 5.065630
41 5.028630
42 4.988393
43 4.945583
44 4.901187
45 4.856516
46 4.813146
47 4.772824
48 4.737344
49 4.708437
50 4.687671
51 4.676384
52 4.675640
53 4.686201
54 4.708492
55 4.742562
56 4.788001
57 4.843842
58 4.908454
59 4.979494
60 5.053981
61 5.128562
62 5.199946
63 5.265373
64 5.322908
65 5.371421
66 5.410309
67 5.439097
68 5.457092
69 5.463139
70 5.455588
71 5.432518
72 5.392291
73 5.334298
74 5.259558
75 5.170841
76 5.072441
77 4.970401
78 4.874466
79 4.802744
80 4.802744
81 4.824026
82 4.835568
83 4.837833
84 4.831641
85 4.818171
86 4.802528
87 4.810523
88 4.822312
89 4.833435
90 4.843458
91 4.852241
92 4.859753
93 4.866024
94 4.871114
95 4.875103
96 4.878083
97 4.880150
98 4.881404
99 4.881940
100 4.881854
101 4.881234
102 4.880160
103 4.878704
104 4.876929
105 4.874886
106 4.872617
107 4.870155
108 4.867521
109 4.864733
110 4.861801
111 4.858731
112 4.855528
113 4.852196
114 4.848742
115 4.845171
116 4.841496
117 4.837729
118 4.833888
119 4.829993
120 4.826068
121 4.822135
122 4.818223
123 4.814356
124 4.810564
125 4.806871
126 4.803304
127 4.799891
128 4.796656
129 4.793629
130 4.790839
131 4.788318
132 4.786104
133 4.784240
134 4.782777
135 4.781774
136 4.781301
137 4.781441
138 4.782287
139 4.783952
140 4.786560
141 4.790256
142 4.795202
143 4.801575
144 4.809567
145 4.819378
146 4.831212
147 4.845278
148 4.861929
149 4.882894
150 4.909709
151 4.937049
152 4.962959
153 4.986887
154 5.008459
155 5.027317
156 5.043022
157 5.054987
158 5.062535
159 5.065119
160 5.065119
161 5.064813
162 5.063884
163 5.062329
164 5.060144
165 5.057324
166 5.053866
167 5.049769
168 5.045040
169 5.039690
170 5.033739
171 5.027215
172 5.020157
173 5.012612
174 5.004637
175 4.996296
176 4.987662
177 4.978810
178 4.969821
179 4.960779
180 4.951764
181 4.942854
182 4.934123
183 4.925635
184 4.917444
185 4.909594
186 4.902109
187 4.895003
188 4.888268
189 4.881882
190 4.875802
191 4.869970
192 4.864312
193 4.858738
194 4.853149
195 4.847436
196 4.841485
197 4.835184
198 4.828424
199 4.821108
200 4.813152
201 4.804492
202 4.795089
203 4.784932
204 4.774040
205 4.762462
206 4.750278
207 4.737596
208 4.724548
209 4.711284
210 4.697964
211 4.684752
212 4.671805
213 4.659284
214 4.647628
215 4.676522
216 4.719387
217 4.763383
218 4.807626
219 4.851060
220 4.892399
221 4.930104
222 4.962406
223 4.987379
224 5.003110
225 5.007963
226 5.000893
227 4.981687
228 4.951022
229 4.910319
230 4.861465
231 4.806564
232 4.747766
233 4.687230
234 4.627216
235 4.570348
236 4.520299
237 4.484135
238 4.479527
239 4.480192
240 4.480192
241 4.485523
242 4.557022
243 4.668201
244 4.789546
245 4.910636
246 5.024060
247 5.124279
248 5.208417
249 5.277085
250 5.333623
251 5.381874
252 5.424327
253 5.461666
254 5.493282
255 5.518001
256 5.534694
257 5.542663
258 5.541835
259 5.532772
260 5.516551
261 5.494593
262 5.468477
263 5.439775
264 5.409926
265 5.380160
266 5.351462
267 5.324579
268 5.300042
269 5.278217
270 5.259337
271 5.243528
272 5.230819
273 5.221131
274 5.214274
275 5.209932
276 5.207677
277 5.206988
278 5.207303
279 5.208069
280 5.208807
281 5.209160
282 5.208922
283 5.208046
284 5.206613
285 5.204787
286 5.202758
287 5.200672
288 5.198590
289 5.196461
290 5.194118
291 5.191312
292 5.187747
293 5.183137
294 5.177251
295 5.169942
296 5.161158
297 5.150930
298 5.139348
299 5.126524
300 5.112569
301 5.097571
302 5.081593
303 5.064685
304 5.046902
305 5.028328
306 5.009104
307 4.989453
308 4.969703
309 4.950322
310 4.931957
311 4.915495
312 4.902178
313 4.893801
314 4.893066
315 4.903989
316 4.931435
317 4.976338
318 5.024587
319 5.046500
320 5.046500
321 5.006274
322 4.943179
323 4.913037
324 4.913001
325 4.930020
326 4.956047
327 4.986527
328 5.018651
329 5.050541
330 5.080920
331 5.108978
332 5.134318
333 5.156870
334 5.176758
335 5.194116
336 5.208961
337 5.221160
338 5.230505
339 5.236823
340 5.240043
341 5.240159
342 5.237144
343 5.230853
344 5.220977
345 5.207067
346 5.188617
347 5.165184
348 5.136526
349 5.102747
350 5.064470
351 5.023018
352 4.980556
353 4.940088
354 4.905234
355 4.879907
356 4.868051
357 4.873587
358 4.900434
359 4.952220
360 5.031168
361 5.135955
362 5.254864
363 5.358447
364 5.492665
365 5.570410
366 5.594073
367 5.559514
368 5.466266
369 5.323325
370 5.146862
371 4.952852
372 4.753001
373 4.675496
374 4.829018
375 4.951653
376 5.030146
377 5.062843
378 5.058592
379 5.031646
380 4.994486
381 4.954857
382 4.916605
383 4.881458
384 4.850282
385 4.823621
386 4.801784
387 4.784817
388 4.772569
389 4.764932
390 4.762193
391 4.766968
392 4.817384
393 4.868723
394 4.918237
395 4.963532
396 5.002310
397 5.032871
398 5.055080
399 5.065119
400 5.065119
401 5.064813
402 5.063884
403 5.062329
404 5.060144
405 5.057324
406 5.053866
407 5.049769
408 5.045040
409 5.039690
410 5.033739
411 5.027215
412 5.020157
413 5.012612
414 5.004637
415 4.996296
416 4.987662
417 4.978810
418 4.969821
419 4.960779
420 4.951764
421 4.942854
422 4.934123
423 4.925635
424 4.917444
425 4.909594
426 4.902109
427 4.895003
428 4.888268
429 4.881882
430 4.875802
431 4.869970
432 4.864312
433 4.858738
434 4.853149
435 4.847436
436 4.841485
437 4.835184
438 4.828424
439 4.821108
440 4.813152
441 4.804492
442 4.795089
443 4.784932
444 4.774040
445 4.762462
446 4.750278
447 4.737596
448 4.724548
449 4.711284
450 4.697964
451 4.684752
452 4.671805
453 4.659284
454 4.647628
455 4.676522
456 4.719387
457 4.763383
458 4.807626
459 4.851060
460 4.892399
461 4.930104
462 4.962406
463 4.987379
464 5.003110
465 5.007963
466 5.000893
467 4.981687
468 4.951022
469 4.910319
470 4.861465
471 4.806564
472 4.747766
473 4.687230
474 4.627216
475 4.570348
476 4.520299
477 4.484135
478 4.479527
479 4.480192
480 4.480192
481 4.481340
482 4.482564
483 4.484748
484 4.495184
485 4.511874
486 4.532314
487 4.555737
488 4.581487
489 4.608996
490 4.637784
491 4.667441
492 4.697606
493 4.727955
494 4.758185
495 4.788007
496 4.817135
497 4.845287
498 4.872177
499 4.897523
500 4.921041
501 4.942458
502 4.961512
503 4.977965
504 4.991611
505 5.002290
506 5.009892
507 5.014366
508 5.015725
509 5.014041
510 5.009444
511 5.002108
512 4.992245
513 4.980091
514 4.965897
515 4.949918
516 4.932403
517 4.913597
518 4.893729
519 4.873012
520 4.851647
521 4.829814
522 4.807679
523 4.785393
524 4.763093
525 4.740904
526 4.718943
527 4.697325
528 4.676189
529 4.655819
530 4.637940
531 4.634534
532 4.639819
533 4.646046
534 4.652553
535 4.659212
536 4.665974
537 4.672805
538 4.679682
539 4.686580
540 4.693478
541 4.700354
542 4.707186
543 4.713955
544 4.720642
545 4.727228
546 4.733696
547 4.740032
548 4.746221
549 4.752252
550 4.758115
551 4.763802
552 4.769308
553 4.774630
554 4.779765
555 4.784715
556 4.789482
557 4.794072
558 4.798490
559 4.802744

0 5.755656
1 5.783486
2 5.859616
3 5.971944
4 6.107022
5 6.254971
6 6.410880
7 6.573551
8 6.743578
9 6.921938
10 7.109320
11 7.305950
12 7.511662
13 7.726064
14 7.948687
15 8.179097
16 8.416943
17 8.661936
18 8.913782
19 9.172016
20 9.435562
21 9.700035
22 9.859760
23 9.637047
24 9.379594
25 9.119728
26 8.861050
27 8.605301
28 8.353672
29 8.107050
30 7.866105
31 7.631347
32 7.403185
33 7.181978
34 6.968095
35 6.761967
36 6.564128
37 6.375255
38 6.196182
39 6.027901
40 5.871523
41 5.728207
42 5.599029
43 5.484817
44 5.385959
45 5.302264
46 5.232935
47 5.176696
48 5.132035
49 5.097488
50 5.071869
51 5.054424
52 5.044918
53 5.043649
54 5.051447
55 5.069653
56 5.100072
57 5.144892
58 5.206478
59 5.287005
60 5.387932
61 5.509474
62 5.650347
63 5.807856
64 5.978193
65 6.156642
66 6.337420
67 6.512771
68 6.670221
69 6.785217
70 6.813959
71 6.739662
72 6.617894
73 6.503753
74 6.426893
75 6.399234
76 6.417163
77 6.466117
78 6.527087
79 6.577969
80 6.577969
81 6.564913
82 6.564038
83 6.576340
84 6.601731
85 6.635043
86 6.636670
87 6.632575
88 6.628063
89 6.624526
90 6.623006
91 6.624297
92 6.628976
93 6.637426
94 6.649856
95 6.666320
96 6.686731
97 6.710867
98 6.738372
99 6.768752
100 6.801354
101 6.835343
102 6.869669
103 6.903051
104 6.934008
105 6.960976
106 6.982552
107 6.997797
108 7.006447
109 7.008898
110 7.005977
111 6.998673
112 6.987933
113 6.974567
114 6.959230
115 6.942433
116 6.924568
117 6.905941
118 6.886787
119 6.867289
120 6.847593
121 6.827809
122 6.808023
123 6.788295
124 6.768662
125 6.749139
126 6.729715
127 6.710355
128 6.690997
129 6.671551
130 6.651898
131 6.631894
132 6.611367
133 6.590123
134 6.567949
135 6.544621
136 6.519907
137 6.493577
138 6.465411
139 6.435205
140 6.402775
141 6.367960
142 6.330609
143 6.290579
144 6.247740
145 6.202076
146 6.153939
147 6.104259
148 6.054354
149 6.005497
150 5.958708
151 5.914775
152 5.874338
153 5.837957
154 5.806143
155 5.779363
156 5.758034
157 5.742511
158 5.733062
159 5.729856
160 5.729856
161 5.730810
162 5.733591
163 5.738177
164 5.744537
165 5.752631
166 5.762409
167 5.773819
168 5.786804
169 5.801304
170 5.817260
171 5.834611
172 5.853291
173 5.873232
174 5.894362
175 5.916603
176 5.939871
177 5.964078
178 5.989131
179 6.014933
180 6.041385
181 6.068385
182 6.095832
183 6.123622
184 6.151651
185 6.179813
186 6.208000
187 6.236100
188 6.264000
189 6.291581
190 6.318721
191 6.345295
192 6.371177
193 6.396240
194 6.420361
195 6.443420
196 6.465303
197 6.485903
198 6.505120
199 6.522862
200 6.539042
201 6.553578
202 6.566387
203 6.577388
204 6.586496
205 6.593621
206 6.598667
207 6.601533
208 6.602111
209 6.600297
210 6.595986
211 6.589088
212 6.579524
213 6.567244
214 6.552230
215 6.534503
216 6.514134
217 6.491249
218 6.466034
219 6.438743
220 6.409698
221 6.379279
222 6.347868
223 6.315171
224 6.266528
225 6.218379
226 6.173516
227 6.132669
228 6.096465
229 6.065411
230 6.039836
231 6.019811
232 6.005087
233 5.995043
234 5.988643
235 5.984341
236 5.980192
237 5.975570
238 5.971882
239 5.970201
240 5.970201
241 5.973493
242 5.965513
243 5.946140
244 5.926097
245 5.909548
246 5.898775
247 5.894603
248 5.896913
249 5.905171
250 5.918880
251 5.937886
252 5.962524
253 5.993514
254 6.031635
255 6.077339
256 6.130566
257 6.190853
258 6.257571
259 6.330118
260 6.408016
261 6.490916
262 6.578583
263 6.670879
264 6.767742
265 6.869175
266 6.975225
267 7.085957
268 7.201415
269 7.321587
270 7.446378
271 7.575600
272 7.708978
273 7.846177
274 7.986845
275 8.130656
276 8.277351
277 8.426763
278 8.578824
279 8.733548
280 8.891001
281 9.051255
282 9.214351
283 9.380269
284 9.548905
285 9.720070
286 9.893478
287 10.068720
288 10.245135
289 10.421189
290 10.587164
291 10.697634
292 10.778728
293 10.749292
294 10.522046
295 10.262315
296 9.999053
297 9.737641
298 9.480257
299 9.228158
300 8.982150
301 8.742740
302 8.510217
303 8.284723
304 8.066329
305 7.855105
306 7.651173
307 7.454721
308 7.265956
309 7.085000
310 6.911718
311 6.745534
312 6.585313
313 6.429516
314 6.276914
315 6.128215
316 5.988462
317 5.868972
318 5.786202
319 5.755656
320 5.755656
321 5.817967
322 5.977221
323 6.187000
324 6.417196
325 6.660450
326 6.919325
327 7.196779
328 7.493580
329 7.808936
330 8.141647
331 8.490801
332 8.855811
333 9.235942
334 9.629467
335 10.030570
336 10.070242
337 9.723723
338 9.374206
339 9.028815
340 8.690257
341 8.359863
342 8.038212
343 7.725651
344 7.422771
345 7.130731
346 6.851349
347 6.586962
348 6.340103
349 6.113123
350 5.907867
351 5.725520
352 5.566670
353 5.431531
354 5.320202
355 5.232765
356 5.169157
357 5.128914
358 5.111087
359 5.114539
360 5.138683
361 5.184550
362 5.260199
363 5.386778
364 5.503596
365 5.674409
366 5.866701
367 6.054103
368 6.214419
369 6.335828
370 6.428249
371 6.509206
372 6.576719
373 6.593557
374 6.621777
375 6.617055
376 6.611279
377 6.625367
378 6.661111
379 6.697398
380 6.710432
381 6.705314
382 6.691885
383 6.674303
384 6.654271
385 6.632715
386 6.610007
387 6.585624
388 6.557685
389 6.522684
390 6.475269
391 6.405923
392 6.299108
393 6.175123
394 6.057188
395 5.951432
396 5.861325
397 5.791009
398 5.745668
399 5.729856
400 5.729856
401 5.730810
402 5.733591
403 5.738177
404 5.744537
405 5.752631
406 5.762409
407 5.773819
408 5.786804
409 5.801304
410 5.817260
411 5.834611
412 5.853291
413 5.873232
414 5.894362
415 5.916603
416 5.939871
417 5.964078
418 5.989131
419 6.014933
420 6.041385
421 6.068385
422 6.095832
423 6.123622
424 6.151651
425 6.179813
426 6.208000
427 6.236100
428 6.264000
429 6.291581
430 6.318721
431 6.345295
432 6.371177
433 6.396240
434 6.420361
435 6.443420
436 6.465303
437 6.485903
438 6.505120
439 6.522862
440 6.539042
441 6.553578
442 6.566387
443 6.577388
444 6.586496
445 6.593621
446 6.598667
447 6.601533
448 6.602111
449 6.600297
450 6.595986
451 6.589088
452 6.579524
453 6.567244
454 6.552230
455 6.534503
456 6.514134
457 6.491249
458 6.466034
459 6.438743
460 6.409698
461 6.379279
462 6.347868
463 6.315171
464 6.266528
465 6.218379
466 6.173516
467 6.132669
468 6.096465
469 6.065411
470 6.039836
471 6.019811
472 6.005087
473 5.995043
474 5.988643
475 5.984341
476 5.980192
477 5.975570
478 5.971882
479 5.970201
480 5.970201
481 5.970249
482 5.970243
483 5.969903
484 5.968974
485 5.967433
486 5.965469
487 5.963349
488 5.961346
489 5.959726
490 5.958741
491 5.958626
492 5.959599
493 5.961853
494 5.965555
495 5.970838
496 5.977801
497 5.986507
498 5.996986
499 6.009233
500 6.023215
501 6.038872
502 6.056127
503 6.074883
504 6.095036
505 6.116473
506 6.139080
507 6.162743
508 6.187350
509 6.212794
510 6.238972
511 6.265780
512 6.293108
513 6.320807
514 6.348545
515 6.374820
516 6.394874
517 6.411286
518 6.426861
519 6.441971
520 6.456669
521 6.470948
522 6.484790
523 6.498169
524 6.511060
525 6.523438
526 6.535279
527 6.546560
528 6.557261
529 6.567363
530 6.576849
531 6.585706
532 6.593920
533 6.601482
534 6.608384
535 6.614620
536 6.620185
537 6.625080
538 6.629304
539 6.632859
540 6.635749
541 6.637980
542 6.639559
543 6.640495
544 6.640796
545 6.640474
546 6.639541
547 6.638007
548 6.635888
549 6.633195
550 6.629943
551 6.626146
552 6.621819
553 6.616977
554 6.611634
555 6.605806
556 6.599510
557 6.592760
558 6.585574
559 6.577969

0 5.756162
1 5.811383
2 5.962547
3 6.179881
4 6.439244
5 6.725353
6 7.028460
7 7.248439
8 7.393058
9 7.542200
10 7.698119
11 7.862202
12 8.035415
13 8.218379
14 8.411409
15 8.614550
16 8.827584
17 9.050030
18 9.281101
19 9.519561
20 9.763138
21 10.003298
22 10.032950
23 10.070380
24 9.841205
25 9.601220
26 9.360859
27 9.122936
28 8.889016
29 8.660229
30 8.437484
31 8.221564
32 8.013167
33 7.812945
34 7.621516
35 7.439484
36 7.267442
37 7.105982
38 6.955695
39 6.817158
40 6.690901
41 6.577354
42 6.476761
43 6.389104
44 6.314041
45 6.250892
46 6.198688
47 6.156271
48 6.122419
49 6.095986
50 6.076017
51 6.061843
52 6.053140
53 6.049964
54 6.052745
55 6.062279
56 6.079694
57 6.106412
58 6.144097
59 6.194550
60 6.259525
61 6.340405
62 6.437767
63 6.550959
64 6.677850
65 6.814836
66 6.956938
67 7.097585
68 7.227165
69 7.327942
70 7.367178
71 7.331545
72 7.261602
73 7.195130
74 7.140767
75 7.039616
76 6.888648
77 6.754103
78 6.647794
79 6.582392
80 6.582392
81 6.605909
82 6.623577
83 6.634757
84 6.640252
85 6.646091
86 6.692621
87 6.754225
88 6.825115
89 6.900679
90 6.961615
91 6.985617
92 6.999629
93 7.014940
94 7.033601
95 7.056147
96 7.082726
97 7.113330
98 7.147867
99 7.186170
100 7.227985
101 7.272934
102 7.320409
103 7.369344
104 7.417729
105 7.461765
106 7.495700
107 7.514693
108 7.518908
109 7.513238
110 7.502482
111 7.489347
112 7.475153
113 7.460553
114 7.445885
115 7.431331
116 7.416988
117 7.402902
118 7.389093
119 7.375557
120 7.362274
121 7.349214
122 7.336332
123 7.323575
124 7.310880
125 7.298169
126 7.285357
127 7.272341
128 7.258998
129 7.245163
130 7.230558
131 7.214336
132 7.188288
133 7.121475
134 7.043991
135 6.966365
136 6.889571
137 6.813910
138 6.739570
139 6.666721
140 6.595546
141 6.526268
142 6.459173
143 6.394634
144 6.333114
145 6.275075
146 6.220727
147 6.169819
148 6.121822
149 6.076347
150 6.033342
151 5.993047
152 5.955879
153 5.922334
154 5.892925
155 5.868133
156 5.848381
157 5.834011
158 5.825277
159 5.822334
160 5.822334
161 5.823295
162 5.826115
163 5.830788
164 5.837300
165 5.845629
166 5.855743
167 5.867601
168 5.881145
169 5.896310
170 5.913015
171 5.931173
172 5.950688
173 5.971461
174 5.993394
175 6.016388
176 6.040351
177 6.065194
178 6.090834
179 6.117192
180 6.144189
181 6.171747
182 6.199785
183 6.228212
184 6.256933
185 6.285838
186 6.314807
187 6.343708
188 6.372397
189 6.400722
190 6.428523
191 6.455637
192 6.481899
193 6.507148
194 6.531230
195 6.553998
196 6.575319
197 6.595074
198 6.613155
199 6.629474
200 6.643954
201 6.656531
202 6.667151
203 6.675768
204 6.682334
205 6.686805
206 6.689126
207 6.689238
208 6.687068
209 6.682535
210 6.675550
211 6.666020
212 6.653854
213 6.638976
214 6.621329
215 6.600888
216 6.577667
217 6.551711
218 6.523085
219 6.491774
220 6.457313
221 6.417300
222 6.368956
223 6.318035
224 6.283561
225 6.250751
226 6.218055
227 6.186015
228 6.155191
229 6.126043
230 6.098941
231 6.074194
232 6.052067
233 6.032817
234 6.016759
235 6.004423
236 5.996408
237 5.991036
238 5.986156
239 5.983546
240 5.983546
241 5.985426
242 5.998916
243 6.032661
244 6.081749
245 6.145809
246 6.224155
247 6.315167
248 6.355676
249 6.368657
250 6.401202
251 6.446295
252 6.497739
253 6.551769
254 6.606988
255 6.663505
256 6.722051
257 6.783395
258 6.848082
259 6.916393
260 6.988436
261 7.064260
262 7.143956
263 7.227696
264 7.315739
265 7.408386
266 7.505924
267 7.608562
268 7.716391
269 7.829363
270 7.947303
271 8.069939
272 8.196949
273 8.327999
274 8.462782
275 8.601030
276 8.742526
277 8.887091
278 9.034566
279 9.184798
280 9.337606
281 9.492749
282 9.649853
283 9.808194
284 9.965739
285 10.113486
286 10.231217
287 10.331552
288 10.428049
289 10.523995
290 10.627544
291 10.776508
292 10.892179
293 10.866417
294 10.724663
295 10.509505
296 10.275064
297 10.036337
298 9.798917
299 9.565596
300 9.338106
301 9.117677
302 8.905230
303 8.701447
304 8.506794
305 8.321517
306 8.145635
307 7.978917
308 7.820859
309 7.670642
310 7.527075
311 7.388507
312 7.251906
313 6.998728
314 6.698839
315 6.417722
316 6.164580
317 5.954097
318 5.808882
319 5.756162
320 5.756162
321 5.874992
322 6.174454
323 6.571024
324 7.017900
325 7.320814
326 7.537960
327 7.768805
328 8.017939
329 8.287919
330 8.579772
331 8.893263
332 9.226997
333 9.578388
334 9.943144
335 10.306509
336 10.436327
337 10.173812
338 9.846413
339 9.520956
340 9.201765
341 8.891084
342 8.590426
343 8.301009
344 8.024022
345 7.760774
346 7.512766
347 7.281676
348 7.069260
349 6.877174
350 6.706716
351 6.558534
352 6.432402
353 6.327197
354 6.241171
355 6.172429
356 6.119439
357 6.081330
358 6.057926
359 6.049572
360 6.056972
361 6.081247
362 6.124323
363 6.189241
364 6.279005
365 6.392665
366 6.522065
367 6.654845
368 6.779894
369 6.888098
370 6.875108
371 6.737040
372 6.634772
373 6.617762
374 6.628906
375 6.721428
376 6.761131
377 6.772478
378 6.833396
379 6.916949
380 7.010746
381 7.048715
382 7.065000
383 7.078222
384 7.089607
385 7.098161
386 7.102078
387 7.088163
388 6.941746
389 6.779026
390 6.622321
391 6.480271
392 6.367841
393 6.266983
394 6.161089
395 6.055123
396 5.959691
397 5.885112
398 5.838269
399 5.822334
400 5.822334
401 5.823295
402 5.826115
403 5.830788
404 5.837300
405 5.845629
406 5.855743
407 5.867601
408 5.881145
409 5.896310
410 5.913015
411 5.931173
412 5.950688
413 5.971461
414 5.993394
415 6.016388
416 6.040351
417 6.065194
418 6.090834
419 6.117192
420 6.144189
421 6.171747
422 6.199785
423 6.228212
424 6.256933
425 6.285838
426 6.314807
427 6.343708
428 6.372397
429 6.400722
430 6.428523
431 6.455637
432 6.481899
433 6.507148
434 6.531230
435 6.553998
436 6.575319
437 6.595074
438 6.613155
439 6.629474
440 6.643954
441 6.656531
442 6.667151
443 6.675768
444 6.682334
445 6.686805
446 6.689126
447 6.689238
448 6.687068
449 6.682535
450 6.675550
451 6.666020
452 6.653854
453 6.638976
454 6.621329
455 6.600888
456 6.577667
457 6.551711
458 6.523085
459 6.491774
460 6.457313
461 6.417300
462 6.368956
463 6.318035
464 6.283561
465 6.250751
466 6.218055
467 6.186015
468 6.155191
469 6.126043
470 6.098941
471 6.074194
472 6.052067
473 6.032817
474 6.016759
475 6.004423
476 5.996408
477 5.991036
478 5.986156
479 5.983546
480 5.983546
481 5.983519
482 5.983924
483 5.985033
484 5.987147
485 5.990402
486 5.994764
487 6.000153
488 6.006492
489 6.013724
490 6.021800
491 6.030678
492 6.040320
493 6.050689
494 6.061747
495 6.073455
496 6.085776
497 6.098670
498 6.112096
499 6.126014
500 6.140382
501 6.155158
502 6.170299
503 6.185763
504 6.201507
505 6.217486
506 6.233659
507 6.249984
508 6.266418
509 6.282923
510 6.299463
511 6.316009
512 6.332539
513 6.349064
514 6.365719
515 6.383503
516 6.404314
517 6.421816
518 6.437469
519 6.452498
520 6.467082
521 6.481244
522 6.494973
523 6.508245
524 6.521037
525 6.533323
526 6.545079
527 6.556282
528 6.566911
529 6.576945
530 6.586368
531 6.595164
532 6.603318
533 6.610819
534 6.617658
535 6.623825
536 6.629316
537 6.634126
538 6.638254
539 6.641699
540 6.644464
541 6.646552
542 6.647970
543 6.648724
544 6.648826
545 6.648285
546 6.647115
547 6.645329
548 6.642943
549 6.639975
550 6.636441
551 6.632361
552 6.627754
553 6.622639
554 6.617037
555 6.610967
556 6.604449
557 6.597502
558 6.590144
559 6.582392

0 6.466544
1 6.499156
2 6.584704
3 6.702287
4 6.834320
5 6.971415
6 7.111086
7 7.348248
8 7.673374
9 8.006285
10 8.344877
11 8.687876
12 9.034182
13 9.382724
14 9.732413
15 10.082121
16 10.430572
17 10.775061
18 10.891750
19 10.666567
20 10.426404
21 10.185258
22 10.207941
23 10.285830
24 10.560735
25 10.840741
26 11.118374
27 11.388594
28 11.644979
29 11.878536
30 12.077639
31 12.231788
32 12.339312
33 12.409356
34 12.454440
35 12.484315
36 12.505055
37 12.520121
38 12.531360
39 12.539646
40 12.545255
41 12.548085
42 12.547797
43 12.543885
44 12.535693
45 12.522344
46 12.502551
47 12.474218
48 12.433660
49 12.374273
50 12.285140
51 12.154563
52 11.984117
53 11.787305
54 11.570492
55 11.332860
56 11.076953
57 10.806314
58 10.525231
59 10.237577
60 9.946390
61 9.654050
62 9.362532
63 9.073631
64 8.789189
65 8.511392
66 8.243286
67 7.989898
68 7.761157
69 7.579583
70 7.487118
71 7.497141
72 7.548292
73 7.418416
74 7.239436
75 7.136826
76 7.114649
77 7.104757
78 7.085634
79 7.080206
80 7.080206
81 7.071505
82 7.060641
83 7.048511
84 7.036013
85 7.024124
86 7.013837
87 7.006196
88 7.002614
89 7.006776
90 7.037006
91 7.114543
92 7.211332
93 7.314954
94 7.422221
95 7.531439
96 7.640859
97 7.649907
98 7.631887
99 7.614603
100 7.598962
101 7.585971
102 7.576847
103 7.573113
104 7.576631
105 7.589194
106 7.610204
107 7.636150
108 7.669546
109 7.713611
110 7.767435
111 7.829239
112 7.897499
113 7.970987
114 8.048702
115 8.129798
116 8.213501
117 8.298727
118 8.310172
119 8.242861
120 8.171399
121 8.096886
122 8.019963
123 7.941159
124 7.860935
125 7.779694
126 7.697788
127 7.615532
128 7.533214
129 7.451120
130 7.369615
131 7.289600
132 7.219307
133 7.189683
134 7.170620
135 7.151569
136 7.131531
137 7.110184
138 7.087338
139 7.062845
140 7.036585
141 7.008462
142 6.978404
143 6.946362
144 6.912304
145 6.876212
146 6.838074
147 6.797896
148 6.755808
149 6.712287
150 6.668332
151 6.625273
152 6.584389
153 6.546730
154 6.513154
155 6.484402
156 6.461152
157 6.444017
158 6.433508
159 6.429968
160 6.429968
161 6.430750
162 6.433095
163 6.436997
164 6.442445
165 6.449421
166 6.457901
167 6.467853
168 6.479237
169 6.492002
170 6.506087
171 6.521419
172 6.537915
173 6.555482
174 6.574018
175 6.593416
176 6.613564
177 6.634350
178 6.655660
179 6.677386
180 6.699421
181 6.721663
182 6.744010
183 6.766365
184 6.788629
185 6.810700
186 6.832471
187 6.853833
188 6.874668
189 6.894855
190 6.914269
191 6.932784
192 6.950275
193 6.966624
194 6.981720
195 6.995461
196 7.007760
197 7.018545
198 7.027760
199 7.035369
200 7.041350
201 7.045701
202 7.048435
203 7.049579
204 7.049166
205 7.047233
206 7.043805
207 7.038874
208 7.032349
209 7.023913
210 7.012529
211 6.994366
212 6.959411
213 6.907517
214 6.849387
215 6.789428
216 6.728990
217 6.668670
218 6.608892
219 6.550155
220 6.493476
221 6.441899
222 6.398955
223 6.360348
224 6.322813
225 6.285860
226 6.249696
227 6.214689
228 6.181225
229 6.149669
230 6.120344
231 6.093521
232 6.069417
233 6.048195
234 6.029980
235 6.014894
236 6.003226
237 5.996233
238 5.993791
239 5.992513
240 5.992513
241 5.991561
242 6.012677
243 6.051846
244 6.107716
245 6.178858
246 6.262938
247 6.355701
248 6.417248
249 6.525116
250 6.633290
251 6.736086
252 6.833126
253 6.926335
254 7.017330
255 7.107250
256 7.197008
257 7.287383
258 7.379018
259 7.472420
260 7.567991
261 7.666042
262 7.766794
263 7.870342
264 7.976626
265 8.085399
266 8.196224
267 8.308498
268 8.421507
269 8.534504
270 8.646783
271 8.757757
272 8.867006
273 8.974295
274 9.079567
275 9.182909
276 9.284511
277 9.384613
278 9.483468
279 9.581319
280 9.678395
281 9.774933
282 9.871250
283 9.967942
284 10.066813
285 10.176428
286 10.316053
287 10.470661
288 10.619766
289 10.745744
290 10.843009
291 10.920370
292 10.987170
293 10.969788
294 11.014139
295 11.095377
296 11.180188
297 11.264076
298 11.345297
299 11.422111
300 11.454798
301 11.116057
302 10.764631
303 10.411329
304 10.057390
305 9.703752
306 9.351279
307 9.000829
308 8.653303
309 8.309674
310 7.971052
311 7.638825
312 7.315746
313 7.120523
314 6.984885
315 6.848393
316 6.714004
317 6.591832
318 6.501373
319 6.466544
320 6.466544
321 6.537966
322 6.705984
323 6.907085
324 7.114193
325 7.497454
326 7.993678
327 8.503507
328 9.022613
329 9.547474
330 10.074734
331 10.600999
332 11.119753
333 11.078227
334 10.766055
335 10.441080
336 10.506460
337 10.864521
338 11.254399
339 11.584799
340 11.773009
341 11.817877
342 11.802826
343 11.768243
344 11.726649
345 11.681732
346 11.633909
347 11.582211
348 11.525185
349 11.461393
350 11.389577
351 11.308519
352 11.216653
353 11.111552
354 10.989429
355 10.844769
356 10.670103
357 10.453451
358 10.177505
359 9.876132
360 9.560834
361 9.236105
362 8.904312
363 8.570100
364 8.233337
365 7.886969
366 7.559371
367 7.273448
368 7.057473
369 6.935411
370 6.917534
371 6.909493
372 6.918720
373 6.917986
374 6.888819
375 6.821679
376 6.883349
377 6.887650
378 6.899265
379 6.968210
380 7.064746
381 7.216516
382 7.414322
383 7.620486
384 7.540371
385 7.416840
386 7.270723
387 7.123721
388 7.096815
389 7.078077
390 7.048348
391 7.004981
392 6.945774
393 6.867414
394 6.766699
395 6.660572
396 6.567704
397 6.494951
398 6.447034
399 6.429968
400 6.429968
401 6.430750
402 6.433095
403 6.436997
404 6.442445
405 6.449421
406 6.457901
407 6.467853
408 6.479237
409 6.492002
410 6.506087
411 6.521419
412 6.537915
413 6.555482
414 6.574018
415 6.593416
416 6.613564
417 6.634350
418 6.655660
419 6.677386
420 6.699421
421 6.721663
422 6.744010
423 6.766365
424 6.788629
425 6.810700
426 6.832471
427 6.853833
428 6.874668
429 6.894855
430 6.914269
431 6.932784
432 6.950275
433 6.966624
434 6.981720
435 6.995461
436 7.007760
437 7.018545
438 7.027760
439 7.035369
440 7.041350
441 7.045701
442 7.048435
443 7.049579
444 7.049166
445 7.047233
446 7.043805
447 7.038874
448 7.032349
449 7.023913
450 7.012529
451 6.994366
452 6.959411
453 6.907517
454 6.849387
455 6.789428
456 6.728990
457 6.668670
458 6.608892
459 6.550155
460 6.493476
461 6.441899
462 6.398955
463 6.360348
464 6.322813
465 6.285860
466 6.249696
467 6.214689
468 6.181225
469 6.149669
470 6.120344
471 6.093521
472 6.069417
473 6.048195
474 6.029980
475 6.014894
476 6.003226
477 5.996233
478 5.993791
479 5.992513
480 5.992513
481 5.993017
482 5.994312
483 5.996462
484 5.999508
485 6.003457
486 6.008296
487 6.014002
488 6.020553
489 6.027920
490 6.036078
491 6.044999
492 6.054651
493 6.065005
494 6.076027
495 6.087684
496 6.099941
497 6.112760
498 6.126105
499 6.139938
500 6.154219
501 6.168909
502 6.183968
503 6.199354
504 6.215025
505 6.230934
506 6.247035
507 6.263274
508 6.279597
509 6.295950
510 6.312289
511 6.328584
512 6.344827
513 6.361029
514 6.377262
515 6.393907
516 6.413702
517 6.440283
518 6.469272
519 6.498965
520 6.529029
521 6.559353
522 6.589880
523 6.620574
524 6.651405
525 6.682349
526 6.713381
527 6.744477
528 6.775609
529 6.806744
530 6.837840
531 6.868841
532 6.899665
533 6.930174
534 6.960118
535 6.988973
536 7.015553
537 7.037501
538 7.052763
539 7.062649
540 7.069601
541 7.074973
542 7.079350
543 7.082999
544 7.086051
545 7.088578
546 7.090623
547 7.092213
548 7.093367
549 7.094101
550 7.094425
551 7.094349
552 7.093882
553 7.093030
554 7.091800
555 7.090200
556 7.088235
557 7.085910
558 7.083232
559 7.080206

0 6.467281
1 6.523456
2 6.674891
3 6.887390
4 7.136647
5 7.408995
6 7.696818
7 7.995521
8 8.302048
9 8.614203
10 8.930326
11 9.249142
12 9.569672
13 9.891178
14 10.213093
15 10.534890
16 10.855476
17 11.102803
18 11.124901
19 11.055388
20 10.833970
21 10.608633
22 10.432613
23 10.576256
24 10.824901
25 11.081026
26 11.334669
27 11.580162
28 11.811202
29 12.019998
30 12.198094
31 12.339423
32 12.443893
33 12.517378
34 12.568039
35 12.603072
36 12.627660
37 12.645191
38 12.657750
39 12.666521
40 12.672052
41 12.674430
42 12.673389
43 12.668360
44 12.658467
45 12.642418
46 12.618244
47 12.582775
48 12.530714
49 12.453423
50 12.339836
51 12.186186
52 12.002177
53 11.797627
54 11.578439
55 11.347260
56 11.101770
57 10.843068
58 10.574776
59 10.300780
60 10.024431
61 9.748548
62 9.475619
63 9.207975
64 8.947976
65 8.698223
66 8.461915
67 8.243564
68 8.050815
69 7.899488
70 7.820145
71 7.802974
72 7.637325
73 7.595705
74 7.457967
75 7.325370
76 7.214782
77 7.133095
78 7.096070
79 7.080760
80 7.080760
81 7.096307
82 7.123724
83 7.162430
84 7.211800
85 7.270971
86 7.338892
87 7.414401
88 7.496289
89 7.583274
90 7.673284
91 7.731431
92 7.726793
93 7.715859
94 7.701896
95 7.685845
96 7.668895
97 7.751128
98 7.810233
99 7.786513
100 7.763351
101 7.741176
102 7.720464
103 7.701991
104 7.687276
105 7.679720
106 7.686859
107 7.717726
108 7.769616
109 7.833693
110 7.904881
111 7.980877
112 8.060516
113 8.143104
114 8.228149
115 8.315229
116 8.403468
117 8.375517
118 8.387808
119 8.475102
120 8.562872
121 8.649775
122 8.693699
123 8.626732
124 8.556729
125 8.484679
126 8.410956
127 8.335873
128 8.259704
129 8.182698
130 8.105079
131 8.027057
132 7.948825
133 7.870567
134 7.792459
135 7.714672
136 7.637375
137 7.560737
138 7.484932
139 7.410140
140 7.336548
141 7.264360
142 7.193796
143 7.125106
144 7.058580
145 6.994567
146 6.933489
147 6.875840
148 6.822092
149 6.772481
150 6.726836
151 6.684780
152 6.646109
153 6.610957
154 6.579744
155 6.553045
156 6.531480
157 6.515618
158 6.505909
159 6.502638
160 6.502638
161 6.503475
162 6.505975
163 6.510129
164 6.515921
165 6.523326
166 6.532308
167 6.542825
168 6.554820
169 6.568227
170 6.582968
171 6.598958
172 6.616103
173 6.634302
174 6.653451
175 6.673443
176 6.694169
177 6.715521
178 6.737391
179 6.759671
180 6.782253
181 6.805029
182 6.827893
183 6.850734
184 6.873444
185 6.895911
186 6.918021
187 6.939658
188 6.960702
189 6.981032
190 7.000522
191 7.019045
192 7.036474
193 7.052681
194 7.067547
195 7.080959
196 7.092817
197 7.103037
198 7.111556
199 7.118332
200 7.123348
201 7.126609
202 7.128141
203 7.127990
204 7.126216
205 7.122889
206 7.118086
207 7.111884
208 7.104357
209 7.095555
210 7.085382
211 7.061193
212 7.024995
213 7.003575
214 6.980547
215 6.915858
216 6.842871
217 6.770899
218 6.701050
219 6.634167
220 6.571219
221 6.513388
222 6.462115
223 6.419131
224 6.386359
225 6.365504
226 6.357485
227 6.362212
228 6.378725
229 6.405396
230 6.440181
231 6.480831
232 6.525037
233 6.570483
234 6.614826
235 6.655613
236 6.689988
237 6.712571
238 6.717952
239 6.718355
240 6.718355
241 6.717998
242 6.678834
243 6.611345
244 6.536091
245 6.464384
246 6.405977
247 6.370123
248 6.458893
249 6.565574
250 6.678787
251 6.800193
252 6.927848
253 7.058069
254 7.185170
255 7.300676
256 7.405640
257 7.507615
258 7.610079
259 7.714170
260 7.820281
261 7.928504
262 8.038761
263 8.150855
264 8.264518
265 8.379439
266 8.495290
267 8.611743
268 8.728466
269 8.845118
270 8.961329
271 9.076696
272 9.190776
273 9.303112
274 9.413257
275 9.520825
276 9.625532
277 9.727243
278 9.826000
279 9.922024
280 10.015701
281 10.107532
282 10.198082
283 10.287912
284 10.377551
285 10.467536
286 10.558662
287 10.652878
288 10.756306
289 10.882307
290 11.032986
291 11.192950
292 11.178683
293 11.205523
294 11.342418
295 11.395567
296 11.459945
297 11.529522
298 11.599894
299 11.667635
300 11.505906
301 11.539834
302 11.224145
303 10.895211
304 10.565307
305 10.235204
306 9.905458
307 9.576657
308 9.249520
309 8.924955
310 8.604101
311 8.288374
312 7.979548
313 7.679910
314 7.392585
315 7.122209
316 6.876352
317 6.668358
318 6.521406
319 6.467281
320 6.467281
321 6.588030
322 6.883428
323 7.264860
324 7.690651
325 8.142472
326 8.610558
327 9.088755
328 9.572889
329 10.060163
330 10.548743
331 11.036791
332 11.359570
333 11.446842
334 11.161467
335 10.854374
336 10.737953
337 11.089900
338 11.435171
339 11.718846
340 11.892397
341 11.959543
342 11.967144
343 11.947330
344 11.914067
345 11.872998
346 11.826029
347 11.773060
348 11.712823
349 11.643456
350 11.562930
351 11.469228
352 11.360206
353 11.233185
354 11.084439
355 10.908955
356 10.701053
357 10.459999
358 10.201064
359 9.910508
360 9.601352
361 9.279687
362 8.944824
363 8.596630
364 8.252717
365 7.946473
366 7.680250
367 7.465480
368 7.298519
369 7.095204
370 6.979316
371 6.992209
372 6.998730
373 7.014402
374 6.942369
375 6.915425
376 6.912277
377 7.073482
378 7.078561
379 7.095220
380 7.183012
381 7.360247
382 7.575979
383 7.646378
384 7.870674
385 8.096691
386 7.987013
387 7.849172
388 7.698932
389 7.541668
390 7.381983
391 7.224256
392 7.073442
393 6.937079
394 6.824653
395 6.727995
396 6.639814
397 6.566904
398 6.519117
399 6.502638
400 6.502638
401 6.503475
402 6.505975
403 6.510129
404 6.515921
405 6.523326
406 6.532308
407 6.542825
408 6.554820
409 6.568227
410 6.582968
411 6.598958
412 6.616103
413 6.634302
414 6.653451
415 6.673443
416 6.694169
417 6.715521
418 6.737391
419 6.759671
420 6.782253
421 6.805029
422 6.827893
423 6.850734
424 6.873444
425 6.895911
426 6.918021
427 6.939658
428 6.960702
429 6.981032
430 7.000522
431 7.019045
432 7.036474
433 7.052681
434 7.067547
435 7.080959
436 7.092817
437 7.103037
438 7.111556
439 7.118332
440 7.123348
441 7.126609
442 7.128141
443 7.127990
444 7.126216
445 7.122889
446 7.118086
447 7.111884
448 7.104357
449 7.095555
450 7.085382
451 7.061193
452 7.024995
453 7.003575
454 6.980547
455 6.915858
456 6.842871
457 6.770899
458 6.701050
459 6.634167
460 6.571219
461 6.513388
462 6.462115
463 6.419131
464 6.386359
465 6.365504
466 6.357485
467 6.362212
468 6.378725
469 6.405396
470 6.440181
471 6.480831
472 6.525037
473 6.570483
474 6.614826
475 6.655613
476 6.689988
477 6.712571
478 6.717952
479 6.718355
480 6.718355
481 6.717124
482 6.713355
483 6.706902
484 6.697715
485 6.685905
486 6.671700
487 6.655386
488 6.637268
489 6.617657
490 6.596863
491 6.575193
492 6.552951
493 6.530437
494 6.507952
495 6.485795
496 6.464267
497 6.443669
498 6.424306
499 6.406479
500 6.390489
501 6.376626
502 6.365165
503 6.356357
504 6.350423
505 6.347538
506 6.347830
507 6.351372
508 6.358177
509 6.368195
510 6.381317
511 6.397372
512 6.416144
513 6.437389
514 6.460859
515 6.486312
516 6.513518
517 6.542266
518 6.572358
519 6.603615
520 6.635877
521 6.668997
522 6.702844
523 6.737299
524 6.772250
525 6.807586
526 6.843184
527 6.878877
528 6.914380
529 6.949064
530 6.981231
531 7.006819
532 7.023148
533 7.033861
534 7.042170
535 7.049273
536 7.055603
537 7.061338
538 7.066559
539 7.071309
540 7.075611
541 7.079478
542 7.082918
543 7.085939
544 7.088543
545 7.090736
546 7.092522
547 7.093905
548 7.094889
549 7.095478
550 7.095678
551 7.095492
552 7.094927
553 7.093987
554 7.092677
555 7.091002
556 7.088968
557 7.086579
558 7.083842
559 7.080760

0 8.134921
1 8.164241
2 8.252240
3 8.397371
4 8.595977
5 8.841807
6 9.126473
7 9.440517
8 9.774376
9 10.118749
10 10.464099
11 10.798794
12 11.104175
13 11.343315
14 11.456839
15 11.424208
16 11.295528
17 11.186978
18 11.269791
19 11.469190
20 11.804115
21 12.135129
22 12.460583
23 12.778280
24 12.896424
25 12.893119
26 12.895446
27 12.906843
28 12.931841
29 12.977494
30 13.053385
31 13.167787
32 13.319883
33 13.497672
34 13.685136
35 13.868123
36 14.035104
37 14.175977
38 14.279137
39 14.259668
40 14.123737
41 13.977789
42 13.826276
43 13.670148
44 13.509859
45 13.345714
46 13.178007
47 13.007171
48 12.834101
49 12.660720
50 12.489800
51 12.319788
52 12.139570
53 11.939157
54 11.720611
55 11.492815
56 11.263242
57 11.034469
58 10.806030
59 10.577031
60 10.347019
61 10.115932
62 9.883928
63 9.651295
64 9.418420
65 9.185792
66 8.954011
67 8.723809
68 8.496075
69 8.271965
70 8.053526
71 7.861784
72 7.776946
73 7.663482
74 7.698950
75 7.721359
76 7.717938
77 7.696721
78 7.673545
79 7.666532
80 7.666532
81 7.662596
82 7.665698
83 7.674660
84 7.687605
85 7.702315
86 7.716629
87 7.728759
88 7.737477
89 7.742225
90 7.743797
91 7.776240
92 7.869850
93 7.929016
94 7.906647
95 7.883047
96 7.858944
97 7.834698
98 7.859193
99 7.964240
100 8.065542
101 8.161826
102 8.251873
103 8.334457
104 8.408373
105 8.472489
106 8.525805
107 8.567535
108 8.597159
109 8.614481
110 8.619629
111 8.613043
112 8.595418
113 8.567637
114 8.530703
115 8.485690
116 8.434189
117 8.494596
118 8.585674
119 8.677381
120 8.768907
121 8.759867
122 8.736534
123 8.818410
124 8.896827
125 8.969609
126 9.034897
127 9.090676
128 9.134932
129 9.165933
130 9.182576
131 9.184654
132 9.172896
133 9.148777
134 9.114187
135 9.071137
136 9.021546
137 8.967141
138 8.909436
139 8.849731
140 8.789145
141 8.728634
142 8.669018
143 8.610988
144 8.555127
145 8.501910
146 8.451719
147 8.404848
148 8.361514
149 8.321866
150 8.285996
151 8.253952
152 8.225750
153 8.201382
154 8.180825
155 8.164052
156 8.151033
157 8.141741
158 8.136156
159 8.134266
160 8.134266
161 8.134136
162 8.133735
163 8.133075
164 8.132178
165 8.131068
166 8.129773
167 8.128322
168 8.126736
169 8.125031
170 8.123210
171 8.121263
172 8.119167
173 8.116879
174 8.114341
175 8.111480
176 8.108210
177 8.104432
178 8.100043
179 8.094932
180 8.088989
181 8.082107
182 8.074184
183 8.065123
184 8.054836
185 8.043243
186 8.030268
187 8.015839
188 7.999882
189 7.982319
190 7.963063
191 7.942014
192 7.919058
193 7.894067
194 7.866902
195 7.837420
196 7.805483
197 7.770968
198 7.733781
199 7.693871
200 7.651236
201 7.605933
202 7.558076
203 7.507833
204 7.455421
205 7.401098
206 7.345159
207 7.287943
208 7.229873
209 7.171599
210 7.114600
211 7.075634
212 7.062802
213 7.047945
214 7.001800
215 6.977771
216 6.962707
217 6.947976
218 6.933044
219 6.917856
220 6.902476
221 6.887020
222 6.871630
223 6.856461
224 6.841664
225 6.827383
226 6.813741
227 6.800841
228 6.788759
229 6.777550
230 6.767259
231 6.757932
232 6.749622
233 6.742395
234 6.736338
235 6.731606
236 6.728711
237 6.730710
238 6.740836
239 6.745332
240 6.745332
241 6.730178
242 6.724235
243 6.724203
244 6.720050
245 6.717224
246 6.720501
247 6.733639
248 6.759755
249 6.801173
250 6.859199
251 6.933927
252 7.024269
253 7.128501
254 7.245014
255 7.373450
256 7.513060
257 7.659663
258 7.810773
259 7.966162
260 8.125792
261 8.289534
262 8.457158
263 8.628324
264 8.802594
265 8.979455
266 9.158365
267 9.338791
268 9.520248
269 9.702326
270 9.884696
271 10.067117
272 10.249427
273 10.431534
274 10.613401
275 10.795034
276 10.976470
277 11.157759
278 11.338954
279 11.520096
280 11.701201
281 11.882243
282 12.063145
283 12.243751
284 12.423798
285 12.602772
286 12.700091
287 12.451252
288 12.193941
289 11.931691
290 11.667631
291 11.408693
292 11.349467
293 11.356097
294 11.382515
295 11.555231
296 11.737348
297 11.920707
298 12.094278
299 11.813957
300 11.732181
301 11.571347
302 11.608667
303 11.633930
304 11.618475
305 11.535705
306 11.365113
307 11.114724
308 10.811490
309 10.479317
310 10.134461
311 9.788716
312 9.452223
313 9.134941
314 8.847069
315 8.598628
316 8.398340
317 8.252437
318 8.164247
319 8.134921
320 8.134921
321 8.200994
322 8.397707
323 8.714739
324 9.129324
325 9.610454
326 10.126222
327 10.645684
328 11.130696
329 11.508434
330 11.657678
331 11.573909
332 11.525156
333 11.649813
334 12.154123
335 12.407517
336 12.345278
337 12.295738
338 12.269790
339 12.303344
340 12.472109
341 12.771079
342 13.110479
343 13.440553
344 13.734652
345 13.746405
346 13.521450
347 13.286639
348 13.044401
349 12.796049
350 12.542469
351 12.283988
352 12.020389
353 11.751152
354 11.475876
355 11.194723
356 10.908458
357 10.617716
358 10.324651
359 10.020568
360 9.702769
361 9.375287
362 9.042306
363 8.716069
364 8.403160
365 8.106279
366 7.830034
367 7.573927
368 7.330995
369 7.175573
370 7.069017
371 7.052824
372 7.069541
373 7.060008
374 7.094641
375 7.091248
376 7.084985
377 7.094921
378 7.286136
379 7.459987
380 7.589730
381 7.662422
382 7.674989
383 7.814776
384 8.066882
385 8.114912
386 8.324772
387 8.506702
388 8.624700
389 8.664653
390 8.638058
391 8.570134
392 8.483915
393 8.395669
394 8.315549
395 8.248927
396 8.197789
397 8.162141
398 8.141213
399 8.134266
400 8.134266
401 8.134136
402 8.133735
403 8.133075
404 8.132178
405 8.131068
406 8.129773
407 8.128322
408 8.126736
409 8.125031
410 8.123210
411 8.121263
412 8.119167
413 8.116879
414 8.114341
415 8.111480
416 8.108210
417 8.104432
418 8.100043
419 8.094932
420 8.088989
421 8.082107
422 8.074184
423 8.065123
424 8.054836
425 8.043243
426 8.030268
427 8.015839
428 7.999882
429 7.982319
430 7.963063
431 7.942014
432 7.919058
433 7.894067
434 7.866902
435 7.837420
436 7.805483
437 7.770968
438 7.733781
439 7.693871
440 7.651236
441 7.605933
442 7.558076
443 7.507833
444 7.455421
445 7.401098
446 7.345159
447 7.287943
448 7.229873
449 7.171599
450 7.114600
451 7.075634
452 7.062802
453 7.047945
454 7.001800
455 6.977771
456 6.962707
457 6.947976
458 6.933044
459 6.917856
460 6.902476
461 6.887020
462 6.871630
463 6.856461
464 6.841664
465 6.827383
466 6.813741
467 6.800841
468 6.788759
469 6.777550
470 6.767259
471 6.757932
472 6.749622
473 6.742395
474 6.736338
475 6.731606
476 6.728711
477 6.730710
478 6.740836
479 6.745332
480 6.745332
481 6.745404
482 6.745630
483 6.746015
484 6.746563
485 6.747281
486 6.748176
487 6.749260
488 6.750543
489 6.752038
490 6.753756
491 6.755713
492 6.757921
493 6.760395
494 6.763146
495 6.766188
496 6.769532
497 6.773187
498 6.777162
499 6.781465
500 6.786100
501 6.791071
502 6.796378
503 6.802021
504 6.807995
505 6.814294
506 6.820912
507 6.827835
508 6.835053
509 6.842549
510 6.850307
511 6.858307
512 6.866528
513 6.874947
514 6.883541
515 6.892283
516 6.901148
517 6.910108
518 6.919135
519 6.928201
520 6.937278
521 6.946337
522 6.955352
523 6.964296
524 6.973144
525 6.981871
526 6.990458
527 6.998885
528 7.007140
529 7.015215
530 7.023111
531 7.030848
532 7.038471
533 7.046080
534 7.053891
535 7.062391
536 7.072732
537 7.087238
538 7.107931
539 7.133466
540 7.161371
541 7.190260
542 7.219517
543 7.248844
544 7.278081
545 7.307125
546 7.335904
547 7.364360
548 7.392445
549 7.420117
550 7.447335
551 7.474063
552 7.500266
553 7.525911
554 7.550967
555 7.575407
556 7.599205
557 7.622338
558 7.644785
559 7.666532

0 8.827088
1 8.854860
2 8.937292
3 9.071666
4 9.253283
5 9.475715
6 9.731499
7 10.012853
8 10.312053
9 10.621218
10 10.931364
11 11.230178
12 11.497109
13 11.695578
14 11.780605
15 11.746621
16 11.631617
17 11.471743
18 11.511277
19 11.825771
20 12.142626
21 12.457147
22 12.767334
23 12.909347
24 13.086930
25 13.108856
26 13.121302
27 13.144852
28 13.183912
29 13.244215
30 13.331935
31 13.450535
32 13.597014
33 13.761726
34 13.931990
35 14.095273
36 14.239983
37 14.352939
38 14.381551
39 14.332733
40 14.240355
41 14.094832
42 13.938662
43 13.776599
44 13.609740
45 13.438523
46 13.263258
47 13.084384
48 12.902803
49 12.720372
50 12.539826
51 12.360019
52 12.170624
53 11.963986
54 11.742393
55 11.512650
56 11.280970
57 11.050488
58 10.821666
59 10.593982
60 10.366877
61 10.139992
62 9.913213
63 9.686673
64 9.460752
65 9.236085
66 9.013560
67 8.794314
68 8.579722
69 8.371467
70 8.172008
71 7.989426
72 7.924505
73 7.977042
74 8.027158
75 8.061148
76 8.077616
77 8.081224
78 8.081114
79 8.086892
80 8.086892
81 8.077222
82 8.069750
83 8.063603
84 8.057785
85 8.051342
86 8.043492
87 8.033691
88 8.021642
89 8.007269
90 7.990669
91 7.972073
92 7.951885
93 7.969255
94 8.068164
95 8.167595
96 8.266301
97 8.363462
98 8.458289
99 8.549993
100 8.637777
101 8.720834
102 8.798360
103 8.869565
104 8.933691
105 8.990045
106 9.038021
107 9.077131
108 9.107033
109 9.127550
110 9.138674
111 9.140565
112 9.133534
113 9.118018
114 9.094555
115 9.063744
116 9.026225
117 8.982646
118 8.933653
119 8.879888
120 8.822243
121 8.861231
122 8.951587
123 9.040320
124 9.126436
125 9.208841
126 9.286244
127 9.357141
128 9.419859
129 9.472681
130 9.514054
131 9.542873
132 9.558724
133 9.561993
134 9.553771
135 9.535613
136 9.509273
137 9.476486
138 9.438845
139 9.397749
140 9.354400
141 9.309813
142 9.264848
143 9.220228
144 9.176559
145 9.134351
146 9.094023
147 9.055922
148 9.020325
149 8.987451
150 8.957465
151 8.930488
152 8.906606
153 8.885872
154 8.868316
155 8.853953
156 8.842787
157 8.834815
158 8.830031
159 8.828433
160 8.828433
161 8.828268
162 8.827752
163 8.826878
164 8.825640
165 8.824027
166 8.822026
167 8.819617
168 8.816782
169 8.813495
170 8.809727
171 8.805445
172 8.800614
173 8.795191
174 8.789131
175 8.782385
176 8.774898
177 8.766611
178 8.757459
179 8.747371
180 8.736268
181 8.724063
182 8.710657
183 8.695937
184 8.679774
185 8.662016
186 8.642492
187 8.621002
188 8.597321
189 8.571196
190 8.542352
191 8.510503
192 8.475359
193 8.436652
194 8.394153
195 8.347699
196 8.297216
197 8.242730
198 8.184374
199 8.122381
200 8.057065
201 7.988798
202 7.917984
203 7.845036
204 7.770357
205 7.694324
206 7.617283
207 7.539543
208 7.461379
209 7.383039
210 7.304757
211 7.226789
212 7.149539
213 7.075017
214 7.038665
215 7.023273
216 7.007917
217 6.992094
218 6.975804
219 6.959121
220 6.942146
221 6.925003
222 6.907835
223 6.890805
224 6.874091
225 6.857882
226 6.842374
227 6.827760
228 6.814220
229 6.801908
230 6.790935
231 6.781362
232 6.773190
233 6.766375
234 6.760837
235 6.756486
236 6.753239
237 6.751046
238 6.750001
239 6.750158
240 6.750158
241 6.748002
242 6.745025
243 6.746573
244 6.756790
245 6.773338
246 6.795309
247 6.823117
248 6.857724
249 6.900361
250 6.952252
251 7.014287
252 7.086892
253 7.170711
254 7.268989
255 7.387561
256 7.523923
257 7.673036
258 7.832568
259 8.000409
260 8.174990
261 8.355027
262 8.539367
263 8.726964
264 8.916892
265 9.108363
266 9.300743
267 9.493560
268 9.686499
269 9.879384
270 10.072154
271 10.264817
272 10.457413
273 10.649975
274 10.842496
275 11.034915
276 11.227111
277 11.418913
278 11.610117
279 11.800509
280 11.989885
281 12.178062
282 12.364866
283 12.550096
284 12.733363
285 12.907013
286 12.780419
287 12.683657
288 12.440825
289 12.194346
290 11.949481
291 11.715880
292 11.527695
293 11.568113
294 11.731753
295 11.904198
296 12.078548
297 12.252525
298 12.165609
299 12.199653
300 11.883177
301 11.794419
302 11.839196
303 11.865578
304 11.860020
305 11.803125
306 11.675508
307 11.474307
308 11.217300
309 10.927456
310 10.622771
311 10.316086
312 10.017339
313 9.735258
314 9.478254
315 9.254629
316 9.072173
317 8.937395
318 8.854862
319 8.827088
320 8.827088
321 8.889387
322 9.071872
323 9.360607
324 9.733181
325 10.163553
326 10.625579
327 11.090965
328 11.519063
329 11.836308
330 11.955578
331 11.889016
332 11.713936
333 12.019951
334 12.479417
335 12.621612
336 12.574069
337 12.544248
338 12.547864
339 12.616579
340 12.791229
341 13.059943
342 13.365552
343 13.663712
344 13.907982
345 13.912404
346 13.693310
347 13.448255
348 13.194800
349 12.934394
350 12.667505
351 12.394003
352 12.113405
353 11.825325
354 11.530056
355 11.229202
356 10.926454
357 10.627437
358 10.330513
359 10.029643
360 9.715151
361 9.389245
362 9.065455
363 8.748504
364 8.439237
365 8.139319
366 7.852030
367 7.590066
368 7.384705
369 7.255825
370 7.192699
371 7.152285
372 7.112020
373 7.105932
374 7.188749
375 7.347622
376 7.531681
377 7.721933
378 7.901802
379 8.056941
380 8.175824
381 8.250651
382 8.278144
383 8.259647
384 8.200320
385 8.324537
386 8.575433
387 8.802531
388 8.981849
389 9.091477
390 9.129519
391 9.115514
392 9.073026
393 9.019412
394 8.965489
395 8.917519
396 8.878813
397 8.850838
398 8.834038
399 8.828433
400 8.828433
401 8.828268
402 8.827752
403 8.826878
404 8.825640
405 8.824027
406 8.822026
407 8.819617
408 8.816782
409 8.813495
410 8.809727
411 8.805445
412 8.800614
413 8.795191
414 8.789131
415 8.782385
416 8.774898
417 8.766611
418 8.757459
419 8.747371
420 8.736268
421 8.724063
422 8.710657
423 8.695937
424 8.679774
425 8.662016
426 8.642492
427 8.621002
428 8.597321
429 8.571196
430 8.542352
431 8.510503
432 8.475359
433 8.436652
434 8.394153
435 8.347699
436 8.297216
437 8.242730
438 8.184374
439 8.122381
440 8.057065
441 7.988798
442 7.917984
443 7.845036
444 7.770357
445 7.694324
446 7.617283
447 7.539543
448 7.461379
449 7.383039
450 7.304757
451 7.226789
452 7.149539
453 7.075017
454 7.038665
455 7.023273
456 7.007917
457 6.992094
458 6.975804
459 6.959121
460 6.942146
461 6.925003
462 6.907835
463 6.890805
464 6.874091
465 6.857882
466 6.842374
467 6.827760
468 6.814220
469 6.801908
470 6.790935
471 6.781362
472 6.773190
473 6.766375
474 6.760837
475 6.756486
476 6.753239
477 6.751046
478 6.750001
479 6.750158
480 6.750158
481 6.749990
482 6.749592
483 6.749208
484 6.749041
485 6.749183
486 6.749646
487 6.750414
488 6.751469
489 6.752799
490 6.754398
491 6.756268
492 6.758412
493 6.760837
494 6.763552
495 6.766566
496 6.769887
497 6.773523
498 6.777483
499 6.781773
500 6.786397
501 6.791358
502 6.796657
503 6.802292
504 6.808260
505 6.814555
506 6.821169
507 6.828091
508 6.835309
509 6.842807
510 6.850568
511 6.858574
512 6.866804
513 6.875235
514 6.883843
515 6.892605
516 6.901493
517 6.910483
518 6.919547
519 6.928661
520 6.937798
521 6.946936
522 6.956053
523 6.965135
524 6.974173
525 6.983171
526 6.992163
527 7.001234
528 7.010598
529 7.020823
530 7.033555
531 7.052810
532 7.081227
533 7.115129
534 7.151271
535 7.188426
536 7.226136
537 7.264199
538 7.302508
539 7.340998
540 7.379621
541 7.418340
542 7.457121
543 7.495930
544 7.534733
545 7.573494
546 7.612177
547 7.650742
548 7.689146
549 7.727346
550 7.765293
551 7.802940
552 7.840234
553 7.877122
554 7.913552
555 7.949467
556 7.984813
557 8.019535
558 8.053579
559 8.086892

0 12.817330
1 12.815215
2 12.808779
3 12.797660
4 12.781273
5 12.758834
6 12.729396
7 12.691915
8 12.645365
9 12.589043
10 12.523322
11 12.451568
12 12.385048
13 12.353888
14 12.409999
15 12.562643
16 12.741454
17 12.873295
18 12.935034
19 12.950706
20 12.945951
21 12.933964
22 12.921116
23 13.067816
24 13.114879
25 13.402377
26 13.700898
27 13.992026
28 14.274996
29 14.548913
30 14.811769
31 15.052480
32 15.129362
33 15.036033
34 14.924585
35 14.806937
36 14.685320
37 14.564067
38 14.487772
39 14.444788
40 14.419277
41 14.401054
42 14.350780
43 14.268210
44 14.157246
45 14.022439
46 13.868413
47 13.700001
48 13.522808
49 13.344161
50 13.174149
51 13.025025
52 12.906224
53 12.818135
54 12.753596
55 12.704306
56 12.664123
57 12.629208
58 12.597373
59 12.567507
60 12.539158
61 12.512038
62 12.484713
63 12.445156
64 12.296101
65 12.027009
66 11.735888
67 11.438591
68 11.139994
69 10.843883
70 10.554350
71 10.276290
72 10.015683
73 9.779635
74 9.575910
75 9.411550
76 9.290642
77 9.212618
78 9.173087
79 9.166931
80 9.166931
81 9.161765
82 9.164725
83 9.176423
84 9.197476
85 9.228390
86 9.269435
87 9.320551
88 9.381305
89 9.450907
90 9.528288
91 9.612189
92 9.701264
93 9.794152
94 9.889531
95 9.986150
96 10.082836
97 10.178499
98 10.272129
99 10.362787
100 10.449606
101 10.531786
102 10.608598
103 10.679387
104 10.743584
105 10.800709
106 10.850386
107 10.892348
108 10.926441
109 10.952633
110 10.971007
111 10.981758
112 10.985184
113 10.981674
114 10.971695
115 10.955782
116 10.934531
117 10.908596
118 10.878687
119 10.845583
120 10.810142
121 10.773326
122 10.736231
123 10.700125
124 10.666486
125 10.637040
126 10.613752
127 10.598768
128 10.594237
129 10.602028
130 10.623387
131 10.658674
132 10.707324
133 10.768044
134 10.839135
135 10.918801
136 11.005348
137 11.097283
138 11.193333
139 11.292434
140 11.393685
141 11.496322
142 11.599675
143 11.703140
144 11.806151
145 11.908160
146 12.008612
147 12.106927
148 12.202483
149 12.294600
150 12.382523
151 12.465415
152 12.542345
153 12.612297
154 12.674184
155 12.726882
156 12.769289
157 12.800403
158 12.819413
159 12.825788
160 12.825788
161 12.816837
162 12.790307
163 12.747350
164 12.689650
165 12.619160
166 12.537873
167 12.447667
168 12.350219
169 12.246974
170 12.139154
171 12.027779
172 11.913696
173 11.797609
174 11.680105
175 11.561681
176 11.442758
177 11.323702
178 11.204835
179 11.086447
180 10.968804
181 10.852154
182 10.736736
183 10.622781
184 10.510520
185 10.400182
186 10.292000
187 10.186211
188 10.083057
189 9.982787
190 9.885653
191 9.791909
192 9.701809
193 9.615596
194 9.533500
195 9.455727
196 9.382443
197 9.313767
198 9.249758
199 9.190404
200 9.135617
201 9.085234
202 9.039018
203 8.996671
204 8.957844
205 8.922154
206 8.889194
207 8.858547
208 8.829796
209 8.802525
210 8.776324
211 8.750784
212 8.725498
213 8.700059
214 8.674054
215 8.647068
216 8.618687
217 8.588503
218 8.556134
219 8.521230
220 8.483504
221 8.442745
222 8.398844
223 8.351815
224 8.301804
225 8.249101
226 8.194137
227 8.137482
228 8.079830
229 8.021986
230 7.964850
231 7.909403
232 7.856694
233 7.807816
234 7.763888
235 7.726022
236 7.695267
237 7.672553
238 7.658615
239 7.653924
240 7.653924
241 7.671098
242 7.721168
243 7.800446
244 7.904226
245 8.027820
246 8.167082
247 8.318550
248 8.479431
249 8.647559
250 8.821345
251 8.999717
252 9.181998
253 9.367756
254 9.556643
255 9.748277
256 9.942160
257 10.137660
258 10.334019
259 10.530408
260 10.725994
261 10.920049
262 11.112036
263 11.301671
264 11.488933
265 11.673996
266 11.857125
267 12.038540
268 12.218300
269 12.396228
270 12.571873
271 12.744532
272 12.913282
273 13.076995
274 13.234274
275 13.383214
276 13.520799
277 13.641612
278 13.735434
279 13.784920
280 13.770790
281 13.688273
282 13.550170
283 13.372540
284 13.167421
285 12.949954
286 12.923188
287 12.958478
288 13.129965
289 13.295854
290 13.450259
291 13.579561
292 13.647139
293 13.585555
294 13.386676
295 13.115053
296 12.810800
297 12.490308
298 12.423478
299 12.296883
300 12.477206
301 12.659776
302 12.839438
303 12.994676
304 12.875190
305 12.694912
306 12.584082
307 12.541206
308 12.542502
309 12.567105
310 12.602407
311 12.641299
312 12.679663
313 12.715041
314 12.745974
315 12.771647
316 12.791678
317 12.805950
318 12.814483
319 12.817330
320 12.817330
321 12.813138
322 12.800320
323 12.778122
324 12.745666
325 12.702458
326 12.649136
327 12.589254
328 12.535469
329 12.529087
330 12.627075
331 12.698432
332 12.647224
333 12.562926
334 12.502023
335 12.654914
336 13.136487
337 13.605336
338 14.056253
339 14.483074
340 14.740142
341 14.577810
342 14.384841
343 14.184082
344 13.994969
345 14.005678
346 14.159232
347 14.248127
348 14.254409
349 14.185174
350 14.052812
351 13.870421
352 13.649998
353 13.402253
354 13.137010
355 12.863762
356 12.592139
357 12.331869
358 12.091897
359 11.878999
360 11.697037
361 11.547538
362 11.431026
363 11.348088
364 11.220831
365 10.829441
366 10.439282
367 10.057880
368 9.694483
369 9.361560
370 9.075792
371 8.858361
372 8.732259
373 8.713213
374 8.797484
375 8.960512
376 9.168739
377 9.390510
378 9.600279
379 9.779605
380 9.917446
381 10.009869
382 10.058979
383 10.071480
384 10.057703
385 10.031743
386 10.013003
387 10.028089
388 10.107073
389 10.266848
390 10.498420
391 10.779068
392 11.088093
393 11.410510
394 11.734879
395 12.050154
396 12.342231
397 12.590019
398 12.762723
399 12.825788
400 12.825788
401 12.816837
402 12.790307
403 12.747350
404 12.689650
405 12.619160
406 12.537873
407 12.447667
408 12.350219
409 12.246974
410 12.139154
411 12.027779
412 11.913696
413 11.797609
414 11.680105
415 11.561681
416 11.442758
417 11.323702
418 11.204835
419 11.086447
420 10.968804
421 10.852154
422 10.736736
423 10.622781
424 10.510520
425 10.400182
426 10.292000
427 10.186211
428 10.083057
429 9.982787
430 9.885653
431 9.791909
432 9.701809
433 9.615596
434 9.533500
435 9.455727
436 9.382443
437 9.313767
438 9.249758
439 9.190404
440 9.135617
441 9.085234
442 9.039018
443 8.996671
444 8.957844
445 8.922154
446 8.889194
447 8.858547
448 8.829796
449 8.802525
450 8.776324
451 8.750784
452 8.725498
453 8.700059
454 8.674054
455 8.647068
456 8.618687
457 8.588503
458 8.556134
459 8.521230
460 8.483504
461 8.442745
462 8.398844
463 8.351815
464 8.301804
465 8.249101
466 8.194137
467 8.137482
468 8.079830
469 8.021986
470 7.964850
471 7.909403
472 7.856694
473 7.807816
474 7.763888
475 7.726022
476 7.695267
477 7.672553
478 7.658615
479 7.653924
480 7.653924
481 7.655087
482 7.658584
483 7.664379
484 7.672417
485 7.682621
486 7.694899
487 7.709144
488 7.725238
489 7.743056
490 7.762466
491 7.783335
492 7.805529
493 7.828915
494 7.853362
495 7.878740
496 7.904926
497 7.931797
498 7.959236
499 7.987128
500 8.015363
501 8.043833
502 8.072436
503 8.101070
504 8.129639
505 8.158052
506 8.186218
507 8.214056
508 8.241485
509 8.268434
510 8.294835
511 8.320627
512 8.345759
513 8.370184
514 8.393866
515 8.416776
516 8.438894
517 8.460208
518 8.480716
519 8.500424
520 8.519346
521 8.537503
522 8.554926
523 8.571649
524 8.587714
525 8.603170
526 8.618066
527 8.632458
528 8.646405
529 8.659967
530 8.673205
531 8.686183
532 8.698964
533 8.711609
534 8.724182
535 8.736744
536 8.749353
537 8.762067
538 8.774944
539 8.788037
540 8.801398
541 8.815080
542 8.829131
543 8.843598
544 8.858529
545 8.873969
546 8.889962
547 8.906551
548 8.923780
549 8.941690
550 8.960323
551 8.979719
552 8.999919
553 9.020961
554 9.042885
555 9.065726
556 9.089520
557 9.114298
558 9.140093
559 9.166931

0 13.034435
1 13.031981
2 13.024601
3 13.012278
4 12.994965
5 12.972567
6 12.944921
7 12.911811
8 12.873053
9 12.828777
10 12.780196
11 12.731567
12 12.694836
13 12.696993
14 12.771178
15 12.905556
16 13.037496
17 13.118499
18 13.148861
19 13.151167
20 13.142043
21 13.129926
22 13.119170
23 13.118703
24 13.377581
25 13.670603
26 13.956592
27 14.234475
28 14.503533
29 14.762855
30 15.010095
31 15.231188
32 15.297016
33 15.204679
34 15.089480
35 14.966413
36 14.837941
37 14.705570
38 14.574574
39 14.524834
40 14.528166
41 14.499781
42 14.438472
43 14.347690
44 14.231737
45 14.095127
46 13.942598
47 13.779488
48 13.612378
49 13.449776
50 13.301981
51 13.178487
52 13.083390
53 13.013884
54 12.963784
55 12.927241
56 12.900047
57 12.879513
58 12.864068
59 12.852941
60 12.845943
61 12.843202
62 12.842478
63 12.657876
64 12.507888
65 12.298849
66 12.020954
67 11.738169
68 11.453347
69 11.169395
70 10.889734
71 10.618435
72 10.360366
73 10.121334
74 9.908080
75 9.727839
76 9.587119
77 9.489903
78 9.436533
79 9.424572
80 9.424572
81 9.421750
82 9.428655
83 9.445338
84 9.471755
85 9.507706
86 9.552805
87 9.606473
88 9.667961
89 9.736392
90 9.810802
91 9.890184
92 9.973523
93 10.059814
94 10.148080
95 10.237374
96 10.326782
97 10.415426
98 10.502460
99 10.587076
100 10.668504
101 10.746021
102 10.818960
103 10.886721
104 10.948781
105 11.004707
106 11.054167
107 11.096935
108 11.132888
109 11.162009
110 11.184376
111 11.200150
112 11.209572
113 11.212945
114 11.210633
115 11.203044
116 11.190630
117 11.173885
118 11.153340
119 11.129577
120 11.103231
121 11.075014
122 11.045730
123 11.016303
124 10.987813
125 10.961521
126 10.938902
127 10.921645
128 10.911606
129 10.910691
130 10.920637
131 10.942734
132 10.977580
133 11.024968
134 11.083986
135 11.153250
136 11.231171
137 11.316172
138 11.406799
139 11.501779
140 11.600009
141 11.700543
142 11.802551
143 11.905293
144 12.008090
145 12.110291
146 12.211257
147 12.310335
148 12.406838
149 12.500032
150 12.589114
151 12.673203
152 12.751329
153 12.822439
154 12.885409
155 12.939076
156 12.982300
157 13.014042
158 13.033456
159 13.039990
160 13.039990
161 13.030851
162 13.003839
163 12.960118
164 12.901386
165 12.829610
166 12.746797
167 12.654839
168 12.555427
169 12.450026
170 12.339883
171 12.226046
172 12.109399
173 11.990687
174 11.870542
175 11.749506
176 11.628050
177 11.506587
178 11.385485
179 11.265080
180 11.145680
181 11.027575
182 10.911043
183 10.796358
184 10.683793
185 10.573624
186 10.466136
187 10.361629
188 10.260410
189 10.162800
190 10.069128
191 9.979719
192 9.894879
193 9.814882
194 9.739942
195 9.670190
196 9.605653
197 9.546242
198 9.491745
199 9.441839
200 9.396106
201 9.354062
202 9.315179
203 9.278914
204 9.244728
205 9.212104
206 9.180554
207 9.149626
208 9.118908
209 9.088026
210 9.056647
211 9.024474
212 8.991248
213 8.956743
214 8.920772
215 8.883180
216 8.843849
217 8.802698
218 8.759683
219 8.714796
220 8.668068
221 8.619566
222 8.569394
223 8.517688
224 8.464618
225 8.410385
226 8.355225
227 8.299407
228 8.243249
229 8.187121
230 8.131471
231 8.076851
232 8.023948
233 7.973628
234 7.926980
235 7.885341
236 7.850285
237 7.823517
238 7.806653
239 7.800881
240 7.800881
241 7.821879
242 7.881006
243 7.969777
244 8.080087
245 8.206282
246 8.344939
247 8.494094
248 8.652594
249 8.819677
250 8.994734
251 9.177165
252 9.366313
253 9.561427
254 9.761652
255 9.966031
256 10.173515
257 10.382998
258 10.593352
259 10.803488
260 11.012421
261 11.219329
262 11.423608
263 11.624883
264 11.822990
265 12.017910
266 12.209684
267 12.398301
268 12.583617
269 12.765298
270 12.942789
271 13.115326
272 13.281916
273 13.441269
274 13.591590
275 13.730095
276 13.852068
277 13.949304
278 14.008976
279 14.017100
280 13.968121
281 13.868185
282 13.727911
283 13.556774
284 13.362062
285 13.149575
286 13.096205
287 13.270854
288 13.440959
289 13.602904
290 13.750207
291 13.867897
292 13.920553
293 13.855278
294 13.671531
295 13.420717
296 13.137543
297 12.837430
298 12.533922
299 12.609990
300 12.783835
301 12.957297
302 13.126391
303 13.159451
304 13.193556
305 13.041991
306 12.906813
307 12.833073
308 12.808407
309 12.813929
310 12.835713
311 12.865297
312 12.897653
313 12.929669
314 12.959306
315 12.985153
316 13.006203
317 13.021730
318 13.031238
319 13.034435
320 13.034435
321 13.029493
322 13.014908
323 12.991439
324 12.960320
325 12.923376
326 12.883632
327 12.847370
328 12.830297
329 12.866620
330 12.952601
331 12.949668
332 12.863985
333 12.771024
334 12.691004
335 12.975359
336 13.438448
337 13.887133
338 14.317870
339 14.724498
340 14.948342
341 14.800161
342 14.599403
343 14.388666
344 14.170973
345 14.150439
346 14.290359
347 14.356454
348 14.348582
349 14.274777
350 14.146287
351 13.974803
352 13.771436
353 13.546718
354 13.310918
355 13.074177
356 12.846174
357 12.635252
358 12.447469
359 12.286416
360 12.154094
361 12.052250
362 11.979440
363 11.610665
364 11.301039
365 11.022290
366 10.646849
367 10.279581
368 9.928747
369 9.605777
370 9.327241
371 9.115776
372 8.995417
373 8.978068
374 9.053249
375 9.195512
376 9.377554
377 9.575649
378 9.769984
379 9.944671
380 10.088647
381 10.196525
382 10.268267
383 10.307811
384 10.321838
385 10.319707
386 10.314880
387 10.327445
388 10.384878
389 10.512959
390 10.717206
391 10.980915
392 11.282062
393 11.602981
394 11.929925
395 12.249905
396 12.547227
397 12.799660
398 12.975647
399 13.039990
400 13.039990
401 13.030851
402 13.003839
403 12.960118
404 12.901386
405 12.829610
406 12.746797
407 12.654839
408 12.555427
409 12.450026
410 12.339883
411 12.226046
412 12.109399
413 11.990687
414 11.870542
415 11.749506
416 11.628050
417 11.506587
418 11.385485
419 11.265080
420 11.145680
421 11.027575
422 10.911043
423 10.796358
424 10.683793
425 10.573624
426 10.466136
427 10.361629
428 10.260410
429 10.162800
430 10.069128
431 9.979719
432 9.894879
433 9.814882
434 9.739942
435 9.670190
436 9.605653
437 9.546242
438 9.491745
439 9.441839
440 9.396106
441 9.354062
442 9.315179
443 9.278914
444 9.244728
445 9.212104
446 9.180554
447 9.149626
448 9.118908
449 9.088026
450 9.056647
451 9.024474
452 8.991248
453 8.956743
454 8.920772
455 8.883180
456 8.843849
457 8.802698
458 8.759683
459 8.714796
460 8.668068
461 8.619566
462 8.569394
463 8.517688
464 8.464618
465 8.410385
466 8.355225
467 8.299407
468 8.243249
469 8.187121
470 8.131471
471 8.076851
472 8.023948
473 7.973628
474 7.926980
475 7.885341
476 7.850285
477 7.823517
478 7.806653
479 7.800881
480 7.800881
481 7.802267
482 7.806398
483 7.813196
484 7.822544
485 7.834285
486 7.848240
487 7.864216
488 7.882015
489 7.901440
490 7.922304
491 7.944431
492 7.967658
493 7.991838
494 8.016839
495 8.042541
496 8.068839
497 8.095637
498 8.122851
499 8.150405
500 8.178229
501 8.206262
502 8.234445
503 8.262725
504 8.291052
505 8.319379
506 8.347659
507 8.375850
508 8.403910
509 8.431798
510 8.459475
511 8.486902
512 8.514042
513 8.540861
514 8.567324
515 8.593400
516 8.619059
517 8.644275
518 8.669022
519 8.693280
520 8.717030
521 8.740259
522 8.762956
523 8.785113
524 8.806728
525 8.827801
526 8.848339
527 8.868350
528 8.887846
529 8.906844
530 8.925364
531 8.943430
532 8.961067
533 8.978306
534 8.995177
535 9.011715
536 9.027956
537 9.043939
538 9.059703
539 9.075291
540 9.090745
541 9.106111
542 9.121433
543 9.136759
544 9.152136
545 9.167614
546 9.183243
547 9.199073
548 9.215158
549 9.231549
550 9.248301
551 9.265470
552 9.283110
553 9.301278
554 9.320032
555 9.339427
556 9.359523
557 9.380375
558 9.402039
559 9.424572

0 15.276460
1 15.256910
2 15.200338
3 15.111593
4 14.996844
5 14.862255
6 14.713453
7 14.555542
8 14.393348
9 14.231678
10 14.075468
11 13.929798
12 13.799788
13 13.690679
14 13.608802
15 13.564645
16 13.578378
17 13.676711
18 13.859995
19 14.093145
20 14.343765
21 14.594038
22 14.834704
23 15.060526
24 15.268253
25 15.455559
26 15.618472
27 15.663521
28 15.575869
29 15.480482
30 15.383383
31 15.295643
32 15.358259
33 15.576836
34 15.798507
35 16.010076
36 16.205538
37 16.305632
38 16.313298
39 16.305790
40 16.284141
41 16.247533
42 16.196545
43 16.132458
44 16.056421
45 15.969170
46 15.871087
47 15.762360
48 15.643110
49 15.513475
50 15.373646
51 15.223850
52 15.064310
53 14.895177
54 14.716478
55 14.528069
56 14.329637
57 14.120745
58 13.900936
59 13.669900
60 13.427705
61 13.175284
62 12.917991
63 12.828947
64 12.576632
65 12.485364
66 12.481726
67 12.491889
68 12.514845
69 12.551763
70 12.604399
71 12.674679
72 12.764394
73 12.874868
74 13.006619
75 13.159069
76 13.330340
77 13.517137
78 13.714638
79 13.910186
80 13.910186
81 13.801304
82 13.692596
83 13.584578
84 13.477519
85 13.371650
86 13.267185
87 13.164326
88 13.063269
89 12.964213
90 12.867362
91 12.772931
92 12.681158
93 12.592306
94 12.506677
95 12.424621
96 12.346549
97 12.272942
98 12.204364
99 12.141470
100 12.085013
101 12.035839
102 11.994879
103 11.963121
104 11.941571
105 11.931196
106 11.932850
107 11.947201
108 11.974661
109 12.015337
110 12.069018
111 12.135191
112 12.213092
113 12.301771
114 12.400167
115 12.507169
116 12.621675
117 12.742626
118 12.869030
119 12.999977
120 13.134636
121 13.272262
122 13.412184
123 13.553799
124 13.696568
125 13.840004
126 13.983666
127 14.127152
128 14.270092
129 14.412142
130 14.552979
131 14.692291
132 14.829779
133 14.965146
134 15.098091
135 15.228301
136 15.355429
137 15.479055
138 15.598563
139 15.712705
140 15.817187
141 15.886766
142 15.887685
143 15.863459
144 15.830777
145 15.792661
146 15.750324
147 15.704657
148 15.656521
149 15.606824
150 15.556541
151 15.506724
152 15.458501
153 15.413066
154 15.371661
155 15.335538
156 15.305904
157 15.283842
158 15.270220
159 15.265603
160 15.265603
161 15.274028
162 15.298884
163 15.338963
164 15.392496
165 15.457410
166 15.531554
167 15.612860
168 15.699421
169 15.789517
170 15.881602
171 15.974269
172 16.066191
173 16.155995
174 16.241773
175 16.300935
176 16.241088
177 16.167295
178 16.088504
179 16.005773
180 15.919477
181 15.829825
182 15.736969
183 15.641059
184 15.542254
185 15.440735
186 15.336713
187 15.230428
188 15.122154
189 15.012194
190 14.900879
191 14.788560
192 14.675604
193 14.562389
194 14.449290
195 14.336677
196 14.224901
197 14.114295
198 14.005158
199 13.897757
200 13.792326
201 13.689057
202 13.588111
203 13.489614
204 13.393667
205 13.300348
206 13.209721
207 13.121838
208 13.036748
209 12.954496
210 12.875126
211 12.798685
212 12.725218
213 12.654765
214 12.587363
215 12.523042
216 12.461819
217 12.403700
218 12.348674
219 12.296715
220 12.247776
221 12.201786
222 12.158654
223 12.118263
224 12.080475
225 12.045142
226 12.012133
227 11.981363
228 11.952838
229 11.926646
230 11.902918
231 11.881752
232 11.863183
233 11.847185
234 11.833709
235 11.822706
236 11.814146
237 11.808012
238 11.804302
239 11.803017
240 11.803017
241 11.807868
242 11.809705
243 11.780546
244 11.722071
245 11.646792
246 11.563085
247 11.477959
248 11.398060
249 11.329650
250 11.278291
251 11.248445
252 11.243162
253 11.263938
254 11.310794
255 11.382556
256 11.477235
257 11.592400
258 11.725487
259 11.873996
260 12.035570
261 12.207991
262 12.389113
263 12.576777
264 12.768749
265 12.962682
266 13.156130
267 13.346571
268 13.531440
269 13.708141
270 13.874030
271 14.026356
272 14.162208
273 14.278491
274 14.372075
275 14.440266
276 14.481864
277 14.499113
278 14.500737
279 14.504580
280 14.532296
281 14.592408
282 14.676198
283 14.771136
284 14.867961
285 14.960422
286 15.043946
287 15.114777
288 15.169168
289 15.135691
290 14.886212
291 14.646423
292 14.456734
293 14.385416
294 14.441138
295 14.559518
296 14.695441
297 14.600483
298 14.401050
299 14.176401
300 13.931396
301 13.671970
302 13.408749
303 13.291844
304 13.266213
305 13.406651
306 13.582126
307 13.757927
308 13.932008
309 14.103446
310 14.271425
311 14.434979
312 14.592818
313 14.743144
314 14.883432
315 15.010189
316 15.118750
317 15.203314
318 15.257608
319 15.276460
320 15.276460
321 15.232506
322 15.109792
323 14.927579
324 14.704705
325 14.455958
326 14.193320
327 13.928515
328 13.676399
329 13.462013
330 13.345010
331 13.454166
332 13.778012
333 14.162719
334 14.539974
335 14.884806
336 15.184514
337 15.321666
338 15.153108
339 14.979135
340 14.968636
341 15.310440
342 15.671885
343 15.967650
344 15.961155
345 15.922870
346 15.863187
347 15.779459
348 15.669206
349 15.532560
350 15.371616
351 15.188750
352 14.985748
353 14.763742
354 14.523449
355 14.265361
356 13.989840
357 13.697164
358 13.387585
359 13.061440
360 12.719329
361 12.362334
362 11.996007
363 11.776196
364 11.401761
365 11.292764
366 11.326027
367 11.407592
368 11.542145
369 11.731523
370 11.971961
371 12.251900
372 12.548119
373 12.635717
374 12.394409
375 12.174483
376 11.985479
377 11.838003
378 11.743138
379 11.711372
380 11.750916
381 11.865700
382 12.054111
383 12.309352
384 12.621035
385 12.976867
386 13.363818
387 13.768937
388 14.180054
389 14.586399
390 14.978940
391 15.350241
392 15.693424
393 15.993154
394 16.017244
395 15.851617
396 15.651879
397 15.460682
398 15.318894
399 15.265603
400 15.265603
401 15.274028
402 15.298884
403 15.338963
404 15.392496
405 15.457410
406 15.531554
407 15.612860
408 15.699421
409 15.789517
410 15.881602
411 15.974269
412 16.066191
413 16.155995
414 16.241773
415 16.300935
416 16.241088
417 16.167295
418 16.088504
419 16.005773
420 15.919477
421 15.829825
422 15.736969
423 15.641059
424 15.542254
425 15.440735
426 15.336713
427 15.230428
428 15.122154
429 15.012194
430 14.900879
431 14.788560
432 14.675604
433 14.562389
434 14.449290
435 14.336677
436 14.224901
437 14.114295
438 14.005158
439 13.897757
440 13.792326
441 13.689057
442 13.588111
443 13.489614
444 13.393667
445 13.300348
446 13.209721
447 13.121838
448 13.036748
449 12.954496
450 12.875126
451 12.798685
452 12.725218
453 12.654765
454 12.587363
455 12.523042
456 12.461819
457 12.403700
458 12.348674
459 12.296715
460 12.247776
461 12.201786
462 12.158654
463 12.118263
464 12.080475
465 12.045142
466 12.012133
467 11.981363
468 11.952838
469 11.926646
470 11.902918
471 11.881752
472 11.863183
473 11.847185
474 11.833709
475 11.822706
476 11.814146
477 11.808012
478 11.804302
479 11.803017
480 11.803017
481 11.803336
482 11.804182
483 11.805559
484 11.807476
485 11.809946
486 11.812985
487 11.816612
488 11.820849
489 11.825722
490 11.831257
491 11.837483
492 11.844430
493 11.852129
494 11.860609
495 11.869899
496 11.880023
497 11.891005
498 11.902860
499 11.915597
500 11.929219
501 11.943716
502 11.959069
503 11.975249
504 11.992216
505 12.009920
506 12.028307
507 12.047321
508 12.066908
509 12.087021
510 12.107622
511 12.128687
512 12.150201
513 12.172163
514 12.194576
515 12.217455
516 12.240816
517 12.264676
518 12.289057
519 12.313977
520 12.339457
521 12.365516
522 12.392173
523 12.419446
524 12.447353
525 12.475913
526 12.505145
527 12.535066
528 12.565696
529 12.597054
530 12.629159
531 12.662029
532 12.695682
533 12.730137
534 12.765410
535 12.801516
536 12.838469
537 12.876281
538 12.914961
539 12.954515
540 12.994949
541 13.036262
542 13.078451
543 13.121511
544 13.165430
545 13.210196
546 13.255790
547 13.302192
548 13.349376
549 13.397314
550 13.445976
551 13.495326
552 13.545328
553 13.595944
554 13.647133
555 13.698853
556 13.751061
557 13.803715
558 13.856771
559 13.910186

0 15.432387
1 15.415303
2 15.365376
3 15.286114
4 15.182183
5 15.058512
6 14.919835
7 14.770639
8 14.615324
9 14.458435
10 14.304903
11 14.160231
12 14.030660
13 13.923556
14 13.848772
15 13.822025
16 13.866820
17 13.997396
18 14.193941
19 14.422719
20 14.660706
21 14.895544
22 15.120485
23 15.331449
24 15.525572
25 15.699550
26 15.767727
27 15.779052
28 15.770327
29 15.673621
30 15.575103
31 15.489635
32 15.546324
33 15.747608
34 15.956960
35 16.155279
36 16.294327
37 16.399256
38 16.487694
39 16.479534
40 16.448723
41 16.402449
42 16.342831
43 16.271390
44 16.189197
45 16.096932
46 15.994988
47 15.883558
48 15.762709
49 15.632438
50 15.492715
51 15.343525
52 15.184887
53 15.016868
54 14.839579
55 14.653157
56 14.457731
57 14.253401
58 14.040214
59 13.818165
60 13.587233
61 13.347472
62 13.099358
63 12.871075
64 12.877413
65 12.903758
66 12.941736
67 12.992664
68 13.058049
69 13.139255
70 13.237353
71 13.352974
72 13.486183
73 13.636322
74 13.801788
75 13.979316
76 14.158693
77 14.219551
78 14.074284
79 13.916409
80 13.916409
81 13.989273
82 14.059638
83 14.124676
84 14.178719
85 14.202637
86 14.164105
87 14.089618
88 14.006665
89 13.922112
90 13.837974
91 13.755143
92 13.674174
93 13.595516
94 13.519592
95 13.446829
96 13.377682
97 13.312638
98 13.252224
99 13.197009
100 13.147599
101 13.104630
102 13.068758
103 13.040637
104 13.020903
105 13.010136
106 13.008838
107 13.017394
108 13.036051
109 13.064892
110 13.103830
111 13.152611
112 13.210828
113 13.277945
114 13.353326
115 13.436268
116 13.526027
117 13.621848
118 13.722984
119 13.828709
120 13.938332
121 14.051199
122 14.166702
123 14.284275
124 14.403395
125 14.523577
126 14.644375
127 14.765376
128 14.886196
129 15.006472
130 15.125863
131 15.244034
132 15.360650
133 15.475350
134 15.587706
135 15.697090
136 15.802226
137 15.898622
138 15.960388
139 15.968171
140 15.963896
141 15.980932
142 16.038291
143 16.033020
144 16.001490
145 15.963323
146 15.920865
147 15.875139
148 15.826998
149 15.777311
150 15.727021
151 15.677153
152 15.628823
153 15.583224
154 15.541610
155 15.505255
156 15.475396
157 15.453146
158 15.439404
159 15.434755
160 15.434755
161 15.443009
162 15.467342
163 15.506540
164 15.558824
165 15.622110
166 15.694242
167 15.773139
168 15.856878
169 15.943704
170 16.032001
171 16.120192
172 16.206431
173 16.287066
174 16.341585
175 16.331015
176 16.368822
177 16.306802
178 16.227887
179 16.144270
180 16.056964
181 15.966272
182 15.872371
183 15.775409
184 15.675541
185 15.572939
186 15.467806
187 15.360379
188 15.250929
189 15.139759
190 15.027207
191 14.913634
192 14.799418
193 14.684950
194 14.570621
195 14.456812
196 14.343889
197 14.232192
198 14.122033
199 14.013686
200 13.907389
201 13.803343
202 13.701709
203 13.602616
204 13.506164
205 13.412426
206 13.321459
207 13.233307
208 13.148008
209 13.065601
210 12.986127
211 12.909637
212 12.836185
213 12.765833
214 12.698640
215 12.634662
216 12.573936
217 12.516480
218 12.462274
219 12.411257
220 12.363307
221 12.318221
222 12.275670
223 12.235113
224 12.195669
225 12.156204
226 12.116364
227 12.077782
228 12.042710
229 12.012314
230 11.986728
231 11.965603
232 11.948437
233 11.934727
234 11.924008
235 11.915870
236 11.909961
237 11.905998
238 11.903769
239 11.903146
240 11.903146
241 11.902803
242 11.909132
243 11.946036
244 12.014416
245 12.106024
246 12.216648
247 12.341084
248 12.451820
249 12.444294
250 12.381775
251 12.325445
252 12.285555
253 12.265650
254 12.267340
255 12.291054
256 12.336277
257 12.401741
258 12.485619
259 12.585743
260 12.699783
261 12.825387
262 12.960267
263 13.102220
264 13.249131
265 13.398944
266 13.549632
267 13.699168
268 13.845476
269 13.986388
270 14.119597
271 14.242630
272 14.352881
273 14.447759
274 14.525052
275 14.583653
276 14.624866
277 14.654388
278 14.683842
279 14.727500
280 14.792429
281 14.874628
282 14.965968
283 15.059587
284 15.150596
285 15.235328
286 15.310596
287 15.372584
288 15.376382
289 15.209220
290 15.149329
291 14.939243
292 14.776195
293 14.719343
294 14.770262
295 14.876517
296 14.785977
297 14.847022
298 14.682689
299 14.473756
300 14.245991
301 14.004356
302 13.756754
303 13.526804
304 13.516847
305 13.674473
306 13.842307
307 14.010595
308 14.177408
309 14.341658
310 14.502297
311 14.658096
312 14.807520
313 14.948608
314 15.078837
315 15.194983
316 15.293030
317 15.368296
318 15.416002
319 15.432387
320 15.432387
321 15.393773
322 15.284281
323 15.118410
324 14.911456
325 14.676378
326 14.424331
327 14.166764
328 13.919320
329 13.712645
330 13.630150
331 13.795830
332 14.124463
333 14.489218
334 14.842137
335 15.164080
336 15.439612
337 15.445612
338 15.384844
339 15.209717
340 15.169588
341 15.511655
342 15.850833
343 16.019065
344 16.167734
345 16.128891
346 16.060372
347 15.965098
348 15.844371
349 15.700541
350 15.535633
351 15.350650
352 15.145801
353 14.921058
354 14.676638
355 14.413226
356 14.131970
357 13.834300
358 13.521690
359 13.195460
360 12.856710
361 12.506444
362 12.145955
363 11.952089
364 11.960028
365 12.012045
366 12.110576
367 12.256737
368 12.449837
369 12.686840
370 12.959675
371 13.129469
372 12.889941
373 12.812596
374 12.969751
375 13.027598
376 13.059721
377 13.031771
378 12.956969
379 12.920332
380 12.936350
381 13.010927
382 13.145626
383 13.337539
384 13.579752
385 13.862554
386 14.174888
387 14.505588
388 14.844212
389 15.181454
390 15.509074
391 15.818826
392 16.088177
393 16.142479
394 16.177051
395 16.012781
396 15.816218
397 15.627881
398 15.487616
399 15.434755
400 15.434755
401 15.443009
402 15.467342
403 15.506540
404 15.558824
405 15.622110
406 15.694242
407 15.773139
408 15.856878
409 15.943704
410 16.032001
411 16.120192
412 16.206431
413 16.287066
414 16.341585
415 16.331015
416 16.368822
417 16.306802
418 16.227887
419 16.144270
420 16.056964
421 15.966272
422 15.872371
423 15.775409
424 15.675541
425 15.572939
426 15.467806
427 15.360379
428 15.250929
429 15.139759
430 15.027207
431 14.913634
432 14.799418
433 14.684950
434 14.570621
435 14.456812
436 14.343889
437 14.232192
438 14.122033
439 14.013686
440 13.907389
441 13.803343
442 13.701709
443 13.602616
444 13.506164
445 13.412426
446 13.321459
447 13.233307
448 13.148008
449 13.065601
450 12.986127
451 12.909637
452 12.836185
453 12.765833
454 12.698640
455 12.634662
456 12.573936
457 12.516480
458 12.462274
459 12.411257
460 12.363307
461 12.318221
462 12.275670
463 12.235113
464 12.195669
465 12.156204
466 12.116364
467 12.077782
468 12.042710
469 12.012314
470 11.986728
471 11.965603
472 11.948437
473 11.934727
474 11.924008
475 11.915870
476 11.909961
477 11.905998
478 11.903769
479 11.903146
480 11.903146
481 11.903276
482 11.903881
483 11.904966
484 11.906533
485 11.908590
486 11.911144
487 11.914203
488 11.917776
489 11.921876
490 11.926513
491 11.931700
492 11.937450
493 11.943776
494 11.950692
495 11.958211
496 11.966347
497 11.975112
498 11.984519
499 11.994579
500 12.005302
501 12.016699
502 12.028775
503 12.041538
504 12.054993
505 12.069142
506 12.083986
507 12.099525
508 12.115757
509 12.132679
510 12.150287
511 12.168577
512 12.187543
513 12.207182
514 12.227489
515 12.248463
516 12.270102
517 12.292405
518 12.315375
519 12.339013
520 12.363324
521 12.388314
522 12.413990
523 12.440362
524 12.467439
525 12.495233
526 12.523756
527 12.553022
528 12.583046
529 12.613841
530 12.645424
531 12.677809
532 12.711011
533 12.745044
534 12.779922
535 12.815656
536 12.852257
537 12.889732
538 12.928089
539 12.967330
540 13.007457
541 13.048467
542 13.090355
543 13.133112
544 13.176726
545 13.221182
546 13.266461
547 13.312542
548 13.359398
549 13.407002
550 13.455322
551 13.504326
552 13.553978
553 13.604241
554 13.655075
555 13.706442
556 13.758299
557 13.810607
558 13.863323
559 13.916409

0 16.958270
1 16.958459
2 16.957972
3 16.955302
4 16.949042
5 16.938365
6 16.922888
7 16.902447
8 16.876989
9 16.846547
10 16.811237
11 16.771265
12 16.726911
13 16.678505
14 16.626396
15 16.570915
16 16.512343
17 16.450884
18 16.386656
19 16.319694
20 16.249961
21 16.177383
22 16.101882
23 16.023442
24 15.942256
25 15.859794
26 15.859231
27 15.867445
28 15.903158
29 16.005919
30 16.091290
31 16.159752
32 16.213180
33 16.253983
34 16.285218
35 16.312936
36 16.385952
37 16.517141
38 16.600812
39 16.748058
40 16.884491
41 17.001229
42 17.103979
43 17.201173
44 17.293190
45 17.376249
46 17.446507
47 17.501510
48 17.540340
49 17.563176
50 17.570738
51 17.563846
52 17.543149
53 17.509007
54 17.461533
55 17.400727
56 17.326663
57 17.239695
58 17.140695
59 17.031227
60 16.913470
61 16.789764
62 16.661785
63 16.529278
64 16.389440
65 16.240680
66 16.085187
67 15.925652
68 15.763840
69 15.600774
70 15.436954
71 15.272495
72 15.107282
73 14.941182
74 14.774348
75 14.607981
76 14.449527
77 14.415508
78 14.587729
79 14.769297
80 14.769297
81 14.676357
82 14.584349
83 14.495178
84 14.413188
85 14.356239
86 14.355600
87 14.384125
88 14.414239
89 14.439604
90 14.459274
91 14.473802
92 14.484257
93 14.491846
94 14.497746
95 14.503025
96 14.508622
97 14.515351
98 14.523914
99 14.534911
100 14.548858
101 14.566192
102 14.587271
103 14.612375
104 14.641703
105 14.675360
106 14.713359
107 14.755609
108 14.801918
109 14.851994
110 14.905453
111 14.961827
112 15.020587
113 15.081157
114 15.142932
115 15.205303
116 15.267672
117 15.329471
118 15.390173
119 15.449303
120 15.506448
121 15.561255
122 15.613433
123 15.662753
124 15.709033
125 15.752138
126 15.791971
127 15.828456
128 15.861538
129 15.891169
130 15.917304
131 15.939895
132 15.958893
133 15.974258
134 15.985986
135 15.994213
136 15.999586
137 16.005561
138 16.035213
139 16.094341
140 16.112207
141 16.101855
142 16.099326
143 16.168504
144 16.257714
145 16.345179
146 16.428212
147 16.505892
148 16.577667
149 16.643081
150 16.701691
151 16.753036
152 16.796656
153 16.832190
154 16.859602
155 16.879438
156 16.892848
157 16.901221
158 16.905742
159 16.907149
160 16.907149
161 16.904318
162 16.895801
163 16.881657
164 16.861983
165 16.836910
166 16.806599
167 16.771243
168 16.731060
169 16.686300
170 16.637265
171 16.584376
172 16.528451
173 16.472226
174 16.435587
175 16.464679
176 16.425638
177 16.469746
178 16.467359
179 16.411896
180 16.344644
181 16.272870
182 16.198043
183 16.120690
184 16.041101
185 15.959488
186 15.876041
187 15.790950
188 15.704417
189 15.616656
190 15.527901
191 15.438400
192 15.348418
193 15.258230
194 15.168120
195 15.078372
196 14.989270
197 14.901084
198 14.814070
199 14.728465
200 14.644477
201 14.562282
202 14.482024
203 14.403805
204 14.327684
205 14.253667
206 14.181677
207 14.111489
208 14.042507
209 13.972827
210 13.894375
211 13.784297
212 13.647837
213 13.505996
214 13.365139
215 13.227415
216 13.094058
217 12.966043
218 12.844237
219 12.729438
220 12.622388
221 12.523780
222 12.434284
223 12.354621
224 12.285685
225 12.228454
226 12.182941
227 12.146987
228 12.117621
229 12.092801
230 12.071448
231 12.053001
232 12.037148
233 12.023697
234 12.012520
235 12.003519
236 11.996618
237 11.991755
238 11.988882
239 11.987967
240 11.987967
241 11.994656
242 12.019869
243 12.068707
244 12.140428
245 12.233404
246 12.346449
247 12.478505
248 12.615358
249 12.713374
250 12.884459
251 13.080280
252 13.291933
253 13.516021
254 13.750085
255 13.991883
256 14.239198
257 14.489787
258 14.741383
259 14.991721
260 15.238576
261 15.479786
262 15.713285
263 15.937119
264 16.149467
265 16.348639
266 16.533067
267 16.701268
268 16.851786
269 16.983116
270 17.093570
271 17.181060
272 17.242859
273 17.276407
274 17.283439
275 17.272198
276 17.250970
277 17.219892
278 17.166701
279 17.082497
280 16.970488
281 16.834879
282 16.678388
283 16.502979
284 16.310313
285 16.101960
286 15.879655
287 15.646212
288 15.446066
289 15.394966
290 15.236436
291 15.222257
292 15.189126
293 15.129703
294 15.042336
295 14.928067
296 14.999642
297 14.883100
298 15.012949
299 15.165969
300 15.317583
301 15.466394
302 15.611614
303 15.752670
304 15.889060
305 16.020273
306 16.145737
307 16.264795
308 16.376704
309 16.480668
310 16.575872
311 16.661542
312 16.736987
313 16.801628
314 16.855010
315 16.896812
316 16.926959
317 16.945993
318 16.955615
319 16.958270
320 16.958270
321 16.956561
322 16.947353
323 16.925329
324 16.888246
325 16.835747
326 16.768122
327 16.686147
328 16.591069
329 16.484443
330 16.367848
331 16.242572
332 16.109437
333 15.968792
334 15.820734
335 15.665591
336 15.509412
337 15.557227
338 15.642627
339 15.791481
340 15.894879
341 15.958749
342 15.995184
343 16.179953
344 16.336872
345 16.610352
346 16.852953
347 17.051956
348 17.198494
349 17.313897
350 17.409576
351 17.472644
352 17.491987
353 17.465711
354 17.398189
355 17.295670
356 17.163091
357 17.002796
358 16.815400
359 16.601283
360 16.361378
361 16.097687
362 15.814245
363 15.517718
364 15.215945
365 14.914220
366 14.612833
367 14.312216
368 14.016187
369 13.727977
370 13.451492
371 13.317180
372 13.557102
373 13.549503
374 13.526204
375 13.347107
376 13.199995
377 13.172482
378 13.275251
379 13.435851
380 13.644420
381 13.891714
382 14.165045
383 14.449880
384 14.732155
385 15.000466
386 15.247500
387 15.469991
388 15.667183
389 15.838749
390 15.982905
391 16.094548
392 16.173142
393 16.288939
394 16.307371
395 16.528479
396 16.707108
397 16.827039
398 16.889001
399 16.907149
400 16.907149
401 16.904318
402 16.895801
403 16.881657
404 16.861983
405 16.836910
406 16.806599
407 16.771243
408 16.731060
409 16.686300
410 16.637265
411 16.584376
412 16.528451
413 16.472226
414 16.435587
415 16.464679
416 16.425638
417 16.469746
418 16.467359
419 16.411896
420 16.344644
421 16.272870
422 16.198043
423 16.120690
424 16.041101
425 15.959488
426 15.876041
427 15.790950
428 15.704417
429 15.616656
430 15.527901
431 15.438400
432 15.348418
433 15.258230
434 15.168120
435 15.078372
436 14.989270
437 14.901084
438 14.814070
439 14.728465
440 14.644477
441 14.562282
442 14.482024
443 14.403805
444 14.327684
445 14.253667
446 14.181677
447 14.111489
448 14.042507
449 13.972827
450 13.894375
451 13.784297
452 13.647837
453 13.505996
454 13.365139
455 13.227415
456 13.094058
457 12.966043
458 12.844237
459 12.729438
460 12.622388
461 12.523780
462 12.434284
463 12.354621
464 12.285685
465 12.228454
466 12.182941
467 12.146987
468 12.117621
469 12.092801
470 12.071448
471 12.053001
472 12.037148
473 12.023697
474 12.012520
475 12.003519
476 11.996618
477 11.991755
478 11.988882
479 11.987967
480 11.987967
481 11.988222
482 11.988903
483 11.990017
484 11.991573
485 11.993584
486 11.996067
487 11.999043
488 12.002535
489 12.006572
490 12.011184
491 12.016408
492 12.022280
493 12.028845
494 12.036147
495 12.044238
496 12.053174
497 12.063014
498 12.073828
499 12.085688
500 12.098677
501 12.112885
502 12.128411
503 12.145362
504 12.163852
505 12.183998
506 12.205921
507 12.229737
508 12.255552
509 12.283462
510 12.313542
511 12.345849
512 12.380421
513 12.417275
514 12.456411
515 12.497814
516 12.541455
517 12.587298
518 12.635295
519 12.685391
520 12.737527
521 12.791637
522 12.847651
523 12.905495
524 12.965093
525 13.026364
526 13.089224
527 13.153588
528 13.219367
529 13.286470
530 13.354800
531 13.424255
532 13.494723
533 13.566072
534 13.638135
535 13.710664
536 13.783216
537 13.854790
538 13.922620
539 13.980322
540 14.025168
541 14.063598
542 14.100055
543 14.136079
544 14.172218
545 14.208698
546 14.245622
547 14.283035
548 14.320959
549 14.359397
550 14.398346
551 14.437797
552 14.477734
553 14.518142
554 14.559002
555 14.600293
556 14.641992
557 14.684075
558 14.726519
559 14.769297

0 16.960190
1 16.970459
2 16.999241
3 17.039685
4 17.080796
5 17.108523
6 17.115222
7 17.105244
8 17.084676
9 17.056782
10 17.023079
11 16.984329
12 16.940991
13 16.893397
14 16.841823
15 16.786517
16 16.727700
17 16.665558
18 16.600237
19 16.531833
20 16.460398
21 16.385946
22 16.308472
23 16.227984
24 16.144575
25 16.058712
26 15.974744
27 16.009603
28 16.123281
29 16.221588
30 16.302726
31 16.367793
32 16.418501
33 16.456850
34 16.484977
35 16.505045
36 16.519846
37 16.567742
38 16.727036
39 16.876773
40 16.996638
41 17.095700
42 17.196826
43 17.296069
44 17.387680
45 17.468680
46 17.537189
47 17.591812
48 17.631542
49 17.655855
50 17.664735
51 17.658517
52 17.637637
53 17.602426
54 17.553064
55 17.489718
56 17.412769
57 17.322996
58 17.221537
59 17.109687
60 16.988732
61 16.860088
62 16.725817
63 16.589677
64 16.457628
65 16.334041
66 16.219128
67 16.112229
68 16.013216
69 15.922267
70 15.839613
71 15.765313
72 15.698640
73 15.631785
74 15.514101
75 15.366271
76 15.215658
77 15.065364
78 14.916434
79 14.769949
80 14.769949
81 14.831424
82 14.884754
83 14.926657
84 14.955328
85 14.970609
86 14.974003
87 14.967995
88 14.955236
89 14.938058
90 14.918331
91 14.897505
92 14.876704
93 14.856818
94 14.838576
95 14.822594
96 14.809411
97 14.799511
98 14.793332
99 14.791273
100 14.793692
101 14.800898
102 14.813148
103 14.830627
104 14.853446
105 14.881623
106 14.915078
107 14.953629
108 14.996991
109 15.044781
110 15.096527
111 15.151687
112 15.209660
113 15.269811
114 15.331486
115 15.394031
116 15.456810
117 15.519219
118 15.580692
119 15.640716
120 15.698833
121 15.754641
122 15.807798
123 15.858015
124 15.905057
125 15.948736
126 15.988901
127 16.025437
128 16.058255
129 16.087284
130 16.112468
131 16.133761
132 16.151123
133 16.164526
134 16.173962
135 16.179479
136 16.181277
137 16.180025
138 16.178374
139 16.190378
140 16.248457
141 16.330861
142 16.415848
143 16.498696
144 16.577936
145 16.652796
146 16.722665
147 16.786893
148 16.844625
149 16.894601
150 16.935026
151 16.964358
152 16.983665
153 16.996904
154 17.007675
155 17.017536
156 17.026434
157 17.033596
158 17.038232
159 17.039840
160 17.039840
161 17.037103
162 17.028885
163 17.015220
164 16.996157
165 16.971770
166 16.942155
167 16.907431
168 16.867737
169 16.823232
170 16.774092
171 16.720508
172 16.662696
173 16.600933
174 16.535749
175 16.480274
176 16.543390
177 16.578065
178 16.583492
179 16.565784
180 16.494410
181 16.420298
182 16.343793
183 16.265061
184 16.184242
185 16.101486
186 16.016950
187 15.930811
188 15.843264
189 15.754522
190 15.664822
191 15.574416
192 15.483572
193 15.392574
194 15.301709
195 15.211270
196 15.121544
197 15.032809
198 14.945328
199 14.859344
200 14.775074
201 14.692704
202 14.612391
203 14.534259
204 14.458399
205 14.384872
206 14.313708
207 14.244910
208 14.178431
209 14.113438
210 13.992415
211 13.892057
212 13.822183
213 13.762483
214 13.707247
215 13.654980
216 13.605034
217 13.556819
218 13.509276
219 13.460367
220 13.409100
221 13.358834
222 13.313064
223 13.273151
224 13.239345
225 13.211428
226 13.188940
227 13.171256
228 13.157619
229 13.147162
230 13.138961
231 13.132159
232 13.126139
233 13.120635
234 13.115667
235 13.111380
236 13.107919
237 13.105391
238 13.103858
239 13.103354
240 13.103354
241 13.105839
242 13.097245
243 13.049028
244 12.971988
245 12.879831
246 12.781665
247 12.687941
248 12.644425
249 12.802794
250 12.990412
251 13.195673
252 13.416914
253 13.651983
254 13.898098
255 14.152061
256 14.410575
257 14.670545
258 14.929266
259 15.184500
260 15.434426
261 15.677511
262 15.912330
263 16.137374
264 16.350882
265 16.550722
266 16.734329
267 16.898758
268 17.040894
269 17.157915
270 17.248045
271 17.311498
272 17.351399
273 17.373418
274 17.381620
275 17.375536
276 17.355074
277 17.326029
278 17.296878
279 17.235283
280 17.128698
281 16.997443
282 16.846873
283 16.679088
284 16.495538
285 16.297562
286 16.086626
287 15.864594
288 15.634504
289 15.466509
290 15.475148
291 15.465523
292 15.432423
293 15.373959
294 15.289114
295 15.177930
296 15.051920
297 15.157761
298 15.302810
299 15.449515
300 15.595717
301 15.740220
302 15.882092
303 16.020463
304 16.154463
305 16.283209
306 16.405823
307 16.521458
308 16.629328
309 16.728710
310 16.818925
311 16.899251
312 16.968710
313 17.025470
314 17.065023
315 17.076187
316 17.049818
317 17.006738
318 16.972658
319 16.960190
320 16.960190
321 16.984780
322 17.044871
323 17.095870
324 17.092631
325 17.050661
326 16.987510
327 16.908604
328 16.816075
329 16.711362
330 16.595806
331 16.470703
332 16.337198
333 16.196155
334 16.048130
335 15.893507
336 15.733494
337 15.693178
338 15.877174
339 16.018074
340 16.115644
341 16.175289
342 16.203936
343 16.222011
344 16.491660
345 16.761856
346 16.997474
347 17.170621
348 17.294792
349 17.415637
350 17.512120
351 17.573545
352 17.593719
353 17.569571
354 17.503385
355 17.400697
356 17.266571
357 17.104160
358 16.914578
359 16.697709
360 16.454069
361 16.186394
362 15.899642
363 15.599938
364 15.294448
365 14.992853
366 14.707626
367 14.447429
368 14.213663
369 14.005839
370 13.825096
371 13.677144
372 13.636299
373 13.743041
374 13.694344
375 13.728513
376 13.684886
377 13.682024
378 13.729628
379 13.834042
380 13.996670
381 14.212077
382 14.468114
383 14.748185
384 15.034443
385 15.310738
386 15.564714
387 15.788767
388 15.979496
389 16.135775
390 16.256044
391 16.335491
392 16.365701
393 16.414966
394 16.622207
395 16.798578
396 16.908258
397 16.974847
398 17.022004
399 17.039840
400 17.039840
401 17.037103
402 17.028885
403 17.015220
404 16.996157
405 16.971770
406 16.942155
407 16.907431
408 16.867737
409 16.823232
410 16.774092
411 16.720508
412 16.662696
413 16.600933
414 16.535749
415 16.480274
416 16.543390
417 16.578065
418 16.583492
419 16.565784
420 16.494410
421 16.420298
422 16.343793
423 16.265061
424 16.184242
425 16.101486
426 16.016950
427 15.930811
428 15.843264
429 15.754522
430 15.664822
431 15.574416
432 15.483572
433 15.392574
434 15.301709
435 15.211270
436 15.121544
437 15.032809
438 14.945328
439 14.859344
440 14.775074
441 14.692704
442 14.612391
443 14.534259
444 14.458399
445 14.384872
446 14.313708
447 14.244910
448 14.178431
449 14.113438
450 13.992415
451 13.892057
452 13.822183
453 13.762483
454 13.707247
455 13.654980
456 13.605034
457 13.556819
458 13.509276
459 13.460367
460 13.409100
461 13.358834
462 13.313064
463 13.273151
464 13.239345
465 13.211428
466 13.188940
467 13.171256
468 13.157619
469 13.147162
470 13.138961
471 13.132159
472 13.126139
473 13.120635
474 13.115667
475 13.111380
476 13.107919
477 13.105391
478 13.103858
479 13.103354
480 13.103354
481 13.103420
482 13.103626
483 13.103969
484 13.104448
485 13.105059
486 13.105797
487 13.106662
488 13.107651
489 13.108768
490 13.110020
491 13.111418
492 13.112981
493 13.114734
494 13.116711
495 13.118953
496 13.121509
497 13.124438
498 13.127801
499 13.131670
500 13.136120
501 13.141229
502 13.147078
503 13.153752
504 13.161333
505 13.169905
506 13.179550
507 13.190346
508 13.202368
509 13.215688
510 13.230371
511 13.246473
512 13.264044
513 13.283119
514 13.303723
515 13.325859
516 13.349508
517 13.374619
518 13.401094
519 13.428779
520 13.457438
521 13.486741
522 13.516271
523 13.545583
524 13.574324
525 13.602348
526 13.629734
527 13.656700
528 13.683496
529 13.710347
530 13.737426
531 13.764863
532 13.792751
533 13.821157
534 13.850129
535 13.879701
536 13.909894
537 13.940724
538 13.972201
539 14.004330
540 14.037111
541 14.070543
542 14.104621
543 14.139338
544 14.174685
545 14.210651
546 14.247225
547 14.284392
548 14.322138
549 14.360446
550 14.399298
551 14.438674
552 14.478556
553 14.518921
554 14.559748
555 14.601012
556 14.642690
557 14.684756
558 14.727185
559 14.769949

0 17.260482
1 17.260529
2 17.259932
3 17.261293
4 17.269950
5 17.294619
6 17.338580
7 17.394185
8 17.452986
9 17.510106
10 17.563002
11 17.610319
12 17.651334
13 17.685680
14 17.713198
15 17.733852
16 17.747677
17 17.754756
18 17.755203
19 17.749168
20 17.736832
21 17.718419
22 17.694192
23 17.664456
24 17.629556
25 17.589877
26 17.545844
27 17.497925
28 17.446645
29 17.392598
30 17.336479
31 17.279120
32 17.221550
33 17.165087
34 17.111473
35 17.063104
36 17.023377
37 16.997179
38 16.991487
39 17.016712
40 17.088628
41 17.196801
42 17.307819
43 17.411973
44 17.506849
45 17.590413
46 17.660968
47 17.717499
48 17.759796
49 17.788350
50 17.804008
51 17.807595
52 17.799679
53 17.780541
54 17.750261
55 17.708841
56 17.656303
57 17.592762
58 17.518458
59 17.433811
60 17.339499
61 17.236551
62 17.126382
63 17.010701
64 16.891347
65 16.770074
66 16.648246
67 16.526159
68 16.401332
69 16.268492
70 16.127144
71 15.980956
72 15.833231
73 15.693291
74 15.612876
75 15.572301
76 15.545337
77 15.530405
78 15.528730
79 15.542920
80 15.542920
81 15.521912
82 15.506700
83 15.498341
84 15.497973
85 15.506714
86 15.525498
87 15.554880
88 15.594880
89 15.644934
90 15.703971
91 15.770589
92 15.843250
93 15.920434
94 16.000734
95 16.082906
96 16.165867
97 16.248692
98 16.330595
99 16.410907
100 16.489068
101 16.564609
102 16.637148
103 16.706384
104 16.772096
105 16.834137
106 16.892439
107 16.947003
108 16.997899
109 17.045259
110 17.089266
111 17.130141
112 17.168132
113 17.203492
114 17.236466
115 17.267274
116 17.296093
117 17.323043
118 17.348180
119 17.371488
120 17.392879
121 17.412195
122 17.429223
123 17.443703
124 17.455354
125 17.463888
126 17.469042
127 17.470591
128 17.468377
129 17.462320
130 17.452431
131 17.438821
132 17.421703
133 17.401386
134 17.378271
135 17.352841
136 17.325644
137 17.297275
138 17.268361
139 17.239532
140 17.211398
141 17.184525
142 17.159415
143 17.136490
144 17.116095
145 17.098509
146 17.083993
147 17.072860
148 17.065613
149 17.063156
150 17.066936
151 17.078189
152 17.095613
153 17.115108
154 17.132969
155 17.147437
156 17.158179
157 17.165476
158 17.169694
159 17.171072
160 17.171072
161 17.168649
162 17.161406
163 17.149405
164 17.132744
165 17.111552
166 17.085982
167 17.056201
168 17.022389
169 16.984726
170 16.943399
171 16.898598
172 16.850529
173 16.799431
174 16.745648
175 16.689855
176 16.634328
177 16.615974
178 16.633710
179 16.630801
180 16.678250
181 16.718676
182 16.749720
183 16.770168
184 16.779195
185 16.776227
186 16.760913
187 16.733126
188 16.692957
189 16.640703
190 16.576842
191 16.501996
192 16.416899
193 16.322353
194 16.219194
195 16.108261
196 15.990376
197 15.866322
198 15.736835
199 15.602602
200 15.464256
201 15.322384
202 15.177533
203 15.030223
204 14.880961
205 14.730262
206 14.578696
207 14.426966
208 14.276178
209 14.129522
210 14.053059
211 13.993435
212 13.936093
213 13.880837
214 13.827349
215 13.774404
216 13.714654
217 13.640259
218 13.567981
219 13.505678
220 13.455333
221 13.413805
222 13.377558
223 13.345038
224 13.315670
225 13.289237
226 13.265664
227 13.244956
228 13.227180
229 13.212455
230 13.200920
231 13.192630
232 13.187402
233 13.184733
234 13.183897
235 13.184142
236 13.184848
237 13.185585
238 13.186103
239 13.186287
240 13.186287
241 13.182228
242 13.180775
243 13.209792
244 13.264768
245 13.338991
246 13.430425
247 13.538077
248 13.661168
249 13.798947
250 13.950617
251 14.115255
252 14.291731
253 14.478653
254 14.674347
255 14.876896
256 15.084201
257 15.294069
258 15.504295
259 15.712726
260 15.917318
261 16.116159
262 16.307494
263 16.489737
264 16.661469
265 16.821403
266 16.968329
267 17.101023
268 17.218162
269 17.318224
270 17.399486
271 17.460264
272 17.499492
273 17.517508
274 17.516512
275 17.499727
276 17.469127
277 17.423875
278 17.368325
279 17.344991
280 17.365567
281 17.406893
282 17.461147
283 17.524065
284 17.592455
285 17.663787
286 17.736027
287 17.807510
288 17.876824
289 17.942738
290 18.004161
291 18.060142
292 18.109877
293 18.152722
294 18.188189
295 18.215929
296 18.235705
297 18.247375
298 18.250874
299 18.246203
300 18.233415
301 18.212592
302 18.183819
303 18.147169
304 18.102702
305 18.050480
306 17.990602
307 17.923263
308 17.848819
309 17.767867
310 17.681349
311 17.590712
312 17.498201
313 17.407559
314 17.325986
315 17.268328
316 17.248519
317 17.251608
318 17.258183
319 17.260482
320 17.260482
321 17.258769
322 17.257600
323 17.282987
324 17.362172
325 17.466914
326 17.571696
327 17.666607
328 17.747510
329 17.812698
330 17.861682
331 17.894570
332 17.911706
333 17.913483
334 17.900313
335 17.872686
336 17.831255
337 17.776875
338 17.710623
339 17.633894
340 17.548674
341 17.457967
342 17.366325
343 17.280428
344 17.209777
345 17.167278
346 17.170109
347 17.252619
348 17.398846
349 17.529675
350 17.633683
351 17.704454
352 17.737460
353 17.732843
354 17.694034
355 17.625229
356 17.529884
357 17.409981
358 17.266222
359 17.098984
360 16.909163
361 16.698260
362 16.468081
363 16.220856
364 15.960117
365 15.691334
366 15.421130
367 15.155946
368 14.901089
369 14.659499
370 14.427691
371 14.194556
372 13.962809
373 13.865395
374 13.814641
375 13.976354
376 14.303467
377 14.636774
378 14.952844
379 15.240381
380 15.495452
381 15.720591
382 15.923375
383 16.113667
384 16.299949
385 16.485584
386 16.666195
387 16.829549
388 16.958636
389 17.037374
390 17.057458
391 17.024397
392 16.961472
393 16.908236
394 16.898622
395 16.937734
396 17.020862
397 17.104861
398 17.154997
399 17.171072
400 17.171072
401 17.168649
402 17.161406
403 17.149405
404 17.132744
405 17.111552
406 17.085982
407 17.056201
408 17.022389
409 16.984726
410 16.943399
411 16.898598
412 16.850529
413 16.799431
414 16.745648
415 16.689855
416 16.634328
417 16.615974
418 16.633710
419 16.630801
420 16.678250
421 16.718676
422 16.749720
423 16.770168
424 16.779195
425 16.776227
426 16.760913
427 16.733126
428 16.692957
429 16.640703
430 16.576842
431 16.501996
432 16.416899
433 16.322353
434 16.219194
435 16.108261
436 15.990376
437 15.866322
438 15.736835
439 15.602602
440 15.464256
441 15.322384
442 15.177533
443 15.030223
444 14.880961
445 14.730262
446 14.578696
447 14.426966
448 14.276178
449 14.129522
450 14.053059
451 13.993435
452 13.936093
453 13.880837
454 13.827349
455 13.774404
456 13.714654
457 13.640259
458 13.567981
459 13.505678
460 13.455333
461 13.413805
462 13.377558
463 13.345038
464 13.315670
465 13.289237
466 13.265664
467 13.244956
468 13.227180
469 13.212455
470 13.200920
471 13.192630
472 13.187402
473 13.184733
474 13.183897
475 13.184142
476 13.184848
477 13.185585
478 13.186103
479 13.186287
480 13.186287
481 13.186505
482 13.187142
483 13.188198
484 13.189673
485 13.191564
486 13.193869
487 13.196587
488 13.199715
489 13.203249
490 13.207189
491 13.211531
492 13.216274
493 13.221415
494 13.226954
495 13.232891
496 13.239225
497 13.245957
498 13.253089
499 13.260625
500 13.268568
501 13.276924
502 13.285698
503 13.294898
504 13.304532
505 13.314609
506 13.325141
507 13.336138
508 13.347612
509 13.359577
510 13.372046
511 13.385034
512 13.398555
513 13.412624
514 13.427257
515 13.442468
516 13.458274
517 13.474689
518 13.491728
519 13.509406
520 13.527737
521 13.546735
522 13.566412
523 13.586781
524 13.607854
525 13.629642
526 13.652158
527 13.675412
528 13.699416
529 13.724182
530 13.749727
531 13.776072
532 13.803245
533 13.831294
534 13.860304
535 13.890435
536 13.922047
537 13.956054
538 13.995137
539 14.045593
540 14.110065
541 14.182025
542 14.256942
543 14.333191
544 14.410132
545 14.487452
546 14.564958
547 14.642512
548 14.720003
549 14.797333
550 14.874410
551 14.951149
552 15.027466
553 15.103277
554 15.178502
555 15.253057
556 15.326860
557 15.399828
558 15.471876
559 15.542920

0 17.261146
1 17.268980
2 17.293187
3 17.331488
4 17.380776
5 17.437322
6 17.497495
7 17.558207
8 17.617029
9 17.672150
10 17.722274
11 17.766520
12 17.804327
13 17.835373
14 17.859508
15 17.876702
16 17.886997
17 17.890485
18 17.887281
19 17.877525
20 17.861374
21 17.839013
22 17.810664
23 17.776594
24 17.737138
25 17.692709
26 17.643823
27 17.591112
28 17.535342
29 17.477430
30 17.418448
31 17.359640
32 17.302448
33 17.248560
34 17.200036
35 17.159527
36 17.130597
37 17.117960
38 17.127047
39 17.162291
40 17.224682
41 17.309847
42 17.407834
43 17.507347
44 17.600690
45 17.683855
46 17.754820
47 17.812549
48 17.856630
49 17.887112
50 17.904336
51 17.908744
52 17.900724
53 17.880549
54 17.848398
55 17.804429
56 17.748892
57 17.682228
58 17.605120
59 17.518471
60 17.423284
61 17.320505
62 17.210917
63 17.095151
64 16.973780
65 16.847472
66 16.717225
67 16.585002
68 16.455390
69 16.335594
70 16.227870
71 16.130249
72 16.041662
73 15.961904
74 15.891145
75 15.829896
76 15.779252
77 15.741422
78 15.720694
79 15.724996
80 15.724996
81 15.709267
82 15.705431
83 15.715933
84 15.742319
85 15.784518
86 15.840804
87 15.908490
88 15.984733
89 16.067029
90 16.153351
91 16.242108
92 16.332055
93 16.422198
94 16.511728
95 16.599971
96 16.686352
97 16.770377
98 16.851618
99 16.929702
100 17.004313
101 17.075183
102 17.142100
103 17.204903
104 17.263490
105 17.317814
106 17.367885
107 17.413771
108 17.455595
109 17.493524
110 17.527769
111 17.558571
112 17.586189
113 17.610889
114 17.632934
115 17.652565
116 17.669994
117 17.685393
118 17.698887
119 17.710549
120 17.720395
121 17.728394
122 17.734464
123 17.738487
124 17.740320
125 17.739805
126 17.736788
127 17.731131
128 17.722732
129 17.711533
130 17.697532
131 17.680795
132 17.661455
133 17.639719
134 17.615864
135 17.590231
136 17.563221
137 17.535279
138 17.506885
139 17.478534
140 17.450719
141 17.423909
142 17.398532
143 17.374958
144 17.353490
145 17.334356
146 17.317719
147 17.303685
148 17.292321
149 17.283677
150 17.277805
151 17.274757
152 17.274554
153 17.277079
154 17.281916
155 17.288234
156 17.294869
157 17.300606
158 17.304459
159 17.305811
160 17.305811
161 17.303506
162 17.296618
163 17.285182
164 17.269252
165 17.248899
166 17.224217
167 17.195310
168 17.162298
169 17.125309
170 17.084481
171 17.039955
172 16.991876
173 16.940388
174 16.885639
175 16.827784
176 16.767021
177 16.703907
178 16.676669
179 16.727855
180 16.772968
181 16.809435
182 16.836384
183 16.853199
184 16.859422
185 16.854757
186 16.839065
187 16.812364
188 16.774827
189 16.726765
190 16.668607
191 16.600877
192 16.524171
193 16.439133
194 16.346437
195 16.246768
196 16.140813
197 16.029254
198 15.912763
199 15.792005
200 15.667636
201 15.540308
202 15.410673
203 15.279384
204 15.147105
205 15.014504
206 14.882262
207 14.751070
208 14.621625
209 14.494631
210 14.370798
211 14.250834
212 14.135456
213 14.025419
214 13.921644
215 13.825966
216 13.746380
217 13.691528
218 13.645947
219 13.604008
220 13.564834
221 13.528218
222 13.494094
223 13.462438
224 13.433233
225 13.406457
226 13.382084
227 13.360073
228 13.340377
229 13.322940
230 13.307696
231 13.294578
232 13.283510
233 13.274407
234 13.267168
235 13.261662
236 13.257718
237 13.255133
238 13.253699
239 13.253255
240 13.253255
241 13.257749
242 13.277709
243 13.317381
244 13.375581
245 13.451200
246 13.543610
247 13.652322
248 13.776788
249 13.916260
250 14.069716
251 14.235845
252 14.413084
253 14.599689
254 14.793802
255 14.993515
256 15.196929
257 15.402190
258 15.607530
259 15.811294
260 16.011951
261 16.208088
262 16.398362
263 16.581422
264 16.755804
265 16.919831
266 17.071550
267 17.208729
268 17.328965
269 17.429939
270 17.509865
271 17.568033
272 17.605123
273 17.622893
274 17.623459
275 17.609364
276 17.585233
277 17.559729
278 17.543122
279 17.541028
280 17.554073
281 17.580859
282 17.619318
283 17.667139
284 17.721977
285 17.781571
286 17.843824
287 17.906841
288 17.968964
289 18.028782
290 18.085143
291 18.137136
292 18.184065
293 18.225404
294 18.260743
295 18.289741
296 18.312077
297 18.327433
298 18.335490
299 18.335944
300 18.328533
301 18.313067
302 18.289447
303 18.257682
304 18.217886
305 18.170277
306 18.115170
307 18.052981
308 17.984241
309 17.909632
310 17.830051
311 17.746694
312 17.661168
313 17.575632
314 17.492945
315 17.416786
316 17.351563
317 17.301827
318 17.271049
319 17.261146
320 17.261146
321 17.281032
322 17.339094
323 17.425203
324 17.525971
325 17.629681
326 17.728091
327 17.815974
328 17.890272
329 17.949370
330 17.992556
331 18.019650
332 18.030781
333 18.026266
334 18.006578
335 17.972341
336 17.924379
337 17.863796
338 17.792110
339 17.711417
340 17.624580
341 17.535493
342 17.449531
343 17.374229
344 17.319917
345 17.299138
346 17.323269
347 17.396709
348 17.509505
349 17.632124
350 17.736428
351 17.809220
352 17.845219
353 17.843613
354 17.806715
355 17.737951
356 17.640527
357 17.517090
358 17.369520
359 17.198724
360 17.005084
361 16.789703
362 16.555498
363 16.307108
364 16.049434
365 15.786213
366 15.520116
367 15.253600
368 14.989529
369 14.732227
370 14.491606
371 14.285173
372 14.121631
373 14.091454
374 14.394035
375 14.746914
376 15.090721
377 15.411157
378 15.699514
379 15.951113
380 16.165623
381 16.346973
382 16.502356
383 16.640433
384 16.769117
385 16.893243
386 17.012577
387 17.120915
388 17.207340
389 17.260127
390 17.272457
391 17.248074
392 17.204474
393 17.168472
394 17.159163
395 17.176300
396 17.210684
397 17.253451
398 17.290910
399 17.305811
400 17.305811
401 17.303506
402 17.296618
403 17.285182
404 17.269252
405 17.248899
406 17.224217
407 17.195310
408 17.162298
409 17.125309
410 17.084481
411 17.039955
412 16.991876
413 16.940388
414 16.885639
415 16.827784
416 16.767021
417 16.703907
418 16.676669
419 16.727855
420 16.772968
421 16.809435
422 16.836384
423 16.853199
424 16.859422
425 16.854757
426 16.839065
427 16.812364
428 16.774827
429 16.726765
430 16.668607
431 16.600877
432 16.524171
433 16.439133
434 16.346437
435 16.246768
436 16.140813
437 16.029254
438 15.912763
439 15.792005
440 15.667636
441 15.540308
442 15.410673
443 15.279384
444 15.147105
445 15.014504
446 14.882262
447 14.751070
448 14.621625
449 14.494631
450 14.370798
451 14.250834
452 14.135456
453 14.025419
454 13.921644
455 13.825966
456 13.746380
457 13.691528
458 13.645947
459 13.604008
460 13.564834
461 13.528218
462 13.494094
463 13.462438
464 13.433233
465 13.406457
466 13.382084
467 13.360073
468 13.340377
469 13.322940
470 13.307696
471 13.294578
472 13.283510
473 13.274407
474 13.267168
475 13.261662
476 13.257718
477 13.255133
478 13.253699
479 13.253255
480 13.253255
481 13.253286
482 13.253392
483 13.253583
484 13.253878
485 13.254299
486 13.254877
487 13.255644
488 13.256639
489 13.257899
490 13.259465
491 13.261377
492 13.263671
493 13.266383
494 13.269543
495 13.273179
496 13.277311
497 13.281959
498 13.287135
499 13.292853
500 13.299118
501 13.305939
502 13.313321
503 13.321270
504 13.329790
505 13.338890
506 13.348577
507 13.358860
508 13.369754
509 13.381272
510 13.393434
511 13.406261
512 13.419782
513 13.434032
514 13.449055
515 13.464906
516 13.481659
517 13.499413
518 13.518305
519 13.538523
520 13.560324
521 13.584055
522 13.610140
523 13.639023
524 13.671045
525 13.706335
526 13.744787
527 13.786148
528 13.830125
529 13.876447
530 13.924882
531 13.975239
532 14.027358
533 14.081100
534 14.136340
535 14.192965
536 14.250867
537 14.309944
538 14.370098
539 14.431233
540 14.493255
541 14.556071
542 14.619592
543 14.683727
544 14.748389
545 14.813492
546 14.878949
547 14.944678
548 15.010593
549 15.076615
550 15.142660
551 15.208649
552 15.274501
553 15.340137
554 15.405479
555 15.470446
556 15.534961
557 15.598944
558 15.662315
559 15.724996

0 21.004864
1 21.000639
2 20.988143
3 20.967581
4 20.939295
5 20.903751
6 20.861523
7 20.813267
8 20.759698
9 20.701568
10 20.639657
11 20.574764
12 20.507717
13 20.439374
14 20.370621
15 20.302355
16 20.235453
17 20.170726
18 20.108870
19 20.050420
20 19.995712
21 19.944872
22 19.897819
23 19.854293
24 19.813884
25 19.776067
26 19.740218
27 19.705621
28 19.671468
29 19.636861
30 19.600834
31 19.562408
32 19.520670
33 19.474871
34 19.424528
35 19.369491
36 19.309989
37 19.246628
38 19.180367
39 19.112471
40 19.044449
41 18.977999
42 18.914940
43 18.857141
44 18.806404
45 18.764299
46 18.731894
47 18.709458
48 18.696243
49 18.690550
50 18.690169
51 18.693021
52 18.697728
53 18.703894
54 18.712066
55 18.723430
56 18.739371
57 18.761062
58 18.789169
59 18.823763
60 18.864369
61 18.910114
62 18.959880
63 19.012452
64 19.066625
65 19.121294
66 19.175497
67 19.228449
68 19.279547
69 19.328352
70 19.374555
71 19.417935
72 19.458307
73 19.495481
74 19.529238
75 19.559321
76 19.585452
77 19.607365
78 19.624846
79 19.637773
80 19.637773
81 19.626534
82 19.614150
83 19.600748
84 19.586472
85 19.571476
86 19.555925
87 19.539994
88 19.523866
89 19.507725
90 19.491763
91 19.476171
92 19.461137
93 19.446850
94 19.433493
95 19.421241
96 19.410263
97 19.400720
98 19.392759
99 19.386514
100 19.382107
101 19.379635
102 19.379180
103 19.380795
104 19.384508
105 19.390315
106 19.398181
107 19.408043
108 19.419803
109 19.433342
110 19.448516
111 19.465173
112 19.483150
113 19.502295
114 19.522464
115 19.543541
116 19.565436
117 19.588100
118 19.611522
119 19.635733
120 19.660805
121 19.686846
122 19.713994
123 19.742409
124 19.772255
125 19.803696
126 19.836877
127 19.871913
128 19.908878
129 19.947798
130 19.988644
131 20.031333
132 20.075731
133 20.121655
134 20.168882
135 20.217155
136 20.266197
137 20.315711
138 20.365396
139 20.414944
140 20.464055
141 20.512433
142 20.559793
143 20.605865
144 20.650389
145 20.693125
146 20.733845
147 20.772342
148 20.808423
149 20.841913
150 20.872654
151 20.900505
152 20.925343
153 20.947058
154 20.965560
155 20.980772
156 20.992634
157 21.001099
158 21.006136
159 21.007727
160 21.007727
161 21.005778
162 20.999650
163 20.989392
164 20.975090
165 20.956864
166 20.934864
167 20.909271
168 20.880293
169 20.848162
170 20.813133
171 20.775484
172 20.735514
173 20.693544
174 20.649922
175 20.605019
176 20.559232
177 20.512983
178 20.466718
179 20.420895
180 20.375973
181 20.332394
182 20.290558
183 20.250792
184 20.213320
185 20.178231
186 20.145456
187 20.114753
188 20.085707
189 20.057747
190 20.030176
191 20.002205
192 19.972999
193 19.941720
194 19.907564
195 19.869792
196 19.827756
197 19.780910
198 19.728818
199 19.671158
200 19.607715
201 19.538375
202 19.463115
203 19.381995
204 19.295149
205 19.202772
206 19.105118
207 19.002486
208 18.895221
209 18.783706
210 18.668356
211 18.549620
212 18.427970
213 18.303907
214 18.177949
215 18.050637
216 17.922525
217 17.794181
218 17.666182
219 17.539113
220 17.413560
221 17.290112
222 17.169353
223 17.051857
224 16.938193
225 16.828911
226 16.724548
227 16.625618
228 16.532613
229 16.445999
230 16.366213
231 16.293663
232 16.228721
233 16.171724
234 16.122971
235 16.082719
236 16.051185
237 16.028537
238 16.014899
239 16.010346
240 16.010346
241 16.026985
242 16.076286
243 16.156462
244 16.264747
245 16.397679
246 16.551390
247 16.721875
248 16.905202
249 17.097666
250 17.295869
251 17.496758
252 17.697608
253 17.895983
254 18.089659
255 18.276543
256 18.454591
257 18.621750
258 18.775943
259 18.915120
260 19.037364
261 19.141059
262 19.225099
263 19.289107
264 19.333647
265 19.360387
266 19.372186
267 19.373062
268 19.368005
269 19.362572
270 19.362220
271 19.371419
272 19.392787
273 19.426657
274 19.471291
275 19.523602
276 19.579983
277 19.636923
278 19.691365
279 19.740848
280 19.783538
281 19.818204
282 19.844171
283 19.861260
284 19.869737
285 19.870266
286 19.863860
287 19.851853
288 19.835856
289 19.817715
290 19.799438
291 19.783111
292 19.770786
293 19.764353
294 19.765421
295 19.775202
296 19.794442
297 19.823392
298 19.861822
299 19.909091
300 19.964237
301 20.026089
302 20.093367
303 20.164764
304 20.239004
305 20.314869
306 20.391208
307 20.466936
308 20.541018
309 20.612467
310 20.680329
311 20.743695
312 20.801710
313 20.853586
314 20.898629
315 20.936251
316 20.965982
317 20.987469
318 21.000475
319 21.004864
320 21.004864
321 20.995530
322 20.968010
323 20.923255
324 20.862819
325 20.788756
326 20.703475
327 20.609612
328 20.509955
329 20.407429
330 20.305078
331 20.205964
332 20.112957
333 20.028464
334 19.954186
335 19.890957
336 19.838691
337 19.796361
338 19.761945
339 19.732346
340 19.703454
341 19.670586
342 19.629277
343 19.576176
344 19.509635
345 19.429830
346 19.338558
347 19.239009
348 19.135765
349 19.035050
350 18.944823
351 18.873658
352 18.827196
353 18.803662
354 18.793741
355 18.785950
356 18.771821
357 18.747654
358 18.713917
359 18.673744
360 18.631225
361 18.589968
362 18.552308
363 18.519188
364 18.490484
365 18.465474
366 18.443254
367 18.423032
368 18.404305
369 18.386961
370 18.371368
371 18.358491
372 18.350069
373 18.348805
374 18.358464
375 18.383733
376 18.429743
377 18.501187
378 18.601047
379 18.729113
380 18.880881
381 19.047629
382 19.218051
383 19.380863
384 19.527291
385 19.652762
386 19.757716
387 19.847648
388 19.932115
389 20.022107
390 20.126012
391 20.246236
392 20.378854
393 20.516020
394 20.648817
395 20.769002
396 20.869658
397 20.945348
398 20.992153
399 21.007727
400 21.007727
401 21.005778
402 20.999650
403 20.989392
404 20.975090
405 20.956864
406 20.934864
407 20.909271
408 20.880293
409 20.848162
410 20.813133
411 20.775484
412 20.735514
413 20.693544
414 20.649922
415 20.605019
416 20.559232
417 20.512983
418 20.466718
419 20.420895
420 20.375973
421 20.332394
422 20.290558
423 20.250792
424 20.213320
425 20.178231
426 20.145456
427 20.114753
428 20.085707
429 20.057747
430 20.030176
431 20.002205
432 19.972999
433 19.941720
434 19.907564
435 19.869792
436 19.827756
437 19.780910
438 19.728818
439 19.671158
440 19.607715
441 19.538375
442 19.463115
443 19.381995
444 19.295149
445 19.202772
446 19.105118
447 19.002486
448 18.895221
449 18.783706
450 18.668356
451 18.549620
452 18.427970
453 18.303907
454 18.177949
455 18.050637
456 17.922525
457 17.794181
458 17.666182
459 17.539113
460 17.413560
461 17.290112
462 17.169353
463 17.051857
464 16.938193
465 16.828911
466 16.724548
467 16.625618
468 16.532613
469 16.445999
470 16.366213
471 16.293663
472 16.228721
473 16.171724
474 16.122971
475 16.082719
476 16.051185
477 16.028537
478 16.014899
479 16.010346
480 16.010346
481 16.011495
482 16.014946
483 16.020694
484 16.028730
485 16.039042
486 16.051614
487 16.066427
488 16.083458
489 16.102680
490 16.124067
491 16.147585
492 16.173201
493 16.200878
494 16.230577
495 16.262257
496 16.295873
497 16.331380
498 16.368732
499 16.407878
500 16.448768
501 16.491351
502 16.535572
503 16.581375
504 16.628705
505 16.677504
506 16.727712
507 16.779268
508 16.832111
509 16.886178
510 16.941404
511 16.997723
512 17.055069
513 17.113373
514 17.172567
515 17.232579
516 17.293339
517 17.354774
518 17.416810
519 17.479375
520 17.542394
521 17.605791
522 17.669491
523 17.733420
524 17.797501
525 17.861659
526 17.925820
527 17.989909
528 18.053852
529 18.117577
530 18.181012
531 18.244086
532 18.306730
533 18.368877
534 18.430460
535 18.491415
536 18.551681
537 18.611195
538 18.669901
539 18.727741
540 18.784661
541 18.840611
542 18.895539
543 18.949400
544 19.002148
545 19.053741
546 19.104139
547 19.153305
548 19.201206
549 19.247809
550 19.293085
551 19.337010
552 19.379559
553 19.420715
554 19.460462
555 19.498786
556 19.535682
557 19.571143
558 19.605172
559 19.637773

0 21.413076
1 21.408486
2 21.394818
3 21.372308
4 21.341332
5 21.302387
6 21.256067
7 21.203045
8 21.144065
9 21.079928
10 21.011490
11 20.939663
12 20.865403
13 20.789699
14 20.713556
15 20.637962
16 20.563855
17 20.492088
18 20.423394
19 20.358365
20 20.297433
21 20.240871
22 20.188789
23 20.141139
24 20.097711
25 20.058121
26 20.021802
27 19.988006
28 19.955823
29 19.924235
30 19.892185
31 19.858674
32 19.822849
33 19.784080
34 19.742016
35 19.696621
36 19.648186
37 19.597328
38 19.544980
39 19.492363
40 19.440947
41 19.392386
42 19.348419
43 19.310726
44 19.280749
45 19.259469
46 19.247207
47 19.243494
48 19.247119
49 19.256354
50 19.269340
51 19.284483
52 19.300763
53 19.317862
54 19.336117
55 19.356341
56 19.379554
57 19.406714
58 19.438506
59 19.475213
60 19.516689
61 19.562410
62 19.611571
63 19.663202
64 19.716276
65 19.769804
66 19.822899
67 19.874815
68 19.924956
69 19.972868
70 20.018211
71 20.060719
72 20.100163
73 20.136316
74 20.168927
75 20.197715
76 20.222376
77 20.242608
78 20.258137
79 20.268756
80 20.268756
81 20.259967
82 20.249909
83 20.238693
84 20.226440
85 20.213285
86 20.199370
87 20.184848
88 20.169877
89 20.154623
90 20.139253
91 20.123940
92 20.108857
93 20.094176
94 20.080071
95 20.066710
96 20.054259
97 20.042877
98 20.032716
99 20.023917
100 20.016607
101 20.010898
102 20.006882
103 20.004628
104 20.004177
105 20.005545
106 20.008714
107 20.013640
108 20.020250
109 20.028447
110 20.038114
111 20.049126
112 20.061352
113 20.074667
114 20.088962
115 20.104146
116 20.120160
117 20.136978
118 20.154608
119 20.173097
120 20.192527
121 20.213010
122 20.234683
123 20.257700
124 20.282221
125 20.308401
126 20.336383
127 20.366282
128 20.398178
129 20.432111
130 20.468071
131 20.505999
132 20.545787
133 20.587277
134 20.630267
135 20.674518
136 20.719760
137 20.765697
138 20.812021
139 20.858409
140 20.904541
141 20.950098
142 20.994770
143 21.038264
144 21.080301
145 21.120625
146 21.159000
147 21.195217
148 21.229087
149 21.260450
150 21.289163
151 21.315111
152 21.338195
153 21.358336
154 21.375471
155 21.389550
156 21.400537
157 21.408405
158 21.413135
159 21.414717
160 21.414717
161 21.412823
162 21.407157
163 21.397753
164 21.384665
165 21.367970
166 21.347772
167 21.324200
168 21.297415
169 21.267609
170 21.235009
171 21.199880
172 21.162524
173 21.123285
174 21.082543
175 21.040718
176 20.998262
177 20.955649
178 20.913371
179 20.871916
180 20.831755
181 20.793318
182 20.756970
183 20.722986
184 20.691530
185 20.662638
186 20.636203
187 20.611976
188 20.589573
189 20.568493
190 20.548139
191 20.527845
192 20.506912
193 20.484628
194 20.460297
195 20.433262
196 20.402919
197 20.368728
198 20.330221
199 20.287008
200 20.238777
201 20.185292
202 20.126394
203 20.061999
204 19.992092
205 19.916728
206 19.836024
207 19.750161
208 19.659375
209 19.563957
210 19.464247
211 19.360626
212 19.253514
213 19.143363
214 19.030649
215 18.915868
216 18.799530
217 18.682152
218 18.564258
219 18.446370
220 18.329013
221 18.212708
222 18.097978
223 17.985344
224 17.875333
225 17.768477
226 17.665319
227 17.566410
228 17.472317
229 17.383620
230 17.300906
231 17.224773
232 17.155814
233 17.094611
234 17.041718
235 16.997651
236 16.962862
237 16.937728
238 16.922531
239 16.917447
240 16.917447
241 16.935983
242 16.990438
243 17.077640
244 17.193121
245 17.331912
246 17.489146
247 17.660376
248 17.841666
249 18.029543
250 18.220895
251 18.412857
252 18.602726
253 18.787905
254 18.965884
255 19.134254
256 19.290750
257 19.433319
258 19.560187
259 19.669947
260 19.761629
261 19.834769
262 19.889467
263 19.926430
264 19.947016
265 19.953261
266 19.947899
267 19.934329
268 19.916516
269 19.898745
270 19.885202
271 19.879384
272 19.883495
273 19.898064
274 19.921985
275 19.952959
276 19.988113
277 20.024566
278 20.059784
279 20.091750
280 20.118983
281 20.140497
282 20.155721
283 20.164437
284 20.166733
285 20.162984
286 20.153851
287 20.140292
288 20.123570
289 20.105244
290 20.087124
291 20.071195
292 20.059486
293 20.053920
294 20.056157
295 20.067458
296 20.088612
297 20.119910
298 20.161183
299 20.211873
300 20.271116
301 20.337829
302 20.410780
303 20.488648
304 20.570063
305 20.653644
306 20.738024
307 20.821870
308 20.903907
309 20.982931
310 21.057823
311 21.127562
312 21.191231
313 21.248022
314 21.297240
315 21.338302
316 21.370732
317 21.394162
318 21.408330
319 21.413076
320 21.413076
321 21.402888
322 21.372717
323 21.323601
324 21.257156
325 21.175469
326 21.081028
327 20.976691
328 20.865653
329 20.751375
330 20.637436
331 20.527313
332 20.424128
333 20.330437
334 20.248098
335 20.178190
336 20.120905
337 20.075367
338 20.039453
339 20.009811
340 19.982254
341 19.952441
342 19.916623
343 19.872181
344 19.817909
345 19.754126
346 19.682740
347 19.607299
348 19.532966
349 19.466210
350 19.413892
351 19.381396
352 19.370144
353 19.376224
354 19.391849
355 19.408733
356 19.420824
357 19.425231
358 19.421798
359 19.412096
360 19.398295
361 19.382245
362 19.365012
363 19.346899
364 19.327806
365 19.307620
366 19.286468
367 19.264765
368 19.243168
369 19.222522
370 19.203910
371 19.188787
372 19.179146
373 19.177628
374 19.187487
375 19.212365
376 19.255824
377 19.320632
378 19.407862
379 19.516009
380 19.640520
381 19.774118
382 19.908009
383 20.033648
384 20.144542
385 20.237687
386 20.314406
387 20.380397
388 20.444670
389 20.517151
390 20.605334
391 20.711460
392 20.831863
393 20.958683
394 21.082515
395 21.194576
396 21.287862
397 21.357448
398 21.400268
399 21.414717
400 21.414717
401 21.412823
402 21.407157
403 21.397753
404 21.384665
405 21.367970
406 21.347772
407 21.324200
408 21.297415
409 21.267609
410 21.235009
411 21.199880
412 21.162524
413 21.123285
414 21.082543
415 21.040718
416 20.998262
417 20.955649
418 20.913371
419 20.871916
420 20.831755
421 20.793318
422 20.756970
423 20.722986
424 20.691530
425 20.662638
426 20.636203
427 20.611976
428 20.589573
429 20.568493
430 20.548139
431 20.527845
432 20.506912
433 20.484628
434 20.460297
435 20.433262
436 20.402919
437 20.368728
438 20.330221
439 20.287008
440 20.238777
441 20.185292
442 20.126394
443 20.061999
444 19.992092
445 19.916728
446 19.836024
447 19.750161
448 19.659375
449 19.563957
450 19.464247
451 19.360626
452 19.253514
453 19.143363
454 19.030649
455 18.915868
456 18.799530
457 18.682152
458 18.564258
459 18.446370
460 18.329013
461 18.212708
462 18.097978
463 17.985344
464 17.875333
465 17.768477
466 17.665319
467 17.566410
468 17.472317
469 17.383620
470 17.300906
471 17.224773
472 17.155814
473 17.094611
474 17.041718
475 16.997651
476 16.962862
477 16.937728
478 16.922531
479 16.917447
480 16.917447
481 16.918741
482 16.922623
483 16.929082
484 16.938097
485 16.949640
486 16.963676
487 16.980161
488 16.999046
489 17.020277
490 17.043792
491 17.069528
492 17.097415
493 17.127381
494 17.159351
495 17.193248
496 17.228994
497 17.266509
498 17.305713
499 17.346528
500 17.388874
501 17.432672
502 17.477846
503 17.524319
504 17.572017
505 17.620866
506 17.670796
507 17.721736
508 17.773618
509 17.826375
510 17.879943
511 17.934257
512 17.989255
513 18.044874
514 18.101054
515 18.157735
516 18.214857
517 18.272360
518 18.330186
519 18.388275
520 18.446568
521 18.505006
522 18.563529
523 18.622076
524 18.680588
525 18.739004
526 18.797261
527 18.855299
528 18.913056
529 18.970470
530 19.027477
531 19.084017
532 19.140027
533 19.195446
534 19.250212
535 19.304266
536 19.357549
537 19.410004
538 19.461573
539 19.512203
540 19.561841
541 19.610437
542 19.657944
543 19.704316
544 19.749512
545 19.793493
546 19.836224
547 19.877672
548 19.917809
549 19.956610
550 19.994055
551 20.030128
552 20.064816
553 20.098112
554 20.130011
555 20.160514
556 20.189628
557 20.217362
558 20.243732
559 20.268756

0 25.118133
1 25.119324
2 25.121824
3 25.125948
4 25.131739
5 25.139214
6 25.148394
7 25.159295
8 25.171917
9 25.186228
10 25.202141
11 25.219490
12 25.238022
13 25.257394
14 25.277197
15 25.296994
16 25.316359
17 25.334930
18 25.352438
19 25.368731
20 25.383776
21 25.397645
22 25.410482
23 25.422466
24 25.433768
25 25.444506
26 25.454711
27 25.464317
28 25.473155
29 25.480975
30 25.487482
31 25.492370
32 25.495340
33 25.496063
34 25.493988
35 25.487942
36 25.476281
37 25.459183
38 25.438878
39 25.417028
40 25.394292
41 25.370854
42 25.346795
43 25.322300
44 25.297785
45 25.273926
46 25.251618
47 25.231875
48 25.215714
49 25.204042
50 25.197569
51 25.196748
52 25.201737
53 25.212393
54 25.228298
55 25.248824
56 25.273231
57 25.300771
58 25.330775
59 25.362701
60 25.396126
61 25.430714
62 25.466163
63 25.502174
64 25.538424
65 25.574573
66 25.610274
67 25.645192
68 25.679014
69 25.711446
70 25.742206
71 25.771009
72 25.797536
73 25.821420
74 25.842221
75 25.859420
76 25.872433
77 25.880644
78 25.883470
79 25.880435
80 25.880435
81 25.885875
82 25.889815
83 25.892202
84 25.892999
85 25.892188
86 25.889765
87 25.885742
88 25.880144
89 25.873007
90 25.864374
91 25.854299
92 25.842840
93 25.830063
94 25.816042
95 25.800861
96 25.784615
97 25.767416
98 25.749388
99 25.730676
100 25.711446
101 25.691882
102 25.672189
103 25.652589
104 25.633320
105 25.614631
106 25.596778
107 25.580018
108 25.564600
109 25.550763
110 25.538726
111 25.528682
112 25.520794
113 25.515184
114 25.511937
115 25.511089
116 25.512629
117 25.516496
118 25.522579
119 25.530711
120 25.540671
121 25.552177
122 25.564884
123 25.578364
124 25.592098
125 25.605451
126 25.617652
127 25.627786
128 25.634835
129 25.637793
130 25.635872
131 25.628716
132 25.616496
133 25.599808
134 25.579455
135 25.556263
136 25.530967
137 25.504188
138 25.476434
139 25.448124
140 25.419607
141 25.391177
142 25.363089
143 25.335560
144 25.308780
145 25.282911
146 25.258089
147 25.234428
148 25.212024
149 25.190960
150 25.171312
151 25.153168
152 25.136629
153 25.121821
154 25.108895
155 25.098015
156 25.089346
157 25.083037
158 25.079203
159 25.077917
160 25.077917
161 25.079543
162 25.084424
163 25.092545
164 25.103879
165 25.118386
166 25.136017
167 25.156707
168 25.180380
169 25.206944
170 25.236294
171 25.268311
172 25.302860
173 25.339796
174 25.378962
175 25.420194
176 25.463320
177 25.508166
178 25.554557
179 25.602316
180 25.651264
181 25.701212
182 25.751934
183 25.803017
184 25.852440
185 25.867826
186 25.845357
187 25.822337
188 25.801807
189 25.784585
190 25.771201
191 25.762089
192 25.757614
193 25.758077
194 25.763711
195 25.774676
196 25.791054
197 25.812849
198 25.839986
199 25.872322
200 25.909646
201 25.951693
202 25.998150
203 26.048669
204 26.102876
205 26.160378
206 26.220773
207 26.283655
208 26.348621
209 26.415271
210 26.483216
211 26.552077
212 26.621485
213 26.691087
214 26.760540
215 26.829517
216 26.897702
217 26.964795
218 27.030510
219 27.094574
220 27.156726
221 27.216722
222 27.274325
223 27.329312
224 27.381464
225 27.430564
226 27.476392
227 27.518707
228 27.557237
229 27.591660
230 27.621604
231 27.646727
232 27.666925
233 27.682551
234 27.694336
235 27.703067
236 27.709358
237 27.713617
238 27.716086
239 27.716891
240 27.716891
241 27.713992
242 27.704801
243 27.688185
244 27.661309
245 27.619249
246 27.559443
247 27.483790
248 27.394676
249 27.293981
250 27.183460
251 27.064900
252 26.940110
253 26.810852
254 26.678795
255 26.545505
256 26.412492
257 26.281292
258 26.153563
259 26.031160
260 25.916158
261 25.810793
262 25.717314
263 25.637760
264 25.573692
265 25.525946
266 25.494450
267 25.478168
268 25.475176
269 25.482858
270 25.498129
271 25.517503
272 25.534730
273 25.514373
274 25.470553
275 25.432565
276 25.402850
277 25.381684
278 25.368752
279 25.363336
280 25.364410
281 25.370738
282 25.380993
283 25.393878
284 25.408222
285 25.423062
286 25.437669
287 25.451555
288 25.464436
289 25.476174
290 25.486720
291 25.496049
292 25.504110
293 25.510794
294 25.515918
295 25.519223
296 25.520395
297 25.519091
298 25.514982
299 25.507794
300 25.497347
301 25.483580
302 25.466569
303 25.446527
304 25.423791
305 25.398810
306 25.372110
307 25.344276
308 25.315916
309 25.287635
310 25.260010
311 25.233574
312 25.208778
313 25.185728
314 25.164279
315 25.146796
316 25.133842
317 25.125030
318 25.119886
319 25.118133
320 25.118133
321 25.121030
322 25.128567
323 25.140952
324 25.158018
325 25.179531
326 25.205151
327 25.234279
328 25.265895
329 25.298509
330 25.330319
331 25.359551
332 25.384857
333 25.405618
334 25.422044
335 25.435008
336 25.445685
337 25.455070
338 25.463587
339 25.470920
340 25.476175
341 25.478317
342 25.476751
343 25.471816
344 25.465004
345 25.458664
346 25.454946
347 25.452305
348 25.436992
349 25.404341
350 25.365030
351 25.325216
352 25.290389
353 25.266584
354 25.259809
355 25.275011
356 25.314999
357 25.379745
358 25.466365
359 25.569818
360 25.684000
361 25.802800
362 25.920838
363 26.033915
364 26.139303
365 26.235838
366 26.323659
367 26.403523
368 26.475920
369 26.540306
370 26.594700
371 26.635823
372 26.659802
373 26.663250
374 26.644282
375 26.602887
376 26.540463
377 26.459069
378 26.361190
379 26.250263
380 26.131380
381 26.011459
382 25.898638
383 25.801132
384 25.725964
385 25.677889
386 25.658653
387 25.666475
388 25.694945
389 25.727638
390 25.721781
391 25.648969
392 25.547375
393 25.441994
394 25.342555
395 25.254436
396 25.181154
397 25.125413
398 25.090082
399 25.077917
400 25.077917
401 25.079543
402 25.084424
403 25.092545
404 25.103879
405 25.118386
406 25.136017
407 25.156707
408 25.180380
409 25.206944
410 25.236294
411 25.268311
412 25.302860
413 25.339796
414 25.378962
415 25.420194
416 25.463320
417 25.508166
418 25.554557
419 25.602316
420 25.651264
421 25.701212
422 25.751934
423 25.803017
424 25.852440
425 25.867826
426 25.845357
427 25.822337
428 25.801807
429 25.784585
430 25.771201
431 25.762089
432 25.757614
433 25.758077
434 25.763711
435 25.774676
436 25.791054
437 25.812849
438 25.839986
439 25.872322
440 25.909646
441 25.951693
442 25.998150
443 26.048669
444 26.102876
445 26.160378
446 26.220773
447 26.283655
448 26.348621
449 26.415271
450 26.483216
451 26.552077
452 26.621485
453 26.691087
454 26.760540
455 26.829517
456 26.897702
457 26.964795
458 27.030510
459 27.094574
460 27.156726
461 27.216722
462 27.274325
463 27.329312
464 27.381464
465 27.430564
466 27.476392
467 27.518707
468 27.557237
469 27.591660
470 27.621604
471 27.646727
472 27.666925
473 27.682551
474 27.694336
475 27.703067
476 27.709358
477 27.713617
478 27.716086
479 27.716891
480 27.716891
481 27.716640
482 27.715768
483 27.714270
484 27.712136
485 27.709354
486 27.705908
487 27.701779
488 27.696946
489 27.691384
490 27.685065
491 27.677960
492 27.670035
493 27.661261
494 27.651604
495 27.641033
496 27.629523
497 27.617049
498 27.603594
499 27.589145
500 27.573698
501 27.557253
502 27.539818
503 27.521407
504 27.502036
505 27.481728
506 27.460508
507 27.438404
508 27.415446
509 27.391664
510 27.367090
511 27.341756
512 27.315692
513 27.288932
514 27.261505
515 27.233445
516 27.204779
517 27.175540
518 27.145756
519 27.115456
520 27.084670
521 27.053425
522 27.021749
523 26.989670
524 26.957216
525 26.924415
526 26.891295
527 26.857885
528 26.824214
529 26.790312
530 26.756209
531 26.721938
532 26.687532
533 26.653026
534 26.618458
535 26.583864
536 26.549287
537 26.514769
538 26.480354
539 26.446089
540 26.412026
541 26.378214
542 26.344708
543 26.311565
544 26.278841
545 26.246598
546 26.214896
547 26.183798
548 26.153367
549 26.123667
550 26.094763
551 26.066718
552 26.039595
553 26.013456
554 25.988361
555 25.964366
556 25.941527
557 25.919895
558 25.899516
559 25.880435

0 25.118780
1 25.120973
2 25.128666
3 25.141731
4 25.160335
5 25.184580
6 25.214361
7 25.249266
8 25.288544
9 25.331119
10 25.375674
11 25.420770
12 25.464987
13 25.507061
14 25.545985
15 25.581069
16 25.611939
17 25.638497
18 25.660835
19 25.679141
20 25.693607
21 25.704366
22 25.711467
23 25.714890
24 25.714596
25 25.710585
26 25.702947
27 25.691883
28 25.677711
29 25.660844
30 25.641774
31 25.621060
32 25.599337
33 25.577385
34 25.556317
35 25.537976
36 25.524735
37 25.517144
38 25.513622
39 25.513002
40 25.514930
41 25.519337
42 25.526142
43 25.535143
44 25.546015
45 25.558367
46 25.571850
47 25.586308
48 25.601917
49 25.619228
50 25.639057
51 25.662296
52 25.689755
53 25.722054
54 25.759517
55 25.802056
56 25.849076
57 25.899511
58 25.952045
59 26.005442
60 26.058731
61 26.111205
62 26.162360
63 26.211854
64 26.259497
65 26.305235
66 26.349115
67 26.391234
68 26.431671
69 26.470443
70 26.507458
71 26.542521
72 26.575348
73 26.605620
74 26.633042
75 26.657395
76 26.678584
77 26.696639
78 26.711672
79 26.720284
80 26.720284
81 26.719988
82 26.718096
83 26.715754
84 26.713069
85 26.710083
86 26.706810
87 26.703242
88 26.699354
89 26.695106
90 26.690451
91 26.685335
92 26.679700
93 26.673491
94 26.666655
95 26.659140
96 26.650903
97 26.641905
98 26.632108
99 26.621484
100 26.610004
101 26.597643
102 26.584380
103 26.570193
104 26.555067
105 26.538985
106 26.521937
107 26.503917
108 26.484926
109 26.464970
110 26.444067
111 26.422242
112 26.399533
113 26.375988
114 26.351670
115 26.326652
116 26.301022
117 26.274884
118 26.248356
119 26.221579
120 26.194716
121 26.167962
122 26.141557
123 26.115798
124 26.091059
125 26.067821
126 26.046690
127 26.028401
128 26.013761
129 26.003447
130 25.997296
131 25.988541
132 25.956101
133 25.914721
134 25.872038
135 25.829056
136 25.786083
137 25.743293
138 25.700830
139 25.658828
140 25.617428
141 25.576775
142 25.537026
143 25.498349
144 25.460922
145 25.424938
146 25.390595
147 25.358103
148 25.327670
149 25.299499
150 25.273778
151 25.250666
152 25.230279
153 25.212688
154 25.197913
155 25.185934
156 25.176705
157 25.170171
158 25.166282
159 25.165004
160 25.165004
161 25.166666
162 25.171687
163 25.180049
164 25.191723
165 25.206664
166 25.224816
167 25.246105
168 25.270446
169 25.297738
170 25.327869
171 25.360711
172 25.396126
173 25.433963
174 25.474063
175 25.516257
176 25.560370
177 25.606220
178 25.653620
179 25.702374
180 25.752263
181 25.802996
182 25.853936
183 25.900788
184 25.904303
185 25.915830
186 25.965622
187 26.018450
188 26.071902
189 26.125584
190 26.179327
191 26.233017
192 26.286564
193 26.339889
194 26.392917
195 26.445580
196 26.497809
197 26.549539
198 26.600703
199 26.651238
200 26.701081
201 26.750174
202 26.798461
203 26.845892
204 26.892420
205 26.938008
206 26.982621
207 27.026231
208 27.068814
209 27.110347
210 27.150812
211 27.190188
212 27.228452
213 27.265580
214 27.301544
215 27.336312
216 27.369850
217 27.402118
218 27.433079
219 27.462693
220 27.490924
221 27.517740
222 27.543117
223 27.567042
224 27.589516
225 27.610565
226 27.630243
227 27.648646
228 27.665930
229 27.682327
230 27.698144
231 27.713686
232 27.729050
233 27.743913
234 27.757608
235 27.769451
236 27.778957
237 27.785863
238 27.790057
239 27.791503
240 27.791503
241 27.786401
242 27.771296
243 27.746580
244 27.714215
245 27.678435
246 27.641503
247 27.601715
248 27.557410
249 27.507931
250 27.453161
251 27.393236
252 27.328393
253 27.258889
254 27.184934
255 27.106668
256 27.024163
257 26.937477
258 26.846735
259 26.752211
260 26.654400
261 26.554048
262 26.452127
263 26.349766
264 26.248168
265 26.148506
266 26.051855
267 25.959145
268 25.871168
269 25.788619
270 25.712205
271 25.642946
272 25.584853
273 25.571605
274 25.587948
275 25.604125
276 25.617805
277 25.629159
278 25.638954
279 25.648077
280 25.657294
281 25.667150
282 25.677969
283 25.689888
284 25.702904
285 25.716910
286 25.731707
287 25.746991
288 25.762328
289 25.777089
290 25.790399
291 25.801106
292 25.807890
293 25.809603
294 25.805717
295 25.796495
296 25.782689
297 25.765060
298 25.744110
299 25.720036
300 25.692812
301 25.662311
302 25.628424
303 25.591169
304 25.550775
305 25.507730
306 25.462792
307 25.416960
308 25.371403
309 25.327368
310 25.286063
311 25.248552
312 25.215690
313 25.188318
314 25.167161
315 25.150094
316 25.136524
317 25.126652
318 25.120708
319 25.118780
320 25.118780
321 25.123283
322 25.138275
323 25.164380
324 25.202330
325 25.251813
326 25.310941
327 25.376296
328 25.443531
329 25.508280
330 25.567019
331 25.617594
332 25.659262
333 25.692291
334 25.717350
335 25.734940
336 25.745118
337 25.747590
338 25.742089
339 25.728811
340 25.708655
341 25.683120
342 25.653998
343 25.623013
344 25.591535
345 25.560453
346 25.530554
347 25.505333
348 25.499312
349 25.517320
350 25.549352
351 25.591413
352 25.642028
353 25.700695
354 25.767444
355 25.842398
356 25.925441
357 26.016257
358 26.114509
359 26.219576
360 26.329969
361 26.443133
362 26.555848
363 26.664933
364 26.768064
365 26.864293
366 26.953672
367 27.036318
368 27.111803
369 27.179073
370 27.236686
371 27.283112
372 27.316573
373 27.318616
374 27.288923
375 27.246940
376 27.195257
377 27.135833
378 27.070431
379 27.000182
380 26.925135
381 26.844339
382 26.756489
383 26.660751
384 26.557318
385 26.447529
386 26.333647
387 26.218710
388 26.107502
389 26.012348
390 25.966287
391 25.855461
392 25.719351
393 25.589448
394 25.469637
395 25.364285
396 25.278141
397 25.215211
398 25.177464
399 25.165004
400 25.165004
401 25.166666
402 25.171687
403 25.180049
404 25.191723
405 25.206664
406 25.224816
407 25.246105
408 25.270446
409 25.297738
410 25.327869
411 25.360711
412 25.396126
413 25.433963
414 25.474063
415 25.516257
416 25.560370
417 25.606220
418 25.653620
419 25.702374
420 25.752263
421 25.802996
422 25.853936
423 25.900788
424 25.904303
425 25.915830
426 25.965622
427 26.018450
428 26.071902
429 26.125584
430 26.179327
431 26.233017
432 26.286564
433 26.339889
434 26.392917
435 26.445580
436 26.497809
437 26.549539
438 26.600703
439 26.651238
440 26.701081
441 26.750174
442 26.798461
443 26.845892
444 26.892420
445 26.938008
446 26.982621
447 27.026231
448 27.068814
449 27.110347
450 27.150812
451 27.190188
452 27.228452
453 27.265580
454 27.301544
455 27.336312
456 27.369850
457 27.402118
458 27.433079
459 27.462693
460 27.490924
461 27.517740
462 27.543117
463 27.567042
464 27.589516
465 27.610565
466 27.630243
467 27.648646
468 27.665930
469 27.682327
470 27.698144
471 27.713686
472 27.729050
473 27.743913
474 27.757608
475 27.769451
476 27.778957
477 27.785863
478 27.790057
479 27.791503
480 27.791503
481 27.791231
482 27.790653
483 27.789769
484 27.788579
485 27.787082
486 27.785276
487 27.783159
488 27.780729
489 27.777983
490 27.774918
491 27.771530
492 27.767817
493 27.763775
494 27.759402
495 27.754695
496 27.749651
497 27.744269
498 27.738548
499 27.732486
500 27.726083
501 27.719338
502 27.712251
503 27.704822
504 27.697052
505 27.688940
506 27.680485
507 27.671689
508 27.662550
509 27.653068
510 27.643242
511 27.633070
512 27.622552
513 27.611685
514 27.600468
515 27.588899
516 27.576977
517 27.564701
518 27.552067
519 27.539074
520 27.525722
521 27.512006
522 27.497925
523 27.483477
524 27.468659
525 27.453466
526 27.437897
527 27.421947
528 27.405612
529 27.388888
530 27.371772
531 27.354261
532 27.336350
533 27.318037
534 27.299321
535 27.280199
536 27.260672
537 27.240740
538 27.220407
539 27.199675
540 27.178549
541 27.157037
542 27.135147
543 27.112889
544 27.090274
545 27.067317
546 27.044032
547 27.020436
548 26.996546
549 26.972382
550 26.947964
551 26.923312
552 26.898449
553 26.873395
554 26.848174
555 26.822805
556 26.797312
557 26.771714
558 26.746032
559 26.720284

0 26.458766
1 26.457912
2 26.455333
3 26.451048
4 26.445089
5 26.437508
6 26.428373
7 26.417769
8 26.405788
9 26.392528
10 26.378072
11 26.362485
12 26.345805
13 26.328043
14 26.309202
15 26.289287
16 26.268336
17 26.246438
18 26.223744
19 26.200463
20 26.176848
21 26.153164
22 26.129649
23 26.106480
24 26.083737
25 26.061401
26 26.039370
27 26.017506
28 25.995684
29 25.973841
30 25.951986
31 25.930183
32 25.908511
33 25.887021
34 25.865710
35 25.844518
36 25.823366
37 25.802211
38 25.781122
39 25.760331
40 25.740272
41 25.721563
42 25.704954
43 25.691239
44 25.681170
45 25.675387
46 25.674375
47 25.678414
48 25.687543
49 25.701593
50 25.720336
51 25.743642
52 25.771564
53 25.804316
54 25.842213
55 25.885605
56 25.934812
57 25.989992
58 26.050910
59 26.116727
60 26.186011
61 26.256987
62 26.327842
63 26.396946
64 26.462959
65 26.524852
66 26.581862
67 26.633422
68 26.679074
69 26.718408
70 26.751017
71 26.776502
72 26.794508
73 26.804795
74 26.807318
75 26.802304
76 26.790296
77 26.772158
78 26.749036
79 26.725790
80 26.725790
81 26.742566
82 26.759730
83 26.776187
84 26.791854
85 26.806688
86 26.820643
87 26.833668
88 26.845706
89 26.856693
90 26.866560
91 26.875237
92 26.882649
93 26.888723
94 26.893388
95 26.896579
96 26.898234
97 26.898298
98 26.896726
99 26.893480
100 26.888532
101 26.881863
102 26.873460
103 26.863322
104 26.851453
105 26.837864
106 26.822573
107 26.805602
108 26.786975
109 26.766724
110 26.744881
111 26.721481
112 26.696561
113 26.670162
114 26.642325
115 26.613096
116 26.582523
117 26.550656
118 26.517550
119 26.483262
120 26.447854
121 26.411392
122 26.373944
123 26.335585
124 26.296392
125 26.256450
126 26.215851
127 26.174703
128 26.133157
129 26.091490
130 26.050619
131 26.017646
132 26.013483
133 26.022812
134 26.037237
135 26.054998
136 26.075141
137 26.096983
138 26.120006
139 26.143805
140 26.168058
141 26.192500
142 26.216906
143 26.241078
144 26.264836
145 26.288012
146 26.310446
147 26.331984
148 26.352476
149 26.371775
150 26.389740
151 26.406235
152 26.421133
153 26.434312
154 26.445665
155 26.455096
156 26.462523
157 26.467882
158 26.471125
159 26.472222
160 26.472222
161 26.470892
162 26.466958
163 26.460435
164 26.451355
165 26.439760
166 26.425703
167 26.409253
168 26.390491
169 26.369514
170 26.346433
171 26.321376
172 26.294488
173 26.265931
174 26.235886
175 26.204553
176 26.172154
177 26.138932
178 26.105160
179 26.071142
180 26.037240
181 26.003932
182 25.972122
183 25.946595
184 25.968743
185 26.019754
186 26.073387
187 26.127788
188 26.182568
189 26.237547
190 26.292601
191 26.347624
192 26.402521
193 26.457198
194 26.511563
195 26.565526
196 26.619000
197 26.671899
198 26.724143
199 26.775657
200 26.826374
201 26.876233
202 26.925183
203 26.973179
204 27.020185
205 27.066174
206 27.111123
207 27.155016
208 27.197840
209 27.239586
210 27.280245
211 27.319805
212 27.358254
213 27.395576
214 27.431748
215 27.466741
216 27.500521
217 27.533048
218 27.564274
219 27.594152
220 27.622631
221 27.649662
222 27.675202
223 27.699214
224 27.721672
225 27.742563
226 27.761886
227 27.779656
228 27.795902
229 27.810665
230 27.823995
231 27.835945
232 27.846560
233 27.855873
234 27.863892
235 27.870592
236 27.875915
237 27.879786
238 27.882124
239 27.882871
240 27.882871
241 27.879962
242 27.871381
243 27.857258
244 27.837652
245 27.812482
246 27.781597
247 27.744885
248 27.702385
249 27.654315
250 27.601064
251 27.543132
252 27.481054
253 27.415350
254 27.346485
255 27.274875
256 27.200898
257 27.124925
258 27.047341
259 26.968566
260 26.889061
261 26.809338
262 26.729965
263 26.651567
264 26.574828
265 26.500476
266 26.429270
267 26.361988
268 26.299409
269 26.242304
270 26.191429
271 26.147504
272 26.111182
273 26.082973
274 26.063118
275 26.051454
276 26.047314
277 26.049554
278 26.056693
279 26.067102
280 26.079145
281 26.091273
282 26.102090
283 26.110419
284 26.115382
285 26.116470
286 26.113602
287 26.107141
288 26.097891
289 26.087052
290 26.076182
291 26.067101
292 26.061689
293 26.061482
294 26.067171
295 26.078421
296 26.094194
297 26.113248
298 26.134466
299 26.156958
300 26.180060
301 26.203285
302 26.226290
303 26.248834
304 26.270755
305 26.291941
306 26.312309
307 26.331785
308 26.350291
309 26.367734
310 26.384002
311 26.398973
312 26.412516
313 26.424503
314 26.434819
315 26.443371
316 26.450084
317 26.454906
318 26.457806
319 26.458766
320 26.458766
321 26.456919
322 26.451368
323 26.442200
324 26.429584
325 26.413769
326 26.395061
327 26.373760
328 26.350086
329 26.324156
330 26.296024
331 26.265803
332 26.233811
333 26.200659
334 26.167236
335 26.134608
336 26.103836
337 26.075758
338 26.050772
339 26.028667
340 26.008618
341 25.989360
342 25.969456
343 25.947617
344 25.923068
345 25.895952
346 25.867609
347 25.840582
348 25.818195
349 25.803760
350 25.799786
351 25.807669
352 25.827952
353 25.860804
354 25.906415
355 25.965147
356 26.037293
357 26.122382
358 26.218513
359 26.322490
360 26.430750
361 26.540349
362 26.649508
363 26.757518
364 26.863861
365 26.967038
366 27.064160
367 27.151476
368 27.225132
369 27.281859
370 27.319582
371 27.337851
372 27.338345
373 27.341046
374 27.348759
375 27.344835
376 27.329512
377 27.303600
378 27.267658
379 27.221711
380 27.165192
381 27.097106
382 27.016386
383 26.922342
384 26.815055
385 26.695586
386 26.565936
387 26.428763
388 26.286988
389 26.143560
390 26.005553
391 26.012479
392 26.085193
393 26.167744
394 26.249024
395 26.323014
396 26.385364
397 26.432622
398 26.462142
399 26.472222
400 26.472222
401 26.470892
402 26.466958
403 26.460435
404 26.451355
405 26.439760
406 26.425703
407 26.409253
408 26.390491
409 26.369514
410 26.346433
411 26.321376
412 26.294488
413 26.265931
414 26.235886
415 26.204553
416 26.172154
417 26.138932
418 26.105160
419 26.071142
420 26.037240
421 26.003932
422 25.972122
423 25.946595
424 25.968743
425 26.019754
426 26.073387
427 26.127788
428 26.182568
429 26.237547
430 26.292601
431 26.347624
432 26.402521
433 26.457198
434 26.511563
435 26.565526
436 26.619000
437 26.671899
438 26.724143
439 26.775657
440 26.826374
441 26.876233
442 26.925183
443 26.973179
444 27.020185
445 27.066174
446 27.111123
447 27.155016
448 27.197840
449 27.239586
450 27.280245
451 27.319805
452 27.358254
453 27.395576
454 27.431748
455 27.466741
456 27.500521
457 27.533048
458 27.564274
459 27.594152
460 27.622631
461 27.649662
462 27.675202
463 27.699214
464 27.721672
465 27.742563
466 27.761886
467 27.779656
468 27.795902
469 27.810665
470 27.823995
471 27.835945
472 27.846560
473 27.855873
474 27.863892
475 27.870592
476 27.875915
477 27.879786
478 27.882124
479 27.882871
480 27.882871
481 27.882558
482 27.881546
483 27.879841
484 27.877454
485 27.874399
486 27.870695
487 27.866366
488 27.861438
489 27.855942
490 27.849912
491 27.843387
492 27.836407
493 27.829012
494 27.821245
495 27.813146
496 27.804755
497 27.796105
498 27.787228
499 27.778149
500 27.768886
501 27.759454
502 27.749859
503 27.740106
504 27.730193
505 27.720115
506 27.709866
507 27.699437
508 27.688818
509 27.677998
510 27.666968
511 27.655715
512 27.644229
513 27.632499
514 27.620514
515 27.608264
516 27.595738
517 27.582924
518 27.569813
519 27.556394
520 27.542655
521 27.528586
522 27.514176
523 27.499416
524 27.484296
525 27.468805
526 27.452937
527 27.436683
528 27.420035
529 27.402989
530 27.385538
531 27.367678
532 27.349407
533 27.330723
534 27.311626
535 27.292115
536 27.272194
537 27.251865
538 27.231135
539 27.210009
540 27.188495
541 27.166602
542 27.144342
543 27.121727
544 27.098771
545 27.075488
546 27.051895
547 27.028008
548 27.003848
549 26.979432
550 26.954781
551 26.929915
552 26.904856
553 26.879625
554 26.854244
555 26.828732
556 26.803112
557 26.777402
558 26.751622
559 26.725790

0 27.713990
1 27.715109
2 27.717306
3 27.720905
4 27.726187
5 27.733347
6 27.742508
7 27.753679
8 27.766739
9 27.781441
10 27.797434
11 27.814310
12 27.831663
13 27.849147
14 27.866534
15 27.883742
16 27.900855
17 27.918084
18 27.935722
19 27.954053
20 27.973271
21 27.993416
22 28.014333
23 28.035691
24 28.057023
25 28.077802
26 28.097520
27 28.115750
28 28.132194
29 28.146696
30 28.159239
31 28.169908
32 28.178821
33 28.185989
34 28.190999
35 28.192280
36 28.186620
37 28.172753
38 28.153734
39 28.132311
40 28.109697
41 28.086377
42 28.062585
43 28.038520
44 28.014468
45 27.990857
46 27.968277
47 27.947459
48 27.929206
49 27.914323
50 27.903527
51 27.897387
52 27.896280
53 27.900374
54 27.909640
55 27.923877
56 27.942743
57 27.965793
58 27.992510
59 28.022334
60 28.054691
61 28.089017
62 28.124783
63 28.161511
64 28.198780
65 28.236229
66 28.273547
67 28.310461
68 28.346714
69 28.382046
70 28.416170
71 28.448753
72 28.479402
73 28.507653
74 28.532962
75 28.554707
76 28.572193
77 28.584666
78 28.591355
79 28.591535
80 28.591535
81 28.594105
82 28.594954
83 28.594076
84 28.591484
85 28.587212
86 28.581315
87 28.573866
88 28.564951
89 28.554675
90 28.543149
91 28.530498
92 28.516853
93 28.502354
94 28.487143
95 28.471371
96 28.455190
97 28.438758
98 28.422232
99 28.405774
100 28.389544
101 28.373701
102 28.358403
103 28.343804
104 28.330050
105 28.317282
106 28.305629
107 28.295208
108 28.286122
109 28.278455
110 28.272270
111 28.267608
112 28.264480
113 28.262870
114 28.262725
115 28.263953
116 28.266416
117 28.269928
118 28.274240
119 28.279038
120 28.283931
121 28.288445
122 28.292031
123 28.294080
124 28.293968
125 28.291130
126 28.285148
127 28.275818
128 28.263175
129 28.247461
130 28.229051
131 28.208379
132 28.185879
133 28.161953
134 28.136958
135 28.111199
136 28.084941
137 28.058405
138 28.031787
139 28.005251
140 27.978945
141 27.952998
142 27.927529
143 27.902647
144 27.878455
145 27.855056
146 27.832550
147 27.811041
148 27.790638
149 27.771453
150 27.753604
151 27.737211
152 27.722395
153 27.709274
154 27.697959
155 27.688553
156 27.681141
157 27.675796
158 27.672569
159 27.671492
160 27.671492
161 27.672863
162 27.676973
163 27.683801
164 27.693313
165 27.705463
166 27.720191
167 27.737432
168 27.757108
169 27.779135
170 27.803423
171 27.829874
172 27.858389
173 27.888863
174 27.921189
175 27.955257
176 27.990958
177 28.028182
178 28.066819
179 28.106763
180 28.147905
181 28.190139
182 28.233361
183 28.277460
184 28.322323
185 28.367818
186 28.413777
187 28.459917
188 28.505508
189 28.546894
190 28.563432
191 28.557228
192 28.549647
193 28.544511
194 28.542694
195 28.544549
196 28.550252
197 28.559887
198 28.573471
199 28.590972
200 28.612312
201 28.637383
202 28.666042
203 28.698127
204 28.733456
205 28.771830
206 28.813040
207 28.856864
208 28.903072
209 28.951424
210 29.001673
211 29.053560
212 29.106822
213 29.161184
214 29.216363
215 29.272070
216 29.328011
217 29.383885
218 29.439390
219 29.494221
220 29.548074
221 29.600646
222 29.651636
223 29.700740
224 29.747651
225 29.792053
226 29.833605
227 29.871927
228 29.906596
229 29.937161
230 29.963256
231 29.984805
232 30.002148
233 30.015905
234 30.026708
235 30.035052
236 30.041270
237 30.045575
238 30.048095
239 30.048897
240 30.048897
241 30.045729
242 30.036242
243 30.019784
244 29.994752
245 29.958018
246 29.906584
247 29.841012
248 29.763839
249 29.677143
250 29.582446
251 29.481050
252 29.374244
253 29.263412
254 29.150098
255 29.036021
256 28.923066
257 28.813227
258 28.708525
259 28.610887
260 28.522019
261 28.443285
262 28.375604
263 28.319399
264 28.274580
265 28.240571
266 28.216366
267 28.200601
268 28.191620
269 28.187517
270 28.186046
271 28.183909
272 28.173765
273 28.147214
274 28.113850
275 28.083041
276 28.057307
277 28.037080
278 28.022166
279 28.012141
280 28.006496
281 28.004704
282 28.006243
283 28.010590
284 28.017202
285 28.025500
286 28.034860
287 28.044613
288 28.054077
289 28.062591
290 28.069566
291 28.074538
292 28.077198
293 28.077418
294 28.075239
295 28.070840
296 28.064477
297 28.056425
298 28.046906
299 28.036054
300 28.023893
301 28.010351
302 27.995299
303 27.978610
304 27.960221
305 27.940177
306 27.918671
307 27.896042
308 27.872759
309 27.849380
310 27.826504
311 27.804721
312 27.784566
313 27.766490
314 27.750842
315 27.737861
316 27.727684
317 27.720356
318 27.715783
319 27.713990
320 27.713990
321 27.716444
322 27.722454
323 27.732808
324 27.747900
325 27.767653
326 27.791378
327 27.817837
328 27.845497
329 27.872943
330 27.899278
331 27.924380
332 27.948843
333 27.973580
334 27.999262
335 28.025856
336 28.052503
337 28.077779
338 28.100181
339 28.118586
340 28.132526
341 28.142231
342 28.148480
343 28.152318
344 28.154580
345 28.154956
346 28.149663
347 28.131748
348 28.102992
349 28.069470
350 28.034784
351 28.002135
352 27.975177
353 27.957629
354 27.952658
355 27.962513
356 27.988473
357 28.030976
358 28.089709
359 28.163521
360 28.250225
361 28.346521
362 28.448256
363 28.551047
364 28.651002
365 28.745221
366 28.831873
367 28.909929
368 28.978713
369 29.037477
370 29.085096
371 29.119957
372 29.140028
373 29.143121
374 29.127339
375 29.091699
376 29.036813
377 28.965276
378 28.881473
379 28.790909
380 28.699474
381 28.612893
382 28.536376
383 28.474323
384 28.429923
385 28.404510
386 28.396329
387 28.397645
388 28.388907
389 28.344463
390 28.266188
391 28.173242
392 28.077479
393 27.984871
394 27.899146
395 27.823243
396 27.759902
397 27.711876
398 27.681763
399 27.671492
400 27.671492
401 27.672863
402 27.676973
403 27.683801
404 27.693313
405 27.705463
406 27.720191
407 27.737432
408 27.757108
409 27.779135
410 27.803423
411 27.829874
412 27.858389
413 27.888863
414 27.921189
415 27.955257
416 27.990958
417 28.028182
418 28.066819
419 28.106763
420 28.147905
421 28.190139
422 28.233361
423 28.277460
424 28.322323
425 28.367818
426 28.413777
427 28.459917
428 28.505508
429 28.546894
430 28.563432
431 28.557228
432 28.549647
433 28.544511
434 28.542694
435 28.544549
436 28.550252
437 28.559887
438 28.573471
439 28.590972
440 28.612312
441 28.637383
442 28.666042
443 28.698127
444 28.733456
445 28.771830
446 28.813040
447 28.856864
448 28.903072
449 28.951424
450 29.001673
451 29.053560
452 29.106822
453 29.161184
454 29.216363
455 29.272070
456 29.328011
457 29.383885
458 29.439390
459 29.494221
460 29.548074
461 29.600646
462 29.651636
463 29.700740
464 29.747651
465 29.792053
466 29.833605
467 29.871927
468 29.906596
469 29.937161
470 29.963256
471 29.984805
472 30.002148
473 30.015905
474 30.026708
475 30.035052
476 30.041270
477 30.045575
478 30.048095
479 30.048897
480 30.048897
481 30.048575
482 30.047612
483 30.046005
484 30.043754
485 30.040856
486 30.037307
487 30.033102
488 30.028236
489 30.022702
490 30.016491
491 30.009593
492 30.001999
493 29.993695
494 29.984669
495 29.974908
496 29.964400
497 29.953131
498 29.941092
499 29.928274
500 29.914670
501 29.900277
502 29.885095
503 29.869128
504 29.852383
505 29.834871
506 29.816606
507 29.797604
508 29.777886
509 29.757473
510 29.736388
511 29.714657
512 29.692306
513 29.669363
514 29.645856
515 29.621814
516 29.597266
517 29.572243
518 29.546776
519 29.520897
520 29.494637
521 29.468031
522 29.441110
523 29.413911
524 29.386468
525 29.358818
526 29.330997
527 29.303045
528 29.275000
529 29.246903
530 29.218794
531 29.190716
532 29.162712
533 29.134826
534 29.107102
535 29.079585
536 29.052320
537 29.025354
538 28.998733
539 28.972502
540 28.946706
541 28.921392
542 28.896604
543 28.872385
544 28.848778
545 28.825825
546 28.803565
547 28.782035
548 28.761274
549 28.741314
550 28.722187
551 28.703923
552 28.686549
553 28.670089
554 28.654565
555 28.639996
556 28.626397
557 28.613781
558 28.602158
559 28.591535

0 27.715784
1 27.718834
2 27.728978
3 27.745488
4 27.767456
5 27.793903
6 27.823831
7 27.856325
8 27.890623
9 27.926153
10 27.962525
11 27.999492
12 28.036880
13 28.074496
14 28.112051
15 28.149099
16 28.185031
17 28.219118
18 28.250599
19 28.278793
20 28.303189
21 28.323500
22 28.339653
23 28.351739
24 28.359934
25 28.364416
26 28.365327
27 28.362766
28 28.356827
29 28.347657
30 28.335513
31 28.320797
32 28.304081
33 28.286166
34 28.268303
35 28.252832
36 28.243592
37 28.242277
38 28.246044
39 28.252150
40 28.259230
41 28.266575
42 28.273753
43 28.280501
44 28.286706
45 28.292419
46 28.297890
47 28.303608
48 28.310303
49 28.318855
50 28.330133
51 28.344846
52 28.363461
53 28.386182
54 28.412950
55 28.443451
56 28.477133
57 28.513245
58 28.550922
59 28.589316
60 28.627730
61 28.665674
62 28.702859
63 28.739124
64 28.774381
65 28.808568
66 28.841623
67 28.873468
68 28.904007
69 28.933128
70 28.960701
71 28.986598
72 29.010688
73 29.032853
74 29.052986
75 29.070993
76 29.086789
77 29.100284
78 29.111316
79 29.115194
80 29.115194
81 29.116411
82 29.116541
83 29.116505
84 29.116396
85 29.116229
86 29.115990
87 29.115647
88 29.115154
89 29.114457
90 29.113492
91 29.112191
92 29.110484
93 29.108298
94 29.105561
95 29.102205
96 29.098162
97 29.093371
98 29.087775
99 29.081324
100 29.073976
101 29.065696
102 29.056456
103 29.046240
104 29.035037
105 29.022849
106 29.009685
107 28.995563
108 28.980512
109 28.964572
110 28.947790
111 28.930227
112 28.911956
113 28.893066
114 28.873659
115 28.853861
116 28.833820
117 28.813709
118 28.793734
119 28.774127
120 28.755129
121 28.736936
122 28.719524
123 28.702182
124 28.682674
125 28.658061
126 28.628425
127 28.595794
128 28.561526
129 28.526291
130 28.490443
131 28.454203
132 28.417734
133 28.381168
134 28.344625
135 28.308219
136 28.272059
137 28.236257
138 28.200927
139 28.166187
140 28.132157
141 28.098964
142 28.066736
143 28.035604
144 28.005698
145 27.977148
146 27.950080
147 27.924611
148 27.900850
149 27.878893
150 27.858826
151 27.840720
152 27.824632
153 27.810609
154 27.798690
155 27.788903
156 27.781269
157 27.775805
158 27.772522
159 27.771427
160 27.771427
161 27.772837
162 27.777057
163 27.784066
164 27.793828
165 27.806296
166 27.821407
167 27.839090
168 27.859261
169 27.881828
170 27.906692
171 27.933748
172 27.962888
173 27.994003
174 28.026980
175 28.061712
176 28.098087
177 28.135999
178 28.175341
179 28.216007
180 28.257891
181 28.300883
182 28.344873
183 28.389736
184 28.435327
185 28.481432
186 28.527610
187 28.572145
188 28.601028
189 28.599173
190 28.616594
191 28.658661
192 28.705114
193 28.752493
194 28.800100
195 28.847664
196 28.895032
197 28.942089
198 28.988745
199 29.034920
200 29.080548
201 29.125567
202 29.169925
203 29.213578
204 29.256487
205 29.298617
206 29.339939
207 29.380428
208 29.420059
209 29.458811
210 29.496661
211 29.533585
212 29.569558
213 29.604554
214 29.638544
215 29.671497
216 29.703382
217 29.734168
218 29.763826
219 29.792328
220 29.819653
221 29.845786
222 29.870723
223 29.894475
224 29.917072
225 29.938578
226 29.959095
227 29.978789
228 29.997893
229 30.016689
230 30.035398
231 30.053980
232 30.072006
233 30.088801
234 30.103711
235 30.116260
236 30.126163
237 30.133280
238 30.137557
239 30.138984
240 30.138984
241 30.133784
242 30.118275
243 30.092982
244 30.059539
245 30.021385
246 29.982080
247 29.941798
248 29.898859
249 29.852136
250 29.801161
251 29.745813
252 29.686139
253 29.622292
254 29.554509
255 29.483114
256 29.408526
257 29.331253
258 29.251872
259 29.170991
260 29.089209
261 29.007080
262 28.925097
263 28.843695
264 28.763275
265 28.684248
266 28.607085
267 28.532363
268 28.460818
269 28.393396
270 28.331443
271 28.277504
272 28.238396
273 28.222284
274 28.219599
275 28.221160
276 28.224668
277 28.229817
278 28.236775
279 28.245775
280 28.256989
281 28.270495
282 28.286269
283 28.304194
284 28.324058
285 28.345553
286 28.368267
287 28.391673
288 28.415100
289 28.437696
290 28.458365
291 28.475703
292 28.488010
293 28.493521
294 28.490923
295 28.479856
296 28.460929
297 28.435243
298 28.403939
299 28.368021
300 28.328382
301 28.285887
302 28.241434
303 28.195948
304 28.150331
305 28.105382
306 28.061718
307 28.019745
308 27.979664
309 27.941536
310 27.905369
311 27.871207
312 27.839202
313 27.809656
314 27.783030
315 27.759917
316 27.740987
317 27.726925
318 27.718407
319 27.715784
320 27.715784
321 27.722489
322 27.743307
323 27.775743
324 27.816963
325 27.864287
326 27.915686
327 27.969966
328 28.026569
329 28.085059
330 28.144507
331 28.203125
332 28.258427
333 28.307838
334 28.349358
335 28.381810
336 28.404574
337 28.417141
338 28.419008
339 28.410142
340 28.391584
341 28.365467
342 28.334449
343 28.301111
344 28.267775
345 28.237068
346 28.214105
347 28.206379
348 28.212366
349 28.226747
350 28.247874
351 28.275888
352 28.311336
353 28.354561
354 28.405452
355 28.463482
356 28.528015
357 28.598618
358 28.675033
359 28.756862
360 28.843296
361 28.933000
362 29.024099
363 29.114309
364 29.201394
365 29.283765
366 29.360668
367 29.431782
368 29.496681
369 29.554531
370 29.604048
371 29.643651
372 29.671431
373 29.673817
374 29.650048
375 29.615510
376 29.573196
377 29.524991
378 29.471726
379 29.413339
380 29.349234
381 29.278666
382 29.201088
383 29.116470
384 29.025598
385 28.930453
386 28.835008
387 28.747408
388 28.681139
389 28.590143
390 28.468124
391 28.346401
392 28.229348
393 28.119757
394 28.020462
395 27.934455
396 27.864612
397 27.813267
398 27.781945
399 27.771427
400 27.771427
401 27.772837
402 27.777057
403 27.784066
404 27.793828
405 27.806296
406 27.821407
407 27.839090
408 27.859261
409 27.881828
410 27.906692
411 27.933748
412 27.962888
413 27.994003
414 28.026980
415 28.061712
416 28.098087
417 28.135999
418 28.175341
419 28.216007
420 28.257891
421 28.300883
422 28.344873
423 28.389736
424 28.435327
425 28.481432
426 28.527610
427 28.572145
428 28.601028
429 28.599173
430 28.616594
431 28.658661
432 28.705114
433 28.752493
434 28.800100
435 28.847664
436 28.895032
437 28.942089
438 28.988745
439 29.034920
440 29.080548
441 29.125567
442 29.169925
443 29.213578
444 29.256487
445 29.298617
446 29.339939
447 29.380428
448 29.420059
449 29.458811
450 29.496661
451 29.533585
452 29.569558
453 29.604554
454 29.638544
455 29.671497
456 29.703382
457 29.734168
458 29.763826
459 29.792328
460 29.819653
461 29.845786
462 29.870723
463 29.894475
464 29.917072
465 29.938578
466 29.959095
467 29.978789
468 29.997893
469 30.016689
470 30.035398
471 30.053980
472 30.072006
473 30.088801
474 30.103711
475 30.116260
476 30.126163
477 30.133280
478 30.137557
479 30.138984
480 30.138984
481 30.138775
482 30.138144
483 30.137096
484 30.135633
485 30.133762
486 30.131490
487 30.128826
488 30.125779
489 30.122362
490 30.118585
491 30.114461
492 30.110002
493 30.105222
494 30.100132
495 30.094745
496 30.089073
497 30.083125
498 30.076912
499 30.070442
500 30.063722
501 30.056756
502 30.049550
503 30.042104
504 30.034420
505 30.026494
506 30.018325
507 30.009907
508 30.001234
509 29.992297
510 29.983087
511 29.973594
512 29.963806
513 29.953711
514 29.943297
515 29.932551
516 29.921459
517 29.910010
518 29.898191
519 29.885991
520 29.873399
521 29.860406
522 29.847003
523 29.833185
524 29.818946
525 29.804282
526 29.789193
527 29.773678
528 29.757739
529 29.741380
530 29.724606
531 29.707426
532 29.689847
533 29.671881
534 29.653539
535 29.634833
536 29.615778
537 29.596389
538 29.576681
539 29.556670
540 29.536372
541 29.515804
542 29.494981
543 29.473922
544 29.452639
545 29.431150
546 29.409469
547 29.387609
548 29.365583
549 29.343404
550 29.321083
551 29.298630
552 29.276054
553 29.253364
554 29.230567
555 29.207671
556 29.184680
557 29.161600
558 29.138437
559 29.115194

0 29.197979
1 29.197311
2 29.195290
3 29.191859
4 29.186940
5 29.180444
6 29.172289
7 29.162417
8 29.150809
9 29.137491
10 29.122537
11 29.106061
12 29.088208
13 29.069132
14 29.048980
15 29.027882
16 29.005940
17 28.983234
18 28.959838
19 28.935828
20 28.911310
21 28.886425
22 28.861364
23 28.836363
24 28.811697
25 28.787652
26 28.764488
27 28.742397
28 28.721457
29 28.701590
30 28.682570
31 28.664047
32 28.645620
33 28.626920
34 28.607678
35 28.587766
36 28.567209
37 28.546161
38 28.524878
39 28.503687
40 28.482973
41 28.463169
42 28.444773
43 28.428350
44 28.414527
45 28.403962
46 28.397264
47 28.394889
48 28.397066
49 28.403799
50 28.414961
51 28.430386
52 28.449912
53 28.473389
54 28.500673
55 28.531635
56 28.566172
57 28.604195
58 28.645590
59 28.690128
60 28.737366
61 28.786621
62 28.837002
63 28.887494
64 28.937031
65 28.984559
66 29.029075
67 29.069669
68 29.105546
69 29.136046
70 29.160657
71 29.179021
72 29.190939
73 29.196381
74 29.195499
75 29.188652
76 29.176436
77 29.159702
78 29.139614
79 29.122038
80 29.122038
81 29.135824
82 29.149815
83 29.163053
84 29.175395
85 29.186761
86 29.197091
87 29.206334
88 29.214444
89 29.221389
90 29.227139
91 29.231675
92 29.234985
93 29.237064
94 29.237910
95 29.237531
96 29.235933
97 29.233127
98 29.229126
99 29.223939
100 29.217578
101 29.210050
102 29.201360
103 29.191508
104 29.180494
105 29.168311
106 29.154952
107 29.140406
108 29.124664
109 29.107714
110 29.089547
111 29.070157
112 29.049544
113 29.027711
114 29.004673
115 28.980452
116 28.955086
117 28.928626
118 28.901147
119 28.872761
120 28.843638
121 28.814079
122 28.784675
123 28.756765
124 28.733230
125 28.717592
126 28.710214
127 28.709297
128 28.713475
129 28.721873
130 28.733797
131 28.748630
132 28.765819
133 28.784874
134 28.805369
135 28.826938
136 28.849265
137 28.872076
138 28.895132
139 28.918221
140 28.941155
141 28.963765
142 28.985897
143 29.007411
144 29.028180
145 29.048087
146 29.067027
147 29.084903
148 29.101631
149 29.117132
150 29.131339
151 29.144192
152 29.155642
153 29.165645
154 29.174164
155 29.181172
156 29.186646
157 29.190568
158 29.192927
159 29.193715
160 29.193715
161 29.192607
162 29.189294
163 29.183799
164 29.176155
165 29.166408
166 29.154618
167 29.140852
168 29.125187
169 29.107710
170 29.088511
171 29.067690
172 29.045351
173 29.021607
174 28.996578
175 28.970396
176 28.943202
177 28.915157
178 28.886436
179 28.857238
180 28.827786
181 28.798332
182 28.769158
183 28.740585
184 28.712987
185 28.686840
186 28.662897
187 28.643311
188 28.642967
189 28.680752
190 28.727419
191 28.775590
192 28.824236
193 28.873026
194 28.921784
195 28.970383
196 29.018718
197 29.066700
198 29.114247
199 29.161286
200 29.207752
201 29.253588
202 29.298740
203 29.343165
204 29.386822
205 29.429676
206 29.471696
207 29.512854
208 29.553124
209 29.592479
210 29.630897
211 29.668353
212 29.704819
213 29.740270
214 29.774676
215 29.808007
216 29.840230
217 29.871310
218 29.901213
219 29.929904
220 29.957348
221 29.983514
222 30.008372
223 30.031897
224 30.054070
225 30.074877
226 30.094312
227 30.112374
228 30.129069
229 30.144410
230 30.158409
231 30.171079
232 30.182429
233 30.192452
234 30.201123
235 30.208394
236 30.214194
237 30.218439
238 30.221047
239 30.221959
240 30.221959
241 30.218959
242 30.209896
243 30.195110
244 30.174927
245 30.149535
246 30.119010
247 30.083399
248 30.042778
249 29.997295
250 29.947181
251 29.892760
252 29.834438
253 29.772696
254 29.708056
255 29.641058
256 29.572231
257 29.502080
258 29.431099
259 29.359785
260 29.288673
261 29.218360
262 29.149525
263 29.082926
264 29.019399
265 28.959836
266 28.905156
267 28.856274
268 28.814055
269 28.779258
270 28.752467
271 28.733991
272 28.723767
273 28.721289
274 28.725613
275 28.735446
276 28.749290
277 28.765590
278 28.782858
279 28.799752
280 28.815135
281 28.828112
282 28.838049
283 28.844571
284 28.847548
285 28.847065
286 28.843398
287 28.836992
288 28.828463
289 28.818624
290 28.808536
291 28.799572
292 28.793392
293 28.791715
294 28.795787
295 28.805868
296 28.821222
297 28.840596
298 28.862716
299 28.886519
300 28.911194
301 28.936149
302 28.960963
303 28.985344
304 29.009084
305 29.032027
306 29.054030
307 29.074949
308 29.094622
309 29.112879
310 29.129551
311 29.144488
312 29.157580
313 29.168764
314 29.178033
315 29.185427
316 29.191025
317 29.194926
318 29.197222
319 29.197979
320 29.197979
321 29.196539
322 29.192115
323 29.184437
324 29.173196
325 29.158177
326 29.139368
327 29.116994
328 29.091468
329 29.063280
330 29.032878
331 29.000625
332 28.966851
333 28.931983
334 28.896670
335 28.861862
336 28.828796
337 28.798854
338 28.773175
339 28.752020
340 28.734303
341 28.717833
342 28.700173
343 28.679471
344 28.654858
345 28.626492
346 28.595452
347 28.563647
348 28.533694
349 28.508647
350 28.491488
351 28.484613
352 28.489621
353 28.507401
354 28.538330
355 28.582298
356 28.638539
357 28.705449
358 28.780761
359 28.862032
360 28.947096
361 29.034288
362 29.122439
363 29.210622
364 29.297644
365 29.381571
366 29.459786
367 29.529557
368 29.588535
369 29.634891
370 29.667282
371 29.684904
372 29.688024
373 29.689907
374 29.692703
375 29.683900
376 29.664049
377 29.634416
378 29.596173
379 29.549993
380 29.495876
381 29.433203
382 29.361017
383 29.278454
384 29.185165
385 29.081638
386 28.969348
387 28.850962
388 28.734532
389 28.692468
390 28.728800
391 28.792119
392 28.865447
393 28.940037
394 29.010408
395 29.072697
396 29.124022
397 29.162222
398 29.185761
399 29.193715
400 29.193715
401 29.192607
402 29.189294
403 29.183799
404 29.176155
405 29.166408
406 29.154618
407 29.140852
408 29.125187
409 29.107710
410 29.088511
411 29.067690
412 29.045351
413 29.021607
414 28.996578
415 28.970396
416 28.943202
417 28.915157
418 28.886436
419 28.857238
420 28.827786
421 28.798332
422 28.769158
423 28.740585
424 28.712987
425 28.686840
426 28.662897
427 28.643311
428 28.642967
429 28.680752
430 28.727419
431 28.775590
432 28.824236
433 28.873026
434 28.921784
435 28.970383
436 29.018718
437 29.066700
438 29.114247
439 29.161286
440 29.207752
441 29.253588
442 29.298740
443 29.343165
444 29.386822
445 29.429676
446 29.471696
447 29.512854
448 29.553124
449 29.592479
450 29.630897
451 29.668353
452 29.704819
453 29.740270
454 29.774676
455 29.808007
456 29.840230
457 29.871310
458 29.901213
459 29.929904
460 29.957348
461 29.983514
462 30.008372
463 30.031897
464 30.054070
465 30.074877
466 30.094312
467 30.112374
468 30.129069
469 30.144410
470 30.158409
471 30.171079
472 30.182429
473 30.192452
474 30.201123
475 30.208394
476 30.214194
477 30.218439
478 30.221047
479 30.221959
480 30.221959
481 30.221631
482 30.220647
483 30.219012
484 30.216733
485 30.213823
486 30.210296
487 30.206169
488 30.201462
489 30.196200
490 30.190409
491 30.184118
492 30.177359
493 30.170164
494 30.162570
495 30.154610
496 30.146321
497 30.137737
498 30.128891
499 30.119814
500 30.110531
501 30.101068
502 30.091443
503 30.081669
504 30.071758
505 30.061713
506 30.051535
507 30.041222
508 30.030765
509 30.020156
510 30.009381
511 29.998425
512 29.987274
513 29.975909
514 29.964312
515 29.952465
516 29.940350
517 29.927949
518 29.915246
519 29.902223
520 29.888867
521 29.875163
522 29.861100
523 29.846668
524 29.831858
525 29.816664
526 29.801081
527 29.785107
528 29.768742
529 29.751988
530 29.734847
531 29.717326
532 29.699431
533 29.681171
534 29.662556
535 29.643599
536 29.624311
537 29.604706
538 29.584799
539 29.564604
540 29.544138
541 29.523415
542 29.502451
543 29.481262
544 29.459863
545 29.438268
546 29.416493
547 29.394549
548 29.372451
549 29.350210
550 29.327838
551 29.305344
552 29.282739
553 29.260032
554 29.237229
555 29.214340
556 29.191369
557 29.168325
558 29.145212
559 29.122038

